<?xml version="1.0" encoding="UTF-8"?><NamingSystem xmlns="http://hl7.org/fhir"><id value="org-est-br"/><text><status value="generated"/><div xmlns="http://www.w3.org/1999/xhtml"><h3>Summary</h3><table class="grid"><tr><td>Defining URL</td><td>https://fhir.ee/NamingSystem/org-est-br</td></tr><tr><td>Version</td><td>0.9.0</td></tr><tr><td>Name</td><td>EstonianBusinessRegistryNumber</td></tr><tr><td>Title</td><td>Estonian Business Registry Number</td></tr><tr><td>Status</td><td>draft</td></tr><tr><td>Definition</td><td><div><p>The identification code of organization in the Estonian Business Register.</p>
</div></td></tr><tr><td>Publisher</td><td>HL7 Estonia</td></tr></table><h3>Identifiers</h3><table class="grid"><tr><td><b>Type</b></td><td><b>Value</b></td><td><b>Preferred</b></td></tr><tr><td>URI</td><td>https://fhir.ee/sid/org/est/xx</td><td>true</td></tr></table></div></text><url value="https://fhir.ee/NamingSystem/org-est-br"/><version value="0.9.0"/><name value="EstonianBusinessRegistryNumber"/><title value="Estonian Business Registry Number"/><status value="draft"/><kind value="identifier"/><date value="2022-11-14T18:39:08.4689312+00:00"/><publisher value="HL7 Estonia"/><contact><name value="HL7 Estonia"/><telecom><system value="url"/><value value="https://www.hl7.ee"/></telecom></contact><type><coding><system value="http://terminology.hl7.org/CodeSystem/v2-0203"/><code value="XX"/></coding></type><description value="The identification code of organization in the Estonian Business Register."/><jurisdiction><coding><system value="urn:iso:std:iso:3166"/><code value="EE"/><display value="Estonia"/></coding></jurisdiction><usage value="Used in resources defining the identifier for a facility or business."/><uniqueId><type value="uri"/><value value="https://fhir.ee/sid/org/est/xx"/><preferred value="true"/></uniqueId></NamingSystem>