<?xml version="1.0" encoding="UTF-8"?><ValueSet xmlns="http://hl7.org/fhir"><id value="ee-clinical-specialty"/><text><status value="generated"/><div xmlns="http://www.w3.org/1999/xhtml"><ul><li>Include codes from <a href="http://www.snomed.org/"><code>http://snomed.info/sct</code></a> where concept  descends from  394658006 (Clinical specialties)</li></ul></div></text><url value="https://fhir.ee/ValueSet/ee-clinical-specialty"/><version value="0.9.0"/><name value="EEBaseClinicalSpecialty"/><title value="Clinical specialty"/><status value="active"/><experimental value="true"/><date value="2023-05-12T10:59:05+00:00"/><publisher value="HL7 Estonia"/><contact><name value="HL7 Estonia"/><telecom><system value="url"/><value value="https://www.hl7.ee"/></telecom></contact><description value="Clinical specialty (aka 'tegevusvaldkond' in Estonian)"/><jurisdiction><coding><system value="urn:iso:std:iso:3166"/><code value="EE"/><display value="Estonia"/></coding></jurisdiction><copyright value="This value set includes content from SNOMED CT, which is copyright © 2002+ International Health Terminology Standards Development Organisation (IHTSDO), and distributed by agreement between IHTSDO and HL7. Implementer use of SNOMED CT is not covered by this agreement"/><compose><include><system value="http://snomed.info/sct"/><filter><property value="concept"/><op value="descendent-of"/><value value="394658006"/></filter></include></compose></ValueSet>