<?xml version="1.0" encoding="UTF-8"?><ValueSet xmlns="http://hl7.org/fhir"><id value="ee-act-priority"/><text><status value="generated"/><div xmlns="http://www.w3.org/1999/xhtml"><ul><li>Import all the codes that are contained in <a href="http://terminology.hl7.org/5.0.0/ValueSet-v3-ActPriority.html">ActPriority</a></li></ul></div></text><url value="https://fhir.ee/ValueSet/ee-act-priority"/><version value="0.9.0"/><name value="EEBaseActPriority"/><title value="Act Priority"/><status value="active"/><experimental value="false"/><date value="2023-05-12T10:59:05+00:00"/><publisher value="HL7 Estonia"/><contact><name value="HL7 Estonia"/><telecom><system value="url"/><value value="https://www.hl7.ee"/></telecom></contact><description value="Act Priority"/><jurisdiction><coding><system value="urn:iso:std:iso:3166"/><code value="EE"/><display value="Estonia"/></coding></jurisdiction><compose><include><valueSet value="http://terminology.hl7.org/ValueSet/v3-ActPriority"/></include></compose></ValueSet>