{
  "resourceType" : "CodeSystem",
  "id" : "ee-identity-system",
  "text" : {
    "status" : "generated",
    "div" : "<div xmlns=\"http://www.w3.org/1999/xhtml\"><p><b>Properties</b></p><p><b>This code system  defines the following properties for its concepts</b></p><table class=\"grid\"><tr><td><b>Code</b></td><td><b>URI</b></td><td><b>Type</b></td><td><b>Description</b></td></tr><tr><td>idtype</td><td>http://hl7.org/fhir/concept-properties#idtype</td><td>code</td><td>Identifier type of concept according to http://terminology.hl7.org/CodeSystem/v2-0203</td></tr><tr><td>country</td><td>http://hl7.org/fhir/concept-properties#country</td><td>code</td><td>ISO 3166 аlpha3 country code</td></tr><tr><td>naming-system</td><td/><td>string</td><td>The uri to the related naming system</td></tr><tr><td>status</td><td>http://hl7.org/fhir/concept-properties#status</td><td>code</td><td>Status of the concept according to http://terminology.hl7.org/CodeSystem/v3-ConceptStatus</td></tr></table><p><b>Concepts</b></p><p>This code system <code>https://fhir.ee/CodeSystem/ee-identity-system</code> provides a fragment that includes following codes:</p><table class=\"codes\"><tr><td><b>Lvl</b></td><td style=\"white-space:nowrap\"><b>Code</b></td><td><b>Display</b></td><td><b>Definition</b></td><td><b>idtype</b></td><td><b>country</b></td><td><b>naming-system</b></td><td><b>Status</b></td></tr><tr><td>1</td><td style=\"white-space:nowrap\">https://fhir.ee/sid/org<a name=\"ee-identity-system-https.58.47.47fhir.46ee.47sid.47org\"> </a></td><td>Root of identifiers for organization identification</td><td>Identifikaatorid asutustele</td><td/><td/><td/><td>R</td></tr><tr><td>2</td><td style=\"white-space:nowrap\">\u00a0\u00a0https://fhir.ee/sid/org/est/br<a name=\"ee-identity-system-https.58.47.47fhir.46ee.47sid.47org.47est.47br\"> </a></td><td>Estonian Business Register Code</td><td>Äriregistri number</td><td>XX</td><td>EST</td><td><a href=\"https://fhir.ee/NamingSystem/org-est-br\">https://fhir.ee/NamingSystem/org-est-br</a></td><td>A</td></tr><tr><td>2</td><td style=\"white-space:nowrap\">\u00a0\u00a0https://fhir.ee/sid/org/est/fi<a name=\"ee-identity-system-https.58.47.47fhir.46ee.47sid.47org.47est.47fi\"> </a></td><td>License number provided by The National Institute for Health Development</td><td>Terviseameti litsentsi number</td><td>FI</td><td>EST</td><td><a href=\"https://fhir.ee/NamingSystem/org-est-fi\">https://fhir.ee/NamingSystem/org-est-fi</a></td><td>A</td></tr><tr><td>2</td><td style=\"white-space:nowrap\">\u00a0\u00a0https://fhir.ee/sid/org/vatin<a name=\"ee-identity-system-https.58.47.47fhir.46ee.47sid.47org.47vatin\"> </a></td><td>VAT identification number</td><td>KMKR</td><td>TAX</td><td/><td><a href=\"https://fhir.ee/NamingSystem/org-vatin\">https://fhir.ee/NamingSystem/org-vatin</a></td><td>A</td></tr><tr><td>1</td><td style=\"white-space:nowrap\">https://fhir.ee/sid/pid<a name=\"ee-identity-system-https.58.47.47fhir.46ee.47sid.47pid\"> </a></td><td>Root of identifiers for person identification</td><td>Identifikaatorid isikutele</td><td/><td/><td/><td>R</td></tr><tr><td>2</td><td style=\"white-space:nowrap\">\u00a0\u00a0https://fhir.ee/sid/pid/est<a name=\"ee-identity-system-https.58.47.47fhir.46ee.47sid.47pid.47est\"> </a></td><td>Root of Estonian identifiers for person identification</td><td>Eesti identifikaatorid isikutele</td><td/><td>EST</td><td/><td>R</td></tr><tr><td>3</td><td style=\"white-space:nowrap\">\u00a0\u00a0\u00a0\u00a0https://fhir.ee/sid/pid/est/ni<a name=\"ee-identity-system-https.58.47.47fhir.46ee.47sid.47pid.47est.47ni\"> </a></td><td>Estonian personal national identification code</td><td>Eesti isikukood</td><td>NI</td><td>EST</td><td><a href=\"https://fhir.ee/NamingSystem/pid-est-ni\">https://fhir.ee/NamingSystem/pid-est-ni</a></td><td>A</td></tr><tr><td>3</td><td style=\"white-space:nowrap\">\u00a0\u00a0\u00a0\u00a0https://fhir.ee/sid/pid/est/ppn<a name=\"ee-identity-system-https.58.47.47fhir.46ee.47sid.47pid.47est.47ppn\"> </a></td><td>Estonian passport number</td><td>Eesti passinumber</td><td>PPN</td><td>EST</td><td><a href=\"http://terminology.hl7.org/NamingSystem/passportNumNS-EST\">http://terminology.hl7.org/NamingSystem/passportNumNS-EST</a></td><td>A</td></tr><tr><td>3</td><td style=\"white-space:nowrap\">\u00a0\u00a0\u00a0\u00a0https://fhir.ee/sid/pid/est/mr<a name=\"ee-identity-system-https.58.47.47fhir.46ee.47sid.47pid.47est.47mr\"> </a></td><td>MPI issued medical record number</td><td>Patsiendiregistri poolt genereeritud identifikaator</td><td>MR</td><td>EST</td><td/><td>A</td></tr><tr><td>3</td><td style=\"white-space:nowrap\">\u00a0\u00a0\u00a0\u00a0https://fhir.ee/sid/pid/est/npi<a name=\"ee-identity-system-https.58.47.47fhir.46ee.47sid.47pid.47est.47npi\"> </a></td><td>Stillborn code provided by The National Institute for Health Development</td><td>Surnultsündinu kood genereeritud TAI poolt</td><td>NPI</td><td>EST</td><td/><td>A</td></tr><tr><td>3</td><td style=\"white-space:nowrap\">\u00a0\u00a0\u00a0\u00a0https://fhir.ee/sid/pid/est/prn<a name=\"ee-identity-system-https.58.47.47fhir.46ee.47sid.47pid.47est.47prn\"> </a></td><td>Namespace for identifier issued by healthcare providers</td><td>Nimeruum TTO poolt genereeritud identifikaatoritele</td><td>PRN</td><td>EST</td><td/><td>R</td></tr><tr><td>4</td><td style=\"white-space:nowrap\">\u00a0\u00a0\u00a0\u00a0\u00a0\u00a0https://fhir.ee/sid/pid/fin/ppn/90006399<a name=\"ee-identity-system-https.58.47.47fhir.46ee.47sid.47pid.47fin.47ppn.4790006399\"> </a></td><td>North Estonian Medical Center</td><td>Põhja-Eesti Regionaalhaigla</td><td>PRN</td><td>EST</td><td/><td>A</td></tr><tr><td>2</td><td style=\"white-space:nowrap\">\u00a0\u00a0https://fhir.ee/sid/pid/deu<a name=\"ee-identity-system-https.58.47.47fhir.46ee.47sid.47pid.47deu\"> </a></td><td>Root of German identifiers for person identification</td><td>Saksamaa identifikaatorid isikutele</td><td/><td>DEU</td><td/><td>R</td></tr><tr><td>3</td><td style=\"white-space:nowrap\">\u00a0\u00a0\u00a0\u00a0https://fhir.ee/sid/pid/deu/ppn<a name=\"ee-identity-system-https.58.47.47fhir.46ee.47sid.47pid.47deu.47ppn\"> </a></td><td>German passport number</td><td>Saksamaa passinumber</td><td>PPN</td><td>DEU</td><td><a href=\"http://terminology.hl7.org/NamingSystem/passportNumNS-DEU\">http://terminology.hl7.org/NamingSystem/passportNumNS-DEU</a></td><td>A</td></tr><tr><td>2</td><td style=\"white-space:nowrap\">\u00a0\u00a0https://fhir.ee/sid/pid/usa<a name=\"ee-identity-system-https.58.47.47fhir.46ee.47sid.47pid.47usa\"> </a></td><td>Root of USA identifiers for person identification</td><td>USA identifikaatorid isikutele</td><td/><td>USA</td><td/><td>R</td></tr><tr><td>3</td><td style=\"white-space:nowrap\">\u00a0\u00a0\u00a0\u00a0https://fhir.ee/sid/pid/usa/ppn<a name=\"ee-identity-system-https.58.47.47fhir.46ee.47sid.47pid.47usa.47ppn\"> </a></td><td>USA passport number</td><td>USA passinumber</td><td>PPN</td><td>USA</td><td><a href=\"http://terminology.hl7.org/NamingSystem/passportNumNS-USA\">http://terminology.hl7.org/NamingSystem/passportNumNS-USA</a></td><td>A</td></tr><tr><td>2</td><td style=\"white-space:nowrap\">\u00a0\u00a0https://fhir.ee/sid/pid/fin<a name=\"ee-identity-system-https.58.47.47fhir.46ee.47sid.47pid.47fin\"> </a></td><td>Root of Finnish identifiers for person identification</td><td>Soome identifikaatorid isikutele</td><td/><td>FIN</td><td/><td>R</td></tr><tr><td>3</td><td style=\"white-space:nowrap\">\u00a0\u00a0\u00a0\u00a0https://fhir.ee/sid/pid/fin/ni<a name=\"ee-identity-system-https.58.47.47fhir.46ee.47sid.47pid.47fin.47ni\"> </a></td><td>Finnish personal national identification code</td><td>Soome isikukood</td><td>NI</td><td>FIN</td><td/><td>A</td></tr><tr><td>3</td><td style=\"white-space:nowrap\">\u00a0\u00a0\u00a0\u00a0https://fhir.ee/sid/pid/fin/ppn<a name=\"ee-identity-system-https.58.47.47fhir.46ee.47sid.47pid.47fin.47ppn\"> </a></td><td>Finnish passport number</td><td>Soome passinumber</td><td>PPN</td><td>FIN</td><td><a href=\"http://terminology.hl7.org/NamingSystem/passportNumNS-FIN\">http://terminology.hl7.org/NamingSystem/passportNumNS-FIN</a></td><td>A</td></tr><tr><td>1</td><td style=\"white-space:nowrap\">https://fhir.ee/sid/pro<a name=\"ee-identity-system-https.58.47.47fhir.46ee.47sid.47pro\"> </a></td><td>Root of identifiers for healthcare professionals</td><td>Identifikaatorid tervishoiutöötajatele</td><td/><td/><td/><td>R</td></tr><tr><td>2</td><td style=\"white-space:nowrap\">\u00a0\u00a0https://fhir.ee/sid/pro/est<a name=\"ee-identity-system-https.58.47.47fhir.46ee.47sid.47pro.47est\"> </a></td><td>Root of Estonian identifiers for healthcare professionals</td><td>Eesti identifikaatorid tervishoiutöötajatele</td><td/><td>EST</td><td/><td>R</td></tr><tr><td>3</td><td style=\"white-space:nowrap\">\u00a0\u00a0\u00a0\u00a0https://fhir.ee/sid/pro/est/pho<a name=\"ee-identity-system-https.58.47.47fhir.46ee.47sid.47pro.47est.47pho\"> </a></td><td>Healthcare professional official ID provided by The National Institute for Health Development</td><td>Tervishoiutöötaja TAM kood</td><td>PHO</td><td>EST</td><td><a href=\"https://fhir.ee/NamingSystem/pro-est-pho\">https://fhir.ee/NamingSystem/pro-est-pho</a></td><td>A</td></tr></table></div>"
  },
  "url" : "https://fhir.ee/CodeSystem/ee-identity-system",
  "version" : "0.9.0",
  "name" : "EEBaseIdentitySystem",
  "title" : "Identity System",
  "status" : "active",
  "experimental" : true,
  "date" : "2023-05-12T10:59:05+00:00",
  "publisher" : "HL7 Estonia",
  "contact" : [{
    "name" : "HL7 Estonia",
    "telecom" : [{
      "system" : "url",
      "value" : "https://www.hl7.ee"
    }]
  }],
  "description" : "Description of the identity system concepts acceptable for entity identification",
  "jurisdiction" : [{
    "coding" : [{
      "system" : "urn:iso:std:iso:3166",
      "code" : "EE",
      "display" : "Estonia"
    }]
  }],
  "caseSensitive" : false,
  "hierarchyMeaning" : "is-a",
  "content" : "fragment",
  "property" : [{
    "code" : "idtype",
    "uri" : "http://hl7.org/fhir/concept-properties#idtype",
    "description" : "Identifier type of concept according to http://terminology.hl7.org/CodeSystem/v2-0203",
    "type" : "code"
  },
  {
    "code" : "country",
    "uri" : "http://hl7.org/fhir/concept-properties#country",
    "description" : "ISO 3166 аlpha3 country code",
    "type" : "code"
  },
  {
    "code" : "naming-system",
    "description" : "The uri to the related naming system",
    "type" : "string"
  },
  {
    "code" : "status",
    "uri" : "http://hl7.org/fhir/concept-properties#status",
    "description" : "Status of the concept according to http://terminology.hl7.org/CodeSystem/v3-ConceptStatus",
    "type" : "code"
  }],
  "concept" : [{
    "code" : "https://fhir.ee/sid/org",
    "display" : "Root of identifiers for organization identification",
    "definition" : "Identifikaatorid asutustele",
    "property" : [{
      "code" : "status",
      "valueCode" : "R"
    }],
    "concept" : [{
      "code" : "https://fhir.ee/sid/org/est/br",
      "display" : "Estonian Business Register Code",
      "definition" : "Äriregistri number",
      "property" : [{
        "code" : "idtype",
        "valueCode" : "XX"
      },
      {
        "code" : "country",
        "valueCode" : "EST"
      },
      {
        "code" : "naming-system",
        "valueString" : "https://fhir.ee/NamingSystem/org-est-br"
      },
      {
        "code" : "status",
        "valueCode" : "A"
      }]
    },
    {
      "code" : "https://fhir.ee/sid/org/est/fi",
      "display" : "License number provided by The National Institute for Health Development",
      "definition" : "Terviseameti litsentsi number",
      "property" : [{
        "code" : "idtype",
        "valueCode" : "FI"
      },
      {
        "code" : "country",
        "valueCode" : "EST"
      },
      {
        "code" : "naming-system",
        "valueString" : "https://fhir.ee/NamingSystem/org-est-fi"
      },
      {
        "code" : "status",
        "valueCode" : "A"
      }]
    },
    {
      "code" : "https://fhir.ee/sid/org/vatin",
      "display" : "VAT identification number",
      "definition" : "KMKR",
      "property" : [{
        "code" : "idtype",
        "valueCode" : "TAX"
      },
      {
        "code" : "naming-system",
        "valueString" : "https://fhir.ee/NamingSystem/org-vatin"
      },
      {
        "code" : "status",
        "valueCode" : "A"
      }]
    }]
  },
  {
    "code" : "https://fhir.ee/sid/pid",
    "display" : "Root of identifiers for person identification",
    "definition" : "Identifikaatorid isikutele",
    "property" : [{
      "code" : "status",
      "valueCode" : "R"
    }],
    "concept" : [{
      "code" : "https://fhir.ee/sid/pid/est",
      "display" : "Root of Estonian identifiers for person identification",
      "definition" : "Eesti identifikaatorid isikutele",
      "property" : [{
        "code" : "status",
        "valueCode" : "R"
      },
      {
        "code" : "country",
        "valueCode" : "EST"
      }],
      "concept" : [{
        "code" : "https://fhir.ee/sid/pid/est/ni",
        "display" : "Estonian personal national identification code",
        "definition" : "Eesti isikukood",
        "property" : [{
          "code" : "idtype",
          "valueCode" : "NI"
        },
        {
          "code" : "country",
          "valueCode" : "EST"
        },
        {
          "code" : "naming-system",
          "valueString" : "https://fhir.ee/NamingSystem/pid-est-ni"
        },
        {
          "code" : "status",
          "valueCode" : "A"
        }]
      },
      {
        "code" : "https://fhir.ee/sid/pid/est/ppn",
        "display" : "Estonian passport number",
        "definition" : "Eesti passinumber",
        "property" : [{
          "code" : "idtype",
          "valueCode" : "PPN"
        },
        {
          "code" : "country",
          "valueCode" : "EST"
        },
        {
          "code" : "naming-system",
          "valueString" : "http://terminology.hl7.org/NamingSystem/passportNumNS-EST"
        },
        {
          "code" : "status",
          "valueCode" : "A"
        }]
      },
      {
        "code" : "https://fhir.ee/sid/pid/est/mr",
        "display" : "MPI issued medical record number",
        "definition" : "Patsiendiregistri poolt genereeritud identifikaator",
        "property" : [{
          "code" : "idtype",
          "valueCode" : "MR"
        },
        {
          "code" : "country",
          "valueCode" : "EST"
        },
        {
          "code" : "status",
          "valueCode" : "A"
        }]
      },
      {
        "code" : "https://fhir.ee/sid/pid/est/npi",
        "display" : "Stillborn code provided by The National Institute for Health Development",
        "definition" : "Surnultsündinu kood genereeritud TAI poolt",
        "property" : [{
          "code" : "idtype",
          "valueCode" : "NPI"
        },
        {
          "code" : "country",
          "valueCode" : "EST"
        },
        {
          "code" : "status",
          "valueCode" : "A"
        }]
      },
      {
        "code" : "https://fhir.ee/sid/pid/est/prn",
        "display" : "Namespace for identifier issued by healthcare providers",
        "definition" : "Nimeruum TTO poolt genereeritud identifikaatoritele",
        "property" : [{
          "code" : "idtype",
          "valueCode" : "PRN"
        },
        {
          "code" : "country",
          "valueCode" : "EST"
        },
        {
          "code" : "status",
          "valueCode" : "R"
        }],
        "concept" : [{
          "code" : "https://fhir.ee/sid/pid/fin/ppn/90006399",
          "display" : "North Estonian Medical Center",
          "definition" : "Põhja-Eesti Regionaalhaigla",
          "property" : [{
            "code" : "idtype",
            "valueCode" : "PRN"
          },
          {
            "code" : "country",
            "valueCode" : "EST"
          },
          {
            "code" : "status",
            "valueCode" : "A"
          }]
        }]
      }]
    },
    {
      "code" : "https://fhir.ee/sid/pid/deu",
      "display" : "Root of German identifiers for person identification",
      "definition" : "Saksamaa identifikaatorid isikutele",
      "property" : [{
        "code" : "status",
        "valueCode" : "R"
      },
      {
        "code" : "country",
        "valueCode" : "DEU"
      }],
      "concept" : [{
        "code" : "https://fhir.ee/sid/pid/deu/ppn",
        "display" : "German passport number",
        "definition" : "Saksamaa passinumber",
        "property" : [{
          "code" : "idtype",
          "valueCode" : "PPN"
        },
        {
          "code" : "country",
          "valueCode" : "DEU"
        },
        {
          "code" : "naming-system",
          "valueString" : "http://terminology.hl7.org/NamingSystem/passportNumNS-DEU"
        },
        {
          "code" : "status",
          "valueCode" : "A"
        }]
      }]
    },
    {
      "code" : "https://fhir.ee/sid/pid/usa",
      "display" : "Root of USA identifiers for person identification",
      "definition" : "USA identifikaatorid isikutele",
      "property" : [{
        "code" : "status",
        "valueCode" : "R"
      },
      {
        "code" : "country",
        "valueCode" : "USA"
      }],
      "concept" : [{
        "code" : "https://fhir.ee/sid/pid/usa/ppn",
        "display" : "USA passport number",
        "definition" : "USA passinumber",
        "property" : [{
          "code" : "idtype",
          "valueCode" : "PPN"
        },
        {
          "code" : "country",
          "valueCode" : "USA"
        },
        {
          "code" : "naming-system",
          "valueString" : "http://terminology.hl7.org/NamingSystem/passportNumNS-USA"
        },
        {
          "code" : "status",
          "valueCode" : "A"
        }]
      }]
    },
    {
      "code" : "https://fhir.ee/sid/pid/fin",
      "display" : "Root of Finnish identifiers for person identification",
      "definition" : "Soome identifikaatorid isikutele",
      "property" : [{
        "code" : "status",
        "valueCode" : "R"
      },
      {
        "code" : "country",
        "valueCode" : "FIN"
      }],
      "concept" : [{
        "code" : "https://fhir.ee/sid/pid/fin/ni",
        "display" : "Finnish personal national identification code",
        "definition" : "Soome isikukood",
        "property" : [{
          "code" : "idtype",
          "valueCode" : "NI"
        },
        {
          "code" : "country",
          "valueCode" : "FIN"
        },
        {
          "code" : "status",
          "valueCode" : "A"
        }]
      },
      {
        "code" : "https://fhir.ee/sid/pid/fin/ppn",
        "display" : "Finnish passport number",
        "definition" : "Soome passinumber",
        "property" : [{
          "code" : "idtype",
          "valueCode" : "PPN"
        },
        {
          "code" : "country",
          "valueCode" : "FIN"
        },
        {
          "code" : "naming-system",
          "valueString" : "http://terminology.hl7.org/NamingSystem/passportNumNS-FIN"
        },
        {
          "code" : "status",
          "valueCode" : "A"
        }]
      }]
    }]
  },
  {
    "code" : "https://fhir.ee/sid/pro",
    "display" : "Root of identifiers for healthcare professionals",
    "definition" : "Identifikaatorid tervishoiutöötajatele",
    "property" : [{
      "code" : "status",
      "valueCode" : "R"
    }],
    "concept" : [{
      "code" : "https://fhir.ee/sid/pro/est",
      "display" : "Root of Estonian identifiers for healthcare professionals",
      "definition" : "Eesti identifikaatorid tervishoiutöötajatele",
      "property" : [{
        "code" : "status",
        "valueCode" : "R"
      },
      {
        "code" : "country",
        "valueCode" : "EST"
      }],
      "concept" : [{
        "code" : "https://fhir.ee/sid/pro/est/pho",
        "display" : "Healthcare professional official ID provided by The National Institute for Health Development",
        "definition" : "Tervishoiutöötaja TAM kood",
        "property" : [{
          "code" : "idtype",
          "valueCode" : "PHO"
        },
        {
          "code" : "country",
          "valueCode" : "EST"
        },
        {
          "code" : "naming-system",
          "valueString" : "https://fhir.ee/NamingSystem/pro-est-pho"
        },
        {
          "code" : "status",
          "valueCode" : "A"
        }]
      }]
    }]
  }]
}