{
  "resourceType" : "CodeSystem",
  "id" : "ee-date-accuracy-indicator",
  "text" : {
    "status" : "generated",
    "div" : "<div xmlns=\"http://www.w3.org/1999/xhtml\"><p>This code system <code>https://fhir.ee/CodeSystem/ee-date-accuracy-indicator</code> defines the following codes:</p><table class=\"codes\"><tr><td style=\"white-space:nowrap\"><b>Code</b></td><td><b>Display</b></td><td><b>Definition</b></td></tr><tr><td style=\"white-space:nowrap\">AAA<a name=\"ee-date-accuracy-indicator-AAA\"> </a></td><td>DMY</td><td>Day, month and year are accurate</td></tr><tr><td style=\"white-space:nowrap\">AAU<a name=\"ee-date-accuracy-indicator-AAU\"> </a></td><td>DM</td><td>Day and month are accurate, year is unknown</td></tr><tr><td style=\"white-space:nowrap\">UAA<a name=\"ee-date-accuracy-indicator-UAA\"> </a></td><td>MY</td><td>Day is unknown, month and year are accurate</td></tr><tr><td style=\"white-space:nowrap\">UEA<a name=\"ee-date-accuracy-indicator-UEA\"> </a></td><td>~MY</td><td>Day is unknown, month is estimated, year is accurate</td></tr><tr><td style=\"white-space:nowrap\">UUU<a name=\"ee-date-accuracy-indicator-UUU\"> </a></td><td>N/A</td><td>Day, month and year are unknown</td></tr></table></div>"
  },
  "url" : "https://fhir.ee/CodeSystem/ee-date-accuracy-indicator",
  "version" : "0.9.0",
  "name" : "DateAccuracyIndicator",
  "title" : "Date Accuracy Indicator",
  "status" : "active",
  "experimental" : true,
  "date" : "2023-05-12T10:59:05+00:00",
  "publisher" : "HL7 Estonia",
  "contact" : [{
    "name" : "HL7 Estonia",
    "telecom" : [{
      "system" : "url",
      "value" : "https://www.hl7.ee"
    }]
  }],
  "description" : "The Date Accuracy Indicator code system defines concepts that indicate the accuracy of components of a reported date. The concepts defined in this code system are equivalent to those defined in the METeOR value domains for Date—accuracy indicator, code AAA (http://meteor.aihw.gov.au/content/index.phtml/itemId/294429).",
  "jurisdiction" : [{
    "coding" : [{
      "system" : "urn:iso:std:iso:3166",
      "code" : "EE",
      "display" : "Estonia"
    }]
  }],
  "caseSensitive" : false,
  "content" : "complete",
  "count" : 5,
  "concept" : [{
    "code" : "AAA",
    "display" : "DMY",
    "definition" : "Day, month and year are accurate"
  },
  {
    "code" : "AAU",
    "display" : "DM",
    "definition" : "Day and month are accurate, year is unknown"
  },
  {
    "code" : "UAA",
    "display" : "MY",
    "definition" : "Day is unknown, month and year are accurate"
  },
  {
    "code" : "UEA",
    "display" : "~MY",
    "definition" : "Day is unknown, month is estimated, year is accurate"
  },
  {
    "code" : "UUU",
    "display" : "N/A",
    "definition" : "Day, month and year are unknown"
  }]
}