{
  "resourceType" : "Practitioner",
  "id" : "D05647",
  "meta" : {
    "profile" : ["https://fhir.ee/StructureDefinition/ee-practitioner"]
  },
  "text" : {
    "status" : "generated",
    "div" : "<div xmlns=\"http://www.w3.org/1999/xhtml\"><p><b>Generated Narrative: Practitioner</b><a name=\"D05647\"> </a></p><div style=\"display: inline-block; background-color: #d9e0e7; padding: 6px; margin: 4px; border: 1px solid #8da1b4; border-radius: 5px; line-height: 60%\"><p style=\"margin-bottom: 0px\">Resource Practitioner &quot;D05647&quot; </p><p style=\"margin-bottom: 0px\">Profile: <a href=\"StructureDefinition-ee-practitioner.html\">EEBase Practitioner</a></p></div><p><b>identifier</b>: id:\u00a0D05647, id:\u00a0XXXXXXXXXXX1</p><p><b>active</b>: true</p><p><b>name</b>: Hea Arst </p><h3>Qualifications</h3><table class=\"grid\"><tr><td>-</td><td><b>Code</b></td></tr><tr><td>*</td><td>pediaatria <span style=\"background: LightGoldenRodYellow; margin: 4px; border: 1px solid khaki\"> (<a href=\"http://terminology.hl7.org/5.0.0/CodeSystem-v2-0360.html\">degreeLicenseCertificate</a>#MD &quot;Doctor of Medicine&quot;)</span></td></tr></table></div>"
  },
  "identifier" : [{
    "system" : "https://fhir.ee/sid/pro/est/pho",
    "value" : "D05647"
  },
  {
    "system" : "https://fhir.ee/sid/pid/est/ni",
    "value" : "XXXXXXXXXXX1"
  }],
  "active" : true,
  "name" : [{
    "family" : "Arst",
    "given" : ["Hea"]
  }],
  "qualification" : [{
    "code" : {
      "coding" : [{
        "system" : "http://terminology.hl7.org/CodeSystem/v2-0360",
        "code" : "MD",
        "display" : "Doctor of Medicine"
      }],
      "text" : "pediaatria"
    }
  }]
}