{
  "resourceType" : "Practitioner",
  "id" : "N13001",
  "meta" : {
    "profile" : ["https://fhir.ee/StructureDefinition/ee-practitioner"]
  },
  "text" : {
    "status" : "generated",
    "div" : "<div xmlns=\"http://www.w3.org/1999/xhtml\"><p><b>Generated Narrative: Practitioner</b><a name=\"N13001\"> </a></p><div style=\"display: inline-block; background-color: #d9e0e7; padding: 6px; margin: 4px; border: 1px solid #8da1b4; border-radius: 5px; line-height: 60%\"><p style=\"margin-bottom: 0px\">Resource Practitioner &quot;N13001&quot; </p><p style=\"margin-bottom: 0px\">Profile: <a href=\"StructureDefinition-ee-practitioner.html\">EEBase Practitioner</a></p></div><p><b>identifier</b>: id:\u00a0N13001, id:\u00a0YYYYYY4</p><p><b>active</b>: true</p><p><b>name</b>: Tubli Õde </p></div>"
  },
  "identifier" : [{
    "system" : "https://fhir.ee/sid/pro/est/pho",
    "value" : "N13001"
  },
  {
    "system" : "https://fhir.ee/sid/pid/est/ni",
    "value" : "YYYYYY4"
  }],
  "active" : true,
  "name" : [{
    "family" : "Õde",
    "given" : ["Tubli"]
  }]
}