{
  "resourceType" : "ValueSet",
  "id" : "ee-practitioner-role",
  "text" : {
    "status" : "generated",
    "div" : "<div xmlns=\"http://www.w3.org/1999/xhtml\"><ul><li>Include all codes defined in <a href=\"http://terminology.hl7.org/5.0.0/CodeSystem-practitioner-role.html\"><code>http://terminology.hl7.org/CodeSystem/practitioner-role</code></a></li></ul></div>"
  },
  "url" : "https://fhir.ee/ValueSet/ee-practitioner-role",
  "version" : "0.9.0",
  "name" : "EEBasePractitionerRole",
  "title" : "Practitioner role",
  "status" : "active",
  "experimental" : false,
  "date" : "2023-05-12T10:59:05+00:00",
  "publisher" : "HL7 Estonia",
  "contact" : [{
    "name" : "HL7 Estonia",
    "telecom" : [{
      "system" : "url",
      "value" : "https://www.hl7.ee"
    }]
  }],
  "description" : "The role of practitioner in the healthcare facility.",
  "jurisdiction" : [{
    "coding" : [{
      "system" : "urn:iso:std:iso:3166",
      "code" : "EE",
      "display" : "Estonia"
    }]
  }],
  "compose" : {
    "include" : [{
      "system" : "http://terminology.hl7.org/CodeSystem/practitioner-role"
    }]
  }
}