{
  "resourceType" : "ValueSet",
  "id" : "ee-organization-type",
  "text" : {
    "status" : "extensions",
    "div" : "<div xmlns=\"http://www.w3.org/1999/xhtml\"><ul><li>Include these codes as defined in <a href=\"http://terminology.hl7.org/5.0.0/CodeSystem-organization-type.html\"><code>http://terminology.hl7.org/CodeSystem/organization-type</code></a><table class=\"none\"><tr><td style=\"white-space:nowrap\"><b>Code</b></td><td><b>Display</b></td><td><b>Definition</b></td><td><b>Estonian (et)</b></td></tr><tr><td><a href=\"http://terminology.hl7.org/5.0.0/CodeSystem-organization-type.html#organization-type-prov\">prov</a></td><td>Healthcare Provider</td><td>An organization that provides healthcare services.</td><td>Tervishoiu teenuse osutaja</td></tr><tr><td><a href=\"http://terminology.hl7.org/5.0.0/CodeSystem-organization-type.html#organization-type-govt\">govt</a></td><td>Government</td><td>A political body, often used when including organization records for government bodies such as a Federal Government, State or Local Government.</td><td>Riigiasutus</td></tr><tr><td><a href=\"http://terminology.hl7.org/5.0.0/CodeSystem-organization-type.html#organization-type-ins\">ins</a></td><td>Insurance Company</td><td>A company that provides insurance to its subscribers that may include healthcare related policies.</td><td>Kindlustaja</td></tr><tr><td><a href=\"http://terminology.hl7.org/5.0.0/CodeSystem-organization-type.html#organization-type-other\">other</a></td><td>Other</td><td>Other type of organization not already specified.</td><td>Muu</td></tr></table></li></ul></div>"
  },
  "url" : "https://fhir.ee/ValueSet/ee-organization-type",
  "version" : "0.9.0",
  "name" : "EEBaseOrganizationType",
  "title" : "Organization Types",
  "status" : "active",
  "experimental" : false,
  "date" : "2023-05-12T10:59:05+00:00",
  "publisher" : "HL7 Estonia",
  "contact" : [{
    "name" : "HL7 Estonia",
    "telecom" : [{
      "system" : "url",
      "value" : "https://www.hl7.ee"
    }]
  }],
  "description" : "Organization Types",
  "jurisdiction" : [{
    "coding" : [{
      "system" : "urn:iso:std:iso:3166",
      "code" : "EE",
      "display" : "Estonia"
    }]
  }],
  "compose" : {
    "include" : [{
      "system" : "http://terminology.hl7.org/CodeSystem/organization-type",
      "concept" : [{
        "code" : "prov",
        "designation" : [{
          "language" : "et",
          "value" : "Tervishoiu teenuse osutaja"
        }]
      },
      {
        "code" : "govt",
        "designation" : [{
          "language" : "et",
          "value" : "Riigiasutus"
        }]
      },
      {
        "code" : "ins",
        "designation" : [{
          "language" : "et",
          "value" : "Kindlustaja"
        }]
      },
      {
        "code" : "other",
        "designation" : [{
          "language" : "et",
          "value" : "Muu"
        }]
      }]
    }]
  }
}