{"resourceType":"ValueSet","id":"ee-date-accuracy-indicator","text":{"status":"generated","div":"<div xmlns=\"http://www.w3.org/1999/xhtml\"><ul><li>Include all codes defined in <a href=\"CodeSystem-ee-date-accuracy-indicator.html\"><code>https://fhir.ee/CodeSystem/ee-date-accuracy-indicator</code></a></li></ul></div>"},"url":"https://fhir.ee/ValueSet/ee-date-accuracy-indicator","version":"1.0.0","name":"EEBaseDateAccuracyIndicator","title":"Date Accuracy Indicator","status":"active","experimental":true,"date":"2023-05-29T20:07:00+03:00","publisher":"HL7 Estonia","contact":[{"name":"HL7 Estonia","telecom":[{"system":"url","value":"https://www.hl7.ee"}]}],"description":"Date Accuracy Indicator","jurisdiction":[{"coding":[{"system":"urn:iso:std:iso:3166","code":"EE","display":"Estonia"}]}],"compose":{"include":[{"system":"https://fhir.ee/CodeSystem/ee-date-accuracy-indicator"}]}}