{"resourceType":"ValueSet","id":"ee-organization-type","text":{"status":"generated","div":"<div xmlns=\"http://www.w3.org/1999/xhtml\"><ul><li>Include all codes defined in <a href=\"http://terminology.hl7.org/5.0.0/CodeSystem-organization-type.html\"><code>http://terminology.hl7.org/CodeSystem/organization-type</code></a></li></ul></div>"},"url":"https://fhir.ee/ValueSet/ee-organization-type","version":"1.0.0","name":"EEBaseOrganizationType","title":"Organization Types","status":"active","experimental":false,"date":"2023-05-29T20:07:00+03:00","publisher":"HL7 Estonia","contact":[{"name":"HL7 Estonia","telecom":[{"system":"url","value":"https://www.hl7.ee"}]}],"description":"Organization Types","jurisdiction":[{"coding":[{"system":"urn:iso:std:iso:3166","code":"EE","display":"Estonia"}]}],"compose":{"include":[{"system":"http://terminology.hl7.org/CodeSystem/organization-type"}]}}