[
  {
    "id" : "address-official",
    "type" : "StructureDefinition",
    "url" : "http://hl7.org/fhir/StructureDefinition/address-official",
    "version" : "1.1.1",
    "name" : "OfficialAddress"
  },
  {
    "id" : "ee.fhir.base",
    "type" : "ImplementationGuide",
    "url" : "https://fhir.ee/base/ImplementationGuide/ee.fhir.base",
    "version" : "1.1.1",
    "name" : "EEBase"
  },
  {
    "id" : "ee-address",
    "type" : "StructureDefinition",
    "url" : "https://fhir.ee/base/StructureDefinition/ee-address",
    "version" : "1.1.1",
    "name" : "EEBaseAddress"
  },
  {
    "id" : "ee-address-notice",
    "type" : "StructureDefinition",
    "url" : "https://fhir.ee/base/StructureDefinition/ee-address-notice",
    "version" : "1.1.1",
    "name" : "ExtensionEEBaseAddressNotice"
  },
  {
    "id" : "ee-ads-adr-id",
    "type" : "StructureDefinition",
    "url" : "https://fhir.ee/base/StructureDefinition/ee-ads-adr-id",
    "version" : "1.1.1",
    "name" : "ExtensionEEBaseAdsAdrId"
  },
  {
    "id" : "ee-ads-oid",
    "type" : "StructureDefinition",
    "url" : "https://fhir.ee/base/StructureDefinition/ee-ads-oid",
    "version" : "1.1.1",
    "name" : "ExtensionEEBaseAdsOid"
  },
  {
    "id" : "ee-date-accuracy-indicator",
    "type" : "StructureDefinition",
    "url" : "https://fhir.ee/base/StructureDefinition/ee-date-accuracy-indicator",
    "version" : "1.1.1",
    "name" : "ExtensionEEBaseDateAccuracyIndicator"
  },
  {
    "id" : "ee-ehak",
    "type" : "StructureDefinition",
    "url" : "https://fhir.ee/base/StructureDefinition/ee-ehak",
    "version" : "1.1.1",
    "name" : "ExtensionEEBaseEhak"
  },
  {
    "id" : "ee-encounter",
    "type" : "StructureDefinition",
    "url" : "https://fhir.ee/base/StructureDefinition/ee-encounter",
    "version" : "1.1.1",
    "name" : "EEBaseEncounter"
  },
  {
    "id" : "ee-episode-of-care",
    "type" : "StructureDefinition",
    "url" : "https://fhir.ee/base/StructureDefinition/ee-episode-of-care",
    "version" : "1.1.1",
    "name" : "EEBaseEpisodeOfCare"
  },
  {
    "id" : "ee-healthcare-service",
    "type" : "StructureDefinition",
    "url" : "https://fhir.ee/base/StructureDefinition/ee-healthcare-service",
    "version" : "1.1.1",
    "name" : "EEBaseHealthcareService"
  },
  {
    "id" : "ee-location",
    "type" : "StructureDefinition",
    "url" : "https://fhir.ee/base/StructureDefinition/ee-location",
    "version" : "1.1.1",
    "name" : "EEBaseLocation"
  },
  {
    "id" : "ee-mode-of-arrival",
    "type" : "StructureDefinition",
    "url" : "https://fhir.ee/base/StructureDefinition/ee-mode-of-arrival",
    "version" : "1.1.1",
    "name" : "ExtensionEEBaseModeOfArrival"
  },
  {
    "id" : "ee-observation",
    "type" : "StructureDefinition",
    "url" : "https://fhir.ee/base/StructureDefinition/ee-observation",
    "version" : "1.1.1",
    "name" : "EEBaseObservation"
  },
  {
    "id" : "ee-organization",
    "type" : "StructureDefinition",
    "url" : "https://fhir.ee/base/StructureDefinition/ee-organization",
    "version" : "1.1.1",
    "name" : "EEBaseOrganization"
  },
  {
    "id" : "ee-patient",
    "type" : "StructureDefinition",
    "url" : "https://fhir.ee/base/StructureDefinition/ee-patient",
    "version" : "1.1.1",
    "name" : "EEBasePatient"
  },
  {
    "id" : "ee-patient-age",
    "type" : "StructureDefinition",
    "url" : "https://fhir.ee/base/StructureDefinition/ee-patient-age",
    "version" : "1.1.1",
    "name" : "ExtensionEEBasePatientAge"
  },
  {
    "id" : "ee-practitioner",
    "type" : "StructureDefinition",
    "url" : "https://fhir.ee/base/StructureDefinition/ee-practitioner",
    "version" : "1.1.1",
    "name" : "EEBasePractitioner"
  },
  {
    "id" : "ee-practitioner-role",
    "type" : "StructureDefinition",
    "url" : "https://fhir.ee/base/StructureDefinition/ee-practitioner-role",
    "version" : "1.1.1",
    "name" : "EEBasePractitionerRole"
  },
  {
    "id" : "ee-related-person",
    "type" : "StructureDefinition",
    "url" : "https://fhir.ee/base/StructureDefinition/ee-related-person",
    "version" : "1.1.1",
    "name" : "EEBaseRelatedPerson"
  }
]
