{
  "codeSystems" : [
    {
      "url" : "http://hl7.org/fhir/administrative-gender",
      "version" : "5.0.0",
      "status" : "active",
      "name" : "AdministrativeGender",
      "title" : "AdministrativeGender",
      "description" : "The gender of a person used for administrative purposes.",
      "oids" : ["2.16.840.1.113883.4.642.4.2"],
      "uses" : {
      },
      "https://fhir.ee/packages/terminology/0.2.2/site/ValueSet-administrative-gender.html" : "Administrative Gender"
    },
    {
      "url" : "http://terminology.hl7.org/CodeSystem/location-physical-type",
      "version" : "2.0.1",
      "status" : "active",
      "name" : "LocationType",
      "title" : "Location type",
      "description" : "This example value set defines a set of codes that can be used to indicate the physical form of the Location.\r\rThis includes several 'non physical' codes which are still considered a location.",
      "oids" : ["2.16.840.1.113883.4.642.1.1108"],
      "uses" : {
      },
      "https://fhir.ee/packages/terminology/0.2.2/site/ValueSet-location-form.html" : "Location Form"
    },
    {
      "url" : "http://terminology.hl7.org/CodeSystem/observation-category",
      "version" : "1.0.1",
      "status" : "active",
      "name" : "ObservationCategoryCodes",
      "title" : "Observation Category Codes",
      "description" : "Observation Category codes.",
      "oids" : ["2.16.840.1.113883.4.642.1.1125"],
      "uses" : {
      },
      "https://fhir.ee/packages/terminology/0.2.2/site/ValueSet-observation-category.html" : "Observation Category"
    },
    {
      "url" : "http://terminology.hl7.org/CodeSystem/organization-type",
      "version" : "2.0.1",
      "status" : "active",
      "name" : "OrganizationType",
      "title" : "Organization type",
      "description" : "This example value set defines a set of codes that can be used to indicate a type of organization.",
      "oids" : ["2.16.840.1.113883.4.642.1.1128"],
      "uses" : {
      },
      "https://fhir.ee/packages/terminology/0.2.2/site/ValueSet-organization-type.html" : "Organization Types"
    },
    {
      "url" : "http://terminology.hl7.org/CodeSystem/practitioner-role",
      "version" : "1.0.1",
      "status" : "active",
      "name" : "PractitionerRole",
      "title" : "Practitioner role",
      "description" : "This example value set defines a set of codes that can be used to indicate the role of a Practitioner.",
      "oids" : ["2.16.840.1.113883.4.642.1.1132"],
      "uses" : {
      },
      "https://fhir.ee/packages/terminology/0.2.2/site/ValueSet-practitioner-role.html" : "Practitioner Role"
    },
    {
      "url" : "http://terminology.hl7.org/CodeSystem/v2-0360",
      "version" : "2.0.0",
      "status" : "active",
      "name" : "DegreeLicenseCertificate",
      "title" : "degreeLicenseCertificate",
      "description" : "Code system of concepts specifying an educational degree (e.g., MD).  Used in the CNN datatype (names and identifiers of clinicians) in Version 2 messaging.  Used in HL7 Version 2.x messaging in the CNN segment; note that in releases of HL7 prior to 2.3.1, was also used in person names (XPN), but this use was deprecated, then withdrawn in 2.7.",
      "oids" : ["2.16.840.1.113883.18.220"],
      "uses" : {
      },
      "https://fhir.ee/packages/terminology/0.2.2/site/ValueSet-degree-license-certificate.html" : "Qualification"
    },
    {
      "url" : "http://terminology.hl7.org/CodeSystem/v2-0430",
      "version" : "2.0.0",
      "status" : "active",
      "name" : "ArrivalMode",
      "title" : "arrivalMode",
      "description" : "Code system of concepts specifying how the patient was brought to the healthcare facility.  Used in HL7 Version 2.x messaging in the PV2 segment.",
      "oids" : ["2.16.840.1.113883.18.271"],
      "uses" : {
      },
      "https://fhir.ee/packages/terminology/0.2.2/site/ValueSet-mode-of-arrival.html" : "Mode Of Arrival"
    },
    {
      "url" : "http://terminology.hl7.org/CodeSystem/v3-RoleClass",
      "version" : "4.0.0",
      "status" : "active",
      "name" : "RoleClass",
      "title" : "RoleClass",
      "description" : "Codes for the Role class hierarchy. The values in this hierarchy, represent a Role which is an association or relationship between two entities - the entity that plays the role and the entity that scopes the role. Roles names are derived from the name of the playing entity in that role.\r\n\r\nThe role hierarchy stems from three core concepts, or abstract domains:\r\n\r\n *  **RoleClassOntological** is an abstract domain that collects roles in which the playing entity is defined or specified by the scoping entity.\r\n *  **RoleClassPartitive** collects roles in which the playing entity is in some sense a \"part\" of the scoping entity.\r\n *  **RoleClassAssociative** collects all of the remaining forms of association between the playing entity and the scoping entity. This set of roles is further partitioned between:\r\n    \r\n     *  **RoleClassPassive** which are roles in which the playing entity is used, known, treated, handled, built, or destroyed, etc. under the auspices of the scoping entity. The playing entity is passive in these roles in that the role exists without an agreement from the playing entity.\r\n     *  **RoleClassMutualRelationship** which are relationships based on mutual behavior of the two entities. The basis of these relationship may be formal agreements or they may be *de facto* behavior. Thus, this sub-domain is further divided into:\r\n        \r\n         *  **RoleClassRelationshipFormal** in which the relationship is formally defined, frequently by a contract or agreement.\r\n         *  **Personal relationship** which inks two people in a personal relationship.\r\n\r\nThe hierarchy discussed above is represented In the current vocabulary tables as a set of abstract domains, with the exception of the \"Personal relationship\" which is a leaf concept.\r\n\r\n*OpenIssue:* Description copied from Concept Domain of same name. Must be verified.",
      "oids" : ["2.16.840.1.113883.5.110"],
      "uses" : {
      },
      "http://terminology.hl7.org/6.0.2/ValueSet-v3-RoleClass.html" : "RoleClass"
    },
    {
      "url" : "https://fhir.ee/CodeSystem/ads-adr-id",
      "version" : "0.2.2",
      "status" : "active",
      "name" : "EEAdsAdrId",
      "title" : "ADS AdrId",
      "description" : "Address identifiers in the Estonian Address.",
      "uses" : {
      },
      "https://fhir.ee/packages/terminology/0.2.2/site/ValueSet-ads-adr-id.html" : "ADS AdrId"
    },
    {
      "url" : "https://fhir.ee/CodeSystem/ads-oid",
      "version" : "0.2.2",
      "status" : "active",
      "name" : "EEAdsOid",
      "title" : "ADS Oid",
      "description" : "Address objects in the Estonian Address System.",
      "uses" : {
      },
      "https://fhir.ee/packages/terminology/0.2.2/site/ValueSet-ads-oid.html" : "ADS Oid"
    },
    {
      "url" : "https://fhir.ee/CodeSystem/date-accuracy-indicator",
      "version" : "0.2.2",
      "status" : "active",
      "name" : "EEDateAccuracyIndicator",
      "title" : "Date Accuracy Indicator",
      "description" : "The Date Accuracy Indicator code system defines concepts that indicate the accuracy of components of a reported date. The concepts defined in this code system are equivalent to those defined in the METeOR value domains for Date—accuracy indicator, code AAA (http://meteor.aihw.gov.au/content/index.phtml/itemId/294429).",
      "uses" : {
      },
      "https://fhir.ee/packages/terminology/0.2.2/site/ValueSet-date-accuracy-indicator.html" : "Date Accuracy Indicator"
    },
    {
      "url" : "https://fhir.ee/CodeSystem/eriala",
      "version" : "0.2.2",
      "status" : "active",
      "name" : "EEEriala",
      "title" : "Eriala",
      "description" : "Medre specialty. TIS erialad.",
      "uses" : {
      },
      "https://fhir.ee/packages/terminology/0.2.2/site/ValueSet-eriala.html" : "Eriala"
    },
    {
      "url" : "https://fhir.ee/CodeSystem/identifier-domain",
      "version" : "0.2.2",
      "status" : "active",
      "name" : "EEBaseIdentifierDomain",
      "title" : "Identifier Domain",
      "description" : "Description of the identifier systems acceptable for entity identification",
      "uses" : {
      },
      "https://fhir.ee/packages/terminology/0.2.2/site/ValueSet-patient-identifier-domain.html" : "Patient Identifier Domain",
      "https://fhir.ee/packages/terminology/0.2.2/site/ValueSet-practitioner-identifier-domain.html" : "Practitioner Identifier Domain",
      "https://fhir.ee/packages/terminology/0.2.2/site/ValueSet-organization-identifier-domain.html" : "Organization Identifier Domain"
    },
    {
      "url" : "https://fhir.ee/CodeSystem/mode-of-arrival",
      "version" : "0.2.2",
      "status" : "draft",
      "name" : "EEModeOfArrival",
      "title" : "Mode Of Arrival",
      "description" : "The content of this code system is intended to supplement HL7's code system arrivalMode (version 2.1.0) with one additional code ('PV') for using in ValueSets",
      "uses" : {
      },
      "https://fhir.ee/packages/terminology/0.2.2/site/ValueSet-mode-of-arrival.html" : "Mode Of Arrival"
    },
    {
      "url" : "https://fhir.ee/CodeSystem/occupation",
      "version" : "0.2.2",
      "status" : "active",
      "name" : "EEOccupation",
      "title" : "Classification of Occupations",
      "description" : "Estonian Edition of International Standard Classification of Occupations. Based on ISCO-88",
      "uses" : {
      },
      "https://fhir.ee/packages/terminology/0.2.2/site/ValueSet-occupation.html" : "Occupation"
    },
    {
      "url" : "urn:iso:std:iso:3166",
      "version" : "1.0.1",
      "status" : "active",
      "name" : "ISO3166Part1",
      "title" : "ISO 3166-1 Codes for the representation of names of countries and their subdivisions — Part 1: Country code",
      "description" : "ISO 3166-1 establishes codes that represent the current names of countries, dependencies, and other areas of particular geopolitical interest, on the basis of country names obtained from the United Nations.",
      "oids" : ["1.0.3166.1"],
      "uses" : {
      },
      "http://hl7.org/fhir/R5/valueset-iso3166-1-2.html" : "Iso 3166 Part 1: 2 Letter Codes"
    }
  ]
}
