{
  "resourceType" : "Observation",
  "id" : "BloodPressure",
  "meta" : {
    "profile" : ["https://fhir.ee/base/StructureDefinition/ee-observation"]
  },
  "text" : {
    "status" : "generated",
    "div" : "<div xmlns=\"http://www.w3.org/1999/xhtml\"><p class=\"res-header-id\"><b>Generated Narrative: Observation BloodPressure</b></p><a name=\"BloodPressure\"> </a><a name=\"hcBloodPressure\"> </a><a name=\"BloodPressure-en-US\"> </a><p><b>status</b>: Final</p><p><b>category</b>: <span title=\"Codes:{http://terminology.hl7.org/CodeSystem/observation-category vital-signs}\">Vital Signs</span></p><p><b>code</b>: <span title=\"Codes:{http://loinc.org 85354-9}\">Blood pressure panel with all children optional</span></p><p><b>subject</b>: <a href=\"Patient-pat1.html\">Mart Mets (official) Male, DoB: 1973-02-10 ( https://fhir.ee/sid/pid/est/ni#Estonian Personal National Identification Code#37302102711)</a></p><p><b>effective</b>: 2021-11-23</p><p><b>performer</b>: <a href=\"Organization-rh.html\">Organization Rakvere Haigla</a></p><blockquote><p><b>component</b></p><p><b>code</b>: <span title=\"Codes:{http://loinc.org 8480-6}\">Systolic blood pressure</span></p><p><b>value</b>: 120 mmHg<span style=\"background: LightGoldenRodYellow\"> (Details: UCUM  codemm[Hg] = 'mm[Hg]')</span></p></blockquote><blockquote><p><b>component</b></p><p><b>code</b>: <span title=\"Codes:{http://loinc.org 8462-4}\">Diastolic blood pressure</span></p><p><b>value</b>: 80 mmHg<span style=\"background: LightGoldenRodYellow\"> (Details: UCUM  codemm[Hg] = 'mm[Hg]')</span></p></blockquote><blockquote><p><b>component</b></p><p><b>code</b>: <span title=\"Codes:{http://snomed.info/sct 424724000}\">Body position for blood pressure measurement</span></p><p><b>value</b>: <span title=\"Codes:{http://snomed.info/sct 33586001}\">Sitting position</span></p></blockquote></div>"
  },
  "status" : "final",
  "category" : [{
    "coding" : [{
      "system" : "http://terminology.hl7.org/CodeSystem/observation-category",
      "code" : "vital-signs"
    }]
  }],
  "code" : {
    "coding" : [{
      "system" : "http://loinc.org",
      "code" : "85354-9",
      "display" : "Blood pressure panel with all children optional"
    }]
  },
  "subject" : {
    "reference" : "Patient/pat1"
  },
  "effectiveDateTime" : "2021-11-23",
  "performer" : [{
    "reference" : "Organization/rh"
  }],
  "component" : [{
    "code" : {
      "coding" : [{
        "system" : "http://loinc.org",
        "code" : "8480-6",
        "display" : "Systolic blood pressure"
      }]
    },
    "valueQuantity" : {
      "value" : 120,
      "unit" : "mmHg",
      "system" : "http://unitsofmeasure.org",
      "code" : "mm[Hg]"
    }
  },
  {
    "code" : {
      "coding" : [{
        "system" : "http://loinc.org",
        "code" : "8462-4",
        "display" : "Diastolic blood pressure"
      }]
    },
    "valueQuantity" : {
      "value" : 80,
      "unit" : "mmHg",
      "system" : "http://unitsofmeasure.org",
      "code" : "mm[Hg]"
    }
  },
  {
    "code" : {
      "coding" : [{
        "system" : "http://snomed.info/sct",
        "code" : "424724000",
        "display" : "Body position for blood pressure measurement"
      }]
    },
    "valueCodeableConcept" : {
      "coding" : [{
        "system" : "http://snomed.info/sct",
        "code" : "33586001",
        "display" : "Sitting position"
      }]
    }
  }]
}