{
  "resourceType" : "Organization",
  "id" : "synlab",
  "meta" : {
    "profile" : ["https://fhir.ee/base/StructureDefinition/ee-organization"]
  },
  "text" : {
    "status" : "generated",
    "div" : "<div xmlns=\"http://www.w3.org/1999/xhtml\"><p class=\"res-header-id\"><b>Generated Narrative: Organization synlab</b></p><a name=\"synlab\"> </a><a name=\"hcsynlab\"> </a><a name=\"synlab-en-US\"> </a><p><b>identifier</b>: <code>https://fhir.ee/sid/org/est/br</code>/11107913</p><p><b>active</b>: true</p><p><b>name</b>: SYNLAB EESTI OÜ</p><p><b>alias</b>: Synlab</p><h3>Contacts</h3><table class=\"grid\"><tr><td style=\"display: none\">-</td><td><b>Telecom</b></td><td><b>Address</b></td></tr><tr><td style=\"display: none\">*</td><td><a href=\"mailto:info@synlab.com\">info@synlab.com</a></td><td>Veerenni tn 53a Tallinn EE (work)</td></tr></table></div>"
  },
  "identifier" : [{
    "system" : "https://fhir.ee/sid/org/est/br",
    "value" : "11107913"
  }],
  "active" : true,
  "name" : "SYNLAB EESTI OÜ",
  "alias" : ["Synlab"],
  "contact" : [{
    "telecom" : [{
      "system" : "email",
      "value" : "info@synlab.com"
    }],
    "address" : {
      "use" : "work",
      "line" : ["Veerenni tn 53a"],
      "city" : "Tallinn",
      "country" : "EE"
    }
  }]
}