<?xml version="1.0" encoding="UTF-8"?>

<Organization xmlns="http://hl7.org/fhir">
  <id value="synlab"/>
  <meta>
    <profile value="https://fhir.ee/base/StructureDefinition/ee-organization"/>
  </meta>
  <text>
    <status value="generated"/><div xmlns="http://www.w3.org/1999/xhtml"><p class="res-header-id"><b>Generated Narrative: Organization synlab</b></p><a name="synlab"> </a><a name="hcsynlab"> </a><a name="synlab-en-US"> </a><p><b>identifier</b>: <code>https://fhir.ee/sid/org/est/br</code>/11107913</p><p><b>active</b>: true</p><p><b>name</b>: SYNLAB EESTI OÜ</p><p><b>alias</b>: Synlab</p><h3>Contacts</h3><table class="grid"><tr><td style="display: none">-</td><td><b>Telecom</b></td><td><b>Address</b></td></tr><tr><td style="display: none">*</td><td><a href="mailto:info@synlab.com">info@synlab.com</a></td><td>Veerenni tn 53a Tallinn EE (work)</td></tr></table></div>
  </text>
  <identifier>
    <system value="https://fhir.ee/sid/org/est/br"/>
    <value value="11107913"/>
  </identifier>
  <active value="true"/>
  <name value="SYNLAB EESTI OÜ"/>
  <alias value="Synlab"/>
  <contact>
    <telecom>
      <system value="email"/>
      <value value="info@synlab.com"/>
    </telecom>
    <address>
      <use value="work"/>
      <line value="Veerenni tn 53a"/>
      <city value="Tallinn"/>
      <country value="EE"/>
    </address>
  </contact>
</Organization>