<?xml version="1.0" encoding="UTF-8"?>

<Practitioner xmlns="http://hl7.org/fhir">
  <id value="D99876"/>
  <meta>
    <profile value="https://fhir.ee/base/StructureDefinition/ee-practitioner"/>
  </meta>
  <text>
    <status value="generated"/><div xmlns="http://www.w3.org/1999/xhtml"><p class="res-header-id"><b>Generated Narrative: Practitioner D99876</b></p><a name="D99876"> </a><a name="hcD99876"> </a><a name="D99876-en-US"> </a><p><b>identifier</b>: <code>https://fhir.ee/sid/pro/est/pho</code>/D99876, <a href="https://fhir.ee/packages/terminology/0.2.2/site/NamingSystem-pid-est-ni.html" title="The personal national identification code of Estonian citizens and residents.">Estonian Personal National Identification Code</a>/35006080229</p><p><b>active</b>: true</p><p><b>name</b>: Paavo Arst </p><h3>Qualifications</h3><table class="grid"><tr><td style="display: none">-</td><td><b>Code</b></td></tr><tr><td style="display: none">*</td><td><span title="Codes:{http://terminology.hl7.org/CodeSystem/v2-0360 MD}">pediaatria</span></td></tr></table></div>
  </text>
  <identifier>
    <system value="https://fhir.ee/sid/pro/est/pho"/>
    <value value="D99876"/>
  </identifier>
  <identifier>
    <system value="https://fhir.ee/sid/pid/est/ni"/>
    <value value="35006080229"/>
  </identifier>
  <active value="true"/>
  <name>
    <family value="Arst"/>
    <given value="Paavo"/>
  </name>
  <qualification>
    <code>
      <coding>
        <system value="http://terminology.hl7.org/CodeSystem/v2-0360"/>
        <code value="MD"/>
        <display value="Doctor of Medicine"/>
      </coding>
      <text value="pediaatria"/>
    </code>
  </qualification>
</Practitioner>