<?xml version="1.0" encoding="UTF-8"?>

<RelatedPerson xmlns="http://hl7.org/fhir">
  <id value="Mets2Meri"/>
  <meta>
    <profile value="https://fhir.ee/base/StructureDefinition/ee-related-person"/>
  </meta>
  <text>
    <status value="generated"/><div xmlns="http://www.w3.org/1999/xhtml"><p class="res-header-id"><b>Generated Narrative: RelatedPerson Mets2Meri</b></p><a name="Mets2Meri"> </a><a name="hcMets2Meri"> </a><a name="Mets2Meri-en-US"> </a><p><b>patient</b>: <a href="Patient-pat1.html">Mart Mets (official) Male, DoB: 1973-02-10 ( https://fhir.ee/sid/pid/est/ni#Estonian Personal National Identification Code#37302102711)</a></p><p><b>relationship</b>: <span title="Codes:{http://terminology.hl7.org/CodeSystem/v3-RoleClass ECON}">emergency contact</span>, <span title="Codes:{http://snomed.info/sct 113163005}">Friend</span></p><p><b>name</b>: Mari Meri</p></div>
  </text>
  <patient>
    <reference value="Patient/pat1"/>
  </patient>
  <relationship>
    <coding>
      <system value="http://terminology.hl7.org/CodeSystem/v3-RoleClass"/>
      <code value="ECON"/>
      <display value="emergency contact"/>
    </coding>
  </relationship>
  <relationship>
    <coding>
      <system value="http://snomed.info/sct"/>
      <code value="113163005"/>
      <display value="Friend"/>
    </coding>
  </relationship>
  <name>
    <text value="Mari Meri"/>
  </name>
</RelatedPerson>