URL,Version,Status,OIDs,Name,Title,Descriptino,Uses,Used,Sources
http://hl7.org/fhir/ValueSet/iso3166-1-2,5.0.0,active,,Iso316612,Iso 3166 Part 1: 2 Letter Codes,"This value set defines the ISO 3166 Part 1 2-letter codes","StructureDefinition/ee-address","hl7.terminology.r5"
http://terminology.hl7.org/ValueSet/v3-RoleClass,3.0.0,active,"2.16.840.1.113883.1.11.11555",RoleClass,RoleClass,"This table includes codes for the Role class hierarchy. The values in this hierarchy, represent a Role which is an association or relationship between two entities - the entity that plays the role and the entity that scopes the role. Roles names are derived from the name of the playing entity in that role.    The role hierarchy stems from three core concepts, or abstract domains:     *  **RoleClassOntological** is an abstract domain that collects roles in which the playing entity is defined or specified by the scoping entity.   *  **RoleClassPartitive** collects roles in which the playing entity is in some sense a ""part"" of the scoping entity.   *  **RoleClassAssociative** collects all of the remaining forms of association between the playing entity and the scoping entity. This set of roles is further partitioned between:             *  **RoleClassPassive** which are roles in which the playing entity is used, known, treated, handled, built, or destroyed, etc. under the auspices of the scoping entity. The playing entity is passive in these roles in that the role exists without an agreement from the playing entity.       *  **RoleClassMutualRelationship** which are relationships based on mutual behavior of the two entities. The basis of these relationship may be formal agreements or they may be *de facto* behavior. Thus, this sub-domain is further divided into:                     *  **RoleClassRelationshipFormal** in which the relationship is formally defined, frequently by a contract or agreement.           *  **Personal relationship** which inks two people in a personal relationship.    The hierarchy discussed above is represented In the current vocabulary tables as a set of abstract domains, with the exception of the ""Personal relationship"" which is a leaf concept.","StructureDefinition/ee-related-person","THO (V3)"
https://fhir.ee/ValueSet/act-priority,0.2.2,active,,EEActPriority,Act Priority,"Act Priority","StructureDefinition/ee-encounter",
https://fhir.ee/ValueSet/administrative-gender,0.2.2,active,,EEAdministrativeGender,Administrative Gender,"Administrative Gender","StructureDefinition/ee-patient","hl7.fhir.r5.core"
https://fhir.ee/ValueSet/ads-adr-id,0.2.2,active,,EEAdsAdrId,ADS AdrId,"Address identifiers in the Estonian Address.","StructureDefinition/ee-ads-adr-id","ee.fhir.terminology"
https://fhir.ee/ValueSet/ads-oid,0.2.2,active,,EEAdsOid,ADS Oid,"Address objects in the Estonian Address System.","StructureDefinition/ee-ads-oid","ee.fhir.terminology"
https://fhir.ee/ValueSet/clinical-specialty,0.2.2,active,,EEClinicalSpecialty,Clinical Specialty,"Clinical specialty (aka 'tegevusvaldkond' in Estonian)","StructureDefinition/ee-practitioner-role","SCT"
https://fhir.ee/ValueSet/date-accuracy-indicator,0.2.2,active,,EEDateAccuracyIndicator,Date Accuracy Indicator,"Date Accuracy Indicator","StructureDefinition/ee-date-accuracy-indicator","ee.fhir.terminology"
https://fhir.ee/ValueSet/degree-license-certificate,0.2.2,active,,EEBaseDegreeLicenseCertificate,Qualification,"Qualification based on the education","StructureDefinition/ee-practitioner","THO (V2)"
https://fhir.ee/ValueSet/encounter-class,0.2.2,active,,EEEncounterClass,Encounter Class,"This value set defines a set of codes that can be used to indicate the class of encounter: a specific code indicating class of service provided.","StructureDefinition/ee-encounter",
https://fhir.ee/ValueSet/eriala,0.2.2,active,,EEEriala,Eriala,"Medre Specialty. TIS erialade loend.","StructureDefinition/ee-practitioner-role","ee.fhir.terminology"
https://fhir.ee/ValueSet/location-form,0.2.2,active,,EELocationForm,Location Form,"Location Form","StructureDefinition/ee-location","THO"
https://fhir.ee/ValueSet/mode-of-arrival,0.2.2,active,,EEModeOfArrival,Mode Of Arrival,"Mode Of Arrival","StructureDefinition/ee-mode-of-arrival","THO (V2),ee.fhir.terminology"
https://fhir.ee/ValueSet/observation-category,0.2.2,active,,EEObservationCategory,Observation Category,"Observation category","StructureDefinition/ee-observation","THO"
https://fhir.ee/ValueSet/occupation,0.2.2,active,,EEOccupation,Occupation,"Classification of Occupations","StructureDefinition/ee-practitioner-role","ee.fhir.terminology"
https://fhir.ee/ValueSet/organization-identifier-domain,0.2.2,active,,EEBaseOrganizationIdentifierDomain,Organization Identifier Domain,"Identifier systems acceptable for organization identification","StructureDefinition/ee-organization","ee.fhir.terminology"
https://fhir.ee/ValueSet/organization-type,0.2.2,active,,EEOrganizationType,Organization Types,"Organization Types","StructureDefinition/ee-organization","THO"
https://fhir.ee/ValueSet/patient-identifier-domain,0.2.2,active,,EEBasePatientIdentifierDomain,Patient Identifier Domain,"Identity systems acceptable for patient identification","StructureDefinition/ee-patient,StructureDefinition/ee-related-person","ee.fhir.terminology"
https://fhir.ee/ValueSet/person-relationship,0.2.2,active,,EEPersonRelationship,Person Relationship,"Suhe patsiendiga","StructureDefinition/ee-related-person","SCT"
https://fhir.ee/ValueSet/practitioner-identifier-domain,0.2.2,active,,EEBasePractitionerIdentifierDomain,Practitioner Identifier Domain,"Identifier systems acceptable for practitioner identification","StructureDefinition/ee-practitioner","ee.fhir.terminology"
https://fhir.ee/ValueSet/practitioner-role,0.2.2,active,,EEPractitionerRole,Practitioner Role,"The role of practitioner in the healthcare facility.","StructureDefinition/ee-practitioner-role","THO"
