{
  "codeSystems" : [
    {
      "url" : "http://hl7.org/fhir/ValueSet/iso3166-1-2",
      "version" : "5.0.0",
      "status" : "active",
      "name" : "Iso316612",
      "title" : "Iso 3166 Part 1: 2 Letter Codes",
      "description" : "This value set defines the ISO 3166 Part 1 2-letter codes",
      "systems" : ["urn:iso:std:iso:3166"],
      "uses" : {
      },
      "StructureDefinition-ee-address.html" : "EEBase Address"
    },
    {
      "url" : "http://terminology.hl7.org/ValueSet/v3-RoleClass",
      "version" : "3.0.0",
      "status" : "active",
      "name" : "RoleClass",
      "title" : "RoleClass",
      "description" : "This table includes codes for the Role class hierarchy. The values in this hierarchy, represent a Role which is an association or relationship between two entities - the entity that plays the role and the entity that scopes the role. Roles names are derived from the name of the playing entity in that role.\r\n\r\nThe role hierarchy stems from three core concepts, or abstract domains:\r\n\r\n *  **RoleClassOntological** is an abstract domain that collects roles in which the playing entity is defined or specified by the scoping entity.\r\n *  **RoleClassPartitive** collects roles in which the playing entity is in some sense a \"part\" of the scoping entity.\r\n *  **RoleClassAssociative** collects all of the remaining forms of association between the playing entity and the scoping entity. This set of roles is further partitioned between:\r\n    \r\n     *  **RoleClassPassive** which are roles in which the playing entity is used, known, treated, handled, built, or destroyed, etc. under the auspices of the scoping entity. The playing entity is passive in these roles in that the role exists without an agreement from the playing entity.\r\n     *  **RoleClassMutualRelationship** which are relationships based on mutual behavior of the two entities. The basis of these relationship may be formal agreements or they may be *de facto* behavior. Thus, this sub-domain is further divided into:\r\n        \r\n         *  **RoleClassRelationshipFormal** in which the relationship is formally defined, frequently by a contract or agreement.\r\n         *  **Personal relationship** which inks two people in a personal relationship.\r\n\r\nThe hierarchy discussed above is represented In the current vocabulary tables as a set of abstract domains, with the exception of the \"Personal relationship\" which is a leaf concept.",
      "systems" : ["http://terminology.hl7.org/CodeSystem/v3-RoleClass"],
      "oids" : ["2.16.840.1.113883.1.11.11555"],
      "sources" : ["2.16.840.1.113883.1.11.11555"],
      "uses" : {
      },
      "StructureDefinition-ee-related-person.html" : "EEBase RelatedPerson"
    },
    {
      "url" : "https://fhir.ee/ValueSet/act-priority",
      "version" : "0.2.2",
      "status" : "active",
      "name" : "EEActPriority",
      "title" : "Act Priority",
      "description" : "Act Priority",
      "systems" : ["http://terminology.hl7.org/CodeSystem/v3-ActPriority"],
      "uses" : {
      },
      "StructureDefinition-ee-encounter.html" : "EEBase Encounter"
    },
    {
      "url" : "https://fhir.ee/ValueSet/administrative-gender",
      "version" : "0.2.2",
      "status" : "active",
      "name" : "EEAdministrativeGender",
      "title" : "Administrative Gender",
      "description" : "Administrative Gender",
      "systems" : ["http://hl7.org/fhir/administrative-gender"],
      "uses" : {
      },
      "StructureDefinition-ee-patient.html" : "EEBase Patient"
    },
    {
      "url" : "https://fhir.ee/ValueSet/ads-adr-id",
      "version" : "0.2.2",
      "status" : "active",
      "name" : "EEAdsAdrId",
      "title" : "ADS AdrId",
      "description" : "Address identifiers in the Estonian Address.",
      "systems" : ["https://fhir.ee/CodeSystem/ads-adr-id"],
      "uses" : {
      },
      "StructureDefinition-ee-ads-adr-id.html" : "EEBase ADS AdrId"
    },
    {
      "url" : "https://fhir.ee/ValueSet/ads-oid",
      "version" : "0.2.2",
      "status" : "active",
      "name" : "EEAdsOid",
      "title" : "ADS Oid",
      "description" : "Address objects in the Estonian Address System.",
      "systems" : ["https://fhir.ee/CodeSystem/ads-oid"],
      "uses" : {
      },
      "StructureDefinition-ee-ads-oid.html" : "EEBase ADS Oid"
    },
    {
      "url" : "https://fhir.ee/ValueSet/clinical-specialty",
      "version" : "0.2.2",
      "status" : "active",
      "name" : "EEClinicalSpecialty",
      "title" : "Clinical Specialty",
      "description" : "Clinical specialty (aka 'tegevusvaldkond' in Estonian)",
      "systems" : ["http://snomed.info/sct"],
      "uses" : {
      },
      "StructureDefinition-ee-practitioner-role.html" : "EEBase PractitionerRole"
    },
    {
      "url" : "https://fhir.ee/ValueSet/date-accuracy-indicator",
      "version" : "0.2.2",
      "status" : "active",
      "name" : "EEDateAccuracyIndicator",
      "title" : "Date Accuracy Indicator",
      "description" : "Date Accuracy Indicator",
      "systems" : ["https://fhir.ee/CodeSystem/date-accuracy-indicator"],
      "uses" : {
      },
      "StructureDefinition-ee-date-accuracy-indicator.html" : "EEBase Date Accuracy Indicator"
    },
    {
      "url" : "https://fhir.ee/ValueSet/degree-license-certificate",
      "version" : "0.2.2",
      "status" : "active",
      "name" : "EEBaseDegreeLicenseCertificate",
      "title" : "Qualification",
      "description" : "Qualification based on the education",
      "systems" : ["http://terminology.hl7.org/CodeSystem/v2-0360"],
      "uses" : {
      },
      "StructureDefinition-ee-practitioner.html" : "EEBase Practitioner"
    },
    {
      "url" : "https://fhir.ee/ValueSet/encounter-class",
      "version" : "0.2.2",
      "status" : "active",
      "name" : "EEEncounterClass",
      "title" : "Encounter Class",
      "description" : "This value set defines a set of codes that can be used to indicate the class of encounter: a specific code indicating class of service provided.",
      "systems" : ["http://terminology.hl7.org/CodeSystem/v3-ActCode"],
      "uses" : {
      },
      "StructureDefinition-ee-encounter.html" : "EEBase Encounter"
    },
    {
      "url" : "https://fhir.ee/ValueSet/eriala",
      "version" : "0.2.2",
      "status" : "active",
      "name" : "EEEriala",
      "title" : "Eriala",
      "description" : "Medre Specialty. TIS erialade loend.",
      "systems" : ["https://fhir.ee/CodeSystem/eriala"],
      "uses" : {
      },
      "StructureDefinition-ee-practitioner-role.html" : "EEBase PractitionerRole"
    },
    {
      "url" : "https://fhir.ee/ValueSet/location-form",
      "version" : "0.2.2",
      "status" : "active",
      "name" : "EELocationForm",
      "title" : "Location Form",
      "description" : "Location Form",
      "systems" : [
        "http://terminology.hl7.org/CodeSystem/location-physical-type"
      ],
      "uses" : {
      },
      "StructureDefinition-ee-location.html" : "EEBase Location"
    },
    {
      "url" : "https://fhir.ee/ValueSet/mode-of-arrival",
      "version" : "0.2.2",
      "status" : "active",
      "name" : "EEModeOfArrival",
      "title" : "Mode Of Arrival",
      "description" : "Mode Of Arrival",
      "systems" : [
        "https://fhir.ee/CodeSystem/mode-of-arrival",
        "http://terminology.hl7.org/CodeSystem/v2-0430"
      ],
      "uses" : {
      },
      "StructureDefinition-ee-mode-of-arrival.html" : "EEBase ModeOfArrival"
    },
    {
      "url" : "https://fhir.ee/ValueSet/observation-category",
      "version" : "0.2.2",
      "status" : "active",
      "name" : "EEObservationCategory",
      "title" : "Observation Category",
      "description" : "Observation category",
      "systems" : ["http://terminology.hl7.org/CodeSystem/observation-category"],
      "uses" : {
      },
      "StructureDefinition-ee-observation.html" : "EEBase Observation"
    },
    {
      "url" : "https://fhir.ee/ValueSet/occupation",
      "version" : "0.2.2",
      "status" : "active",
      "name" : "EEOccupation",
      "title" : "Occupation",
      "description" : "Classification of Occupations",
      "systems" : ["https://fhir.ee/CodeSystem/occupation"],
      "uses" : {
      },
      "StructureDefinition-ee-practitioner-role.html" : "EEBase PractitionerRole"
    },
    {
      "url" : "https://fhir.ee/ValueSet/organization-identifier-domain",
      "version" : "0.2.2",
      "status" : "active",
      "name" : "EEBaseOrganizationIdentifierDomain",
      "title" : "Organization Identifier Domain",
      "description" : "Identifier systems acceptable for organization identification",
      "systems" : ["https://fhir.ee/CodeSystem/identifier-domain"],
      "uses" : {
      },
      "StructureDefinition-ee-organization.html" : "EEBase Organization"
    },
    {
      "url" : "https://fhir.ee/ValueSet/organization-type",
      "version" : "0.2.2",
      "status" : "active",
      "name" : "EEOrganizationType",
      "title" : "Organization Types",
      "description" : "Organization Types",
      "systems" : ["http://terminology.hl7.org/CodeSystem/organization-type"],
      "uses" : {
      },
      "StructureDefinition-ee-organization.html" : "EEBase Organization"
    },
    {
      "url" : "https://fhir.ee/ValueSet/patient-identifier-domain",
      "version" : "0.2.2",
      "status" : "active",
      "name" : "EEBasePatientIdentifierDomain",
      "title" : "Patient Identifier Domain",
      "description" : "Identity systems acceptable for patient identification",
      "systems" : ["https://fhir.ee/CodeSystem/identifier-domain"],
      "uses" : {
      },
      "StructureDefinition-ee-related-person.html" : "EEBase RelatedPerson",
      "StructureDefinition-ee-patient.html" : "EEBase Patient"
    },
    {
      "url" : "https://fhir.ee/ValueSet/person-relationship",
      "version" : "0.2.2",
      "status" : "active",
      "name" : "EEPersonRelationship",
      "title" : "Person Relationship",
      "description" : "Suhe patsiendiga",
      "systems" : ["http://snomed.info/sct"],
      "uses" : {
      },
      "StructureDefinition-ee-related-person.html" : "EEBase RelatedPerson"
    },
    {
      "url" : "https://fhir.ee/ValueSet/practitioner-identifier-domain",
      "version" : "0.2.2",
      "status" : "active",
      "name" : "EEBasePractitionerIdentifierDomain",
      "title" : "Practitioner Identifier Domain",
      "description" : "Identifier systems acceptable for practitioner identification",
      "systems" : ["https://fhir.ee/CodeSystem/identifier-domain"],
      "uses" : {
      },
      "StructureDefinition-ee-practitioner.html" : "EEBase Practitioner"
    },
    {
      "url" : "https://fhir.ee/ValueSet/practitioner-role",
      "version" : "0.2.2",
      "status" : "active",
      "name" : "EEPractitionerRole",
      "title" : "Practitioner Role",
      "description" : "The role of practitioner in the healthcare facility.",
      "systems" : ["http://terminology.hl7.org/CodeSystem/practitioner-role"],
      "uses" : {
      },
      "StructureDefinition-ee-practitioner-role.html" : "EEBase PractitionerRole"
    }
  ]
}
