<?xml version="1.0" encoding="UTF-8"?>

<CodeSystem xmlns="http://hl7.org/fhir">
  <id value="date-accuracy-indicator"/>
  <text>
    <status value="generated"/><div xmlns="http://www.w3.org/1999/xhtml"><p class="res-header-id"><b>Generated Narrative: CodeSystem date-accuracy-indicator</b></p><a name="date-accuracy-indicator"> </a><a name="hcdate-accuracy-indicator"> </a><a name="date-accuracy-indicator-en-US"> </a><p>This case-insensitive code system <code>https://fhir.ee/CodeSystem/date-accuracy-indicator</code> defines the following codes:</p><table class="codes"><tr><td style="white-space:nowrap"><b>Code</b></td><td><b>Display</b></td></tr><tr><td style="white-space:nowrap">AAA<a name="date-accuracy-indicator-AAA"> </a></td><td>Day, month and year are accurate</td></tr><tr><td style="white-space:nowrap">AAE<a name="date-accuracy-indicator-AAE"> </a></td><td>Day and month are accurate, year is estimated</td></tr><tr><td style="white-space:nowrap">AAU<a name="date-accuracy-indicator-AAU"> </a></td><td>Day and month are accurate, year is unknown</td></tr><tr><td style="white-space:nowrap">AEA<a name="date-accuracy-indicator-AEA"> </a></td><td>Day is accurate, month is estimated, year is accurate</td></tr><tr><td style="white-space:nowrap">AEE<a name="date-accuracy-indicator-AEE"> </a></td><td>Day is accurate, month and year are estimated</td></tr><tr><td style="white-space:nowrap">AEU<a name="date-accuracy-indicator-AEU"> </a></td><td>Day is accurate, month is estimated, year is unknown</td></tr><tr><td style="white-space:nowrap">AUA<a name="date-accuracy-indicator-AUA"> </a></td><td>Day is accurate, month is unknown, year is accurate</td></tr><tr><td style="white-space:nowrap">AUE<a name="date-accuracy-indicator-AUE"> </a></td><td>Day is accurate, month is unknown, year is estimated</td></tr><tr><td style="white-space:nowrap">AUU<a name="date-accuracy-indicator-AUU"> </a></td><td>Day is accurate, month and year are unknown</td></tr><tr><td style="white-space:nowrap">EAA<a name="date-accuracy-indicator-EAA"> </a></td><td>Day is estimated, month and year are accurate</td></tr><tr><td style="white-space:nowrap">EAE<a name="date-accuracy-indicator-EAE"> </a></td><td>Day is estimated, month is accurate, year is estimated</td></tr><tr><td style="white-space:nowrap">EAU<a name="date-accuracy-indicator-EAU"> </a></td><td>Day is estimated, month is accurate, year is unknown</td></tr><tr><td style="white-space:nowrap">EEA<a name="date-accuracy-indicator-EEA"> </a></td><td>Day and month are estimated, year is accurate</td></tr><tr><td style="white-space:nowrap">EEE<a name="date-accuracy-indicator-EEE"> </a></td><td>Day, month and year are estimated</td></tr><tr><td style="white-space:nowrap">EEU<a name="date-accuracy-indicator-EEU"> </a></td><td>Day and month are estimated, year is unknown</td></tr><tr><td style="white-space:nowrap">EUA<a name="date-accuracy-indicator-EUA"> </a></td><td>Day is estimated, month is unknown, year is accurate</td></tr><tr><td style="white-space:nowrap">EUE<a name="date-accuracy-indicator-EUE"> </a></td><td>Day is estimated, month is unknown, year is estimated</td></tr><tr><td style="white-space:nowrap">EUU<a name="date-accuracy-indicator-EUU"> </a></td><td>Day is estimated, month and year are unknown</td></tr><tr><td style="white-space:nowrap">UAA<a name="date-accuracy-indicator-UAA"> </a></td><td>Day is unknown, month and year are accurate</td></tr><tr><td style="white-space:nowrap">UAE<a name="date-accuracy-indicator-UAE"> </a></td><td>Day is unknown, month is accurate, year is estimated</td></tr><tr><td style="white-space:nowrap">UAU<a name="date-accuracy-indicator-UAU"> </a></td><td>Day is unknown, month is accurate, year is unknown</td></tr><tr><td style="white-space:nowrap">UEA<a name="date-accuracy-indicator-UEA"> </a></td><td>Day is unknown, month is estimated, year is accurate</td></tr><tr><td style="white-space:nowrap">UEE<a name="date-accuracy-indicator-UEE"> </a></td><td>Day is unknown, month and year are estimated</td></tr><tr><td style="white-space:nowrap">UEU<a name="date-accuracy-indicator-UEU"> </a></td><td>Day is unknown, month is estimated, year is unknown</td></tr><tr><td style="white-space:nowrap">UUA<a name="date-accuracy-indicator-UUA"> </a></td><td>Day and month are unknown, year is accurate</td></tr><tr><td style="white-space:nowrap">UUE<a name="date-accuracy-indicator-UUE"> </a></td><td>Day and month are unknown, year is estimated</td></tr><tr><td style="white-space:nowrap">UUU<a name="date-accuracy-indicator-UUU"> </a></td><td>Day, month and year are unknown</td></tr></table></div>
  </text>
  <url value="https://fhir.ee/CodeSystem/date-accuracy-indicator"/>
  <version value="0.2.1"/>
  <name value="EEDateAccuracyIndicator"/>
  <title value="Date Accuracy Indicator"/>
  <status value="active"/>
  <experimental value="true"/>
  <date value="2024-07-30T17:19:44+03:00"/>
  <publisher value="HL7 Estonia"/>
  <contact>
    <name value="HL7 Estonia"/>
    <telecom>
      <system value="url"/>
      <value value="https://www.hl7.ee"/>
    </telecom>
  </contact>
  <description value="The Date Accuracy Indicator code system defines concepts that indicate the accuracy of components of a reported date. The concepts defined in this code system are equivalent to those defined in the METeOR value domains for Date—accuracy indicator, code AAA (http://meteor.aihw.gov.au/content/index.phtml/itemId/294429)."/>
  <jurisdiction>
    <coding>
      <system value="urn:iso:std:iso:3166"/>
      <code value="EE"/>
      <display value="Estonia"/>
    </coding>
  </jurisdiction>
  <caseSensitive value="false"/>
  <content value="complete"/>
  <count value="27"/>
  <concept>
    <code value="AAA"/>
    <display value="Day, month and year are accurate"/>
  </concept>
  <concept>
    <code value="AAE"/>
    <display value="Day and month are accurate, year is estimated"/>
  </concept>
  <concept>
    <code value="AAU"/>
    <display value="Day and month are accurate, year is unknown"/>
  </concept>
  <concept>
    <code value="AEA"/>
    <display value="Day is accurate, month is estimated, year is accurate"/>
  </concept>
  <concept>
    <code value="AEE"/>
    <display value="Day is accurate, month and year are estimated"/>
  </concept>
  <concept>
    <code value="AEU"/>
    <display value="Day is accurate, month is estimated, year is unknown"/>
  </concept>
  <concept>
    <code value="AUA"/>
    <display value="Day is accurate, month is unknown, year is accurate"/>
  </concept>
  <concept>
    <code value="AUE"/>
    <display value="Day is accurate, month is unknown, year is estimated"/>
  </concept>
  <concept>
    <code value="AUU"/>
    <display value="Day is accurate, month and year are unknown"/>
  </concept>
  <concept>
    <code value="EAA"/>
    <display value="Day is estimated, month and year are accurate"/>
  </concept>
  <concept>
    <code value="EAE"/>
    <display value="Day is estimated, month is accurate, year is estimated"/>
  </concept>
  <concept>
    <code value="EAU"/>
    <display value="Day is estimated, month is accurate, year is unknown"/>
  </concept>
  <concept>
    <code value="EEA"/>
    <display value="Day and month are estimated, year is accurate"/>
  </concept>
  <concept>
    <code value="EEE"/>
    <display value="Day, month and year are estimated"/>
  </concept>
  <concept>
    <code value="EEU"/>
    <display value="Day and month are estimated, year is unknown"/>
  </concept>
  <concept>
    <code value="EUA"/>
    <display value="Day is estimated, month is unknown, year is accurate"/>
  </concept>
  <concept>
    <code value="EUE"/>
    <display value="Day is estimated, month is unknown, year is estimated"/>
  </concept>
  <concept>
    <code value="EUU"/>
    <display value="Day is estimated, month and year are unknown"/>
  </concept>
  <concept>
    <code value="UAA"/>
    <display value="Day is unknown, month and year are accurate"/>
  </concept>
  <concept>
    <code value="UAE"/>
    <display value="Day is unknown, month is accurate, year is estimated"/>
  </concept>
  <concept>
    <code value="UAU"/>
    <display value="Day is unknown, month is accurate, year is unknown"/>
  </concept>
  <concept>
    <code value="UEA"/>
    <display value="Day is unknown, month is estimated, year is accurate"/>
  </concept>
  <concept>
    <code value="UEE"/>
    <display value="Day is unknown, month and year are estimated"/>
  </concept>
  <concept>
    <code value="UEU"/>
    <display value="Day is unknown, month is estimated, year is unknown"/>
  </concept>
  <concept>
    <code value="UUA"/>
    <display value="Day and month are unknown, year is accurate"/>
  </concept>
  <concept>
    <code value="UUE"/>
    <display value="Day and month are unknown, year is estimated"/>
  </concept>
  <concept>
    <code value="UUU"/>
    <display value="Day, month and year are unknown"/>
  </concept>
</CodeSystem>