URL,Version,Status,OIDs,Name,Title,Descriptino,Used
https://fhir.ee/CodeSystem/ads-adr-id,0.2.1,active,,EEAdsAdrId,ADS AdrId,"Address identifiers in the Estonian Address.",
https://fhir.ee/CodeSystem/ads-oid,0.2.1,active,,EEAdsOid,ADS Oid,"Address objects in the Estonian Address System.",
https://fhir.ee/CodeSystem/date-accuracy-indicator,0.2.1,active,,EEDateAccuracyIndicator,Date Accuracy Indicator,"The Date Accuracy Indicator code system defines concepts that indicate the accuracy of components of a reported date. The concepts defined in this code system are equivalent to those defined in the METeOR value domains for Date—accuracy indicator, code AAA (http://meteor.aihw.gov.au/content/index.phtml/itemId/294429).",
https://fhir.ee/CodeSystem/eriala,0.2.1,active,,EEEriala,Eriala,"Medre specialty. TIS erialad.",
https://fhir.ee/CodeSystem/hooldusoiguse-liik,0.2.1,active,,HooldusoiguseLiik,Hooldusõiguse liik,"Hooldusõiguse liik",
https://fhir.ee/CodeSystem/identifier-domain,0.2.1,active,,EEBaseIdentifierDomain,Identifier Domain,"Description of the identifier systems acceptable for entity identification",
https://fhir.ee/CodeSystem/mode-of-arrival,0.2.1,draft,,EEModeOfArrival,Mode Of Arrival,"The content of this code system is intended to supplement HL7's code system arrivalMode (version 2.1.0) with one additional code ('PV') for using in ValueSets",
https://fhir.ee/CodeSystem/national-identifier-requirement,0.2.1,active,,NationalIdentifierRequirement,National identifier requirement,"Nimekiri riikidest mille puhul on kohustuslik lisaks isiku identifitseerivale dokumendinumbrile määrata ka isikukood",
https://fhir.ee/CodeSystem/occupation,0.2.1,active,,EEOccupation,Classification of Occupations,"Estonian Edition of International Standard Classification of Occupations. Based on ISCO-88",
https://fhir.ee/CodeSystem/omandatud-korgeim-haridus,0.2.1,active,,OmandatudKorgeimHaridus,Omandatud kõrgeim haridus,"Omandatud kõrgeim haridustase",
https://fhir.ee/CodeSystem/puude-raskusaste,0.2.1,active,,PuudeRaskusaste,Puude raskusaste,"Puude raskusaste",
https://fhir.ee/CodeSystem/teovoime-staatus,0.2.1,active,,TeovoimeStaatus,Teovõime staatus,"The legal status that applies to the patient. The legal status indicates the basis on which the patient is staying in a healthcare organization. This can be either voluntary or involuntary, however the legal status is always determined by a judge. A patient can also receive healthcare based on a forensic status.",
https://fhir.ee/CodeSystem/tootamise-liik,0.2.1,draft,,TootamiseLiik,Töötamise liik,"",
https://fhir.ee/CodeSystem/toovoime-liik,0.2.1,active,,ToovoimeLiik,Töövõime liik,"Töövõime liik",
