{
  "resourceType" : "CodeSystem",
  "id" : "puude-raskusaste",
  "text" : {
    "status" : "generated",
    "div" : "<div xmlns=\"http://www.w3.org/1999/xhtml\"><p class=\"res-header-id\"><b>Generated Narrative: CodeSystem puude-raskusaste</b></p><a name=\"puude-raskusaste\"> </a><a name=\"hcpuude-raskusaste\"> </a><a name=\"puude-raskusaste-en-US\"> </a><p>This case-insensitive code system <code>https://fhir.ee/CodeSystem/puude-raskusaste</code> defines the following codes:</p><table class=\"codes\"><tr><td style=\"white-space:nowrap\"><b>Code</b></td><td><b>Display</b></td><td><b>Estonian (et)</b></td></tr><tr><td style=\"white-space:nowrap\">keskmine<a name=\"puude-raskusaste-keskmine\"> </a></td><td>Keskmine puue</td><td>KESKMINE_PUUE</td></tr><tr><td style=\"white-space:nowrap\">raske<a name=\"puude-raskusaste-raske\"> </a></td><td>Raske puue</td><td>RASKE_PUUE</td></tr><tr><td style=\"white-space:nowrap\">sygav<a name=\"puude-raskusaste-sygav\"> </a></td><td>Sügav puue</td><td>SYGAV_PUUE</td></tr></table></div>"
  },
  "url" : "https://fhir.ee/CodeSystem/puude-raskusaste",
  "version" : "0.2.1",
  "name" : "PuudeRaskusaste",
  "title" : "Puude raskusaste",
  "status" : "active",
  "experimental" : false,
  "date" : "2024-07-30T17:19:44+03:00",
  "publisher" : "HL7 Estonia",
  "contact" : [{
    "name" : "HL7 Estonia",
    "telecom" : [{
      "system" : "url",
      "value" : "https://www.hl7.ee"
    }]
  }],
  "description" : "Puude raskusaste",
  "jurisdiction" : [{
    "coding" : [{
      "system" : "urn:iso:std:iso:3166",
      "code" : "EE",
      "display" : "Estonia"
    }]
  }],
  "caseSensitive" : false,
  "content" : "complete",
  "count" : 3,
  "concept" : [{
    "code" : "keskmine",
    "display" : "Keskmine puue",
    "designation" : [{
      "language" : "et",
      "value" : "KESKMINE_PUUE"
    }]
  },
  {
    "code" : "raske",
    "display" : "Raske puue",
    "designation" : [{
      "language" : "et",
      "value" : "RASKE_PUUE"
    }]
  },
  {
    "code" : "sygav",
    "display" : "Sügav puue",
    "designation" : [{
      "language" : "et",
      "value" : "SYGAV_PUUE"
    }]
  }]
}