{
  "resourceType" : "ConceptMap",
  "id" : "person-relationship-v3-mpi",
  "text" : {
    "status" : "generated",
    "div" : "<div xmlns=\"http://www.w3.org/1999/xhtml\"><p class=\"res-header-id\"><b>Generated Narrative: ConceptMap person-relationship-v3-mpi</b></p><a name=\"person-relationship-v3-mpi\"> </a><a name=\"hcperson-relationship-v3-mpi\"> </a><a name=\"person-relationship-v3-mpi-en-US\"> </a><p>Mapping from urn:oid:1.3.6.1.4.1.28284.6.2.3.5 to <a href=\"ValueSet-person-relationship.html\">Person Relationship</a></p><p>ACTIVE. Published on 2023-09-25 by HL7 Estonia  (HL7 Estonia: <a href=\"https://www.hl7.ee\">https://www.hl7.ee</a>). </p><div><p>A mapping between the legacy and new person relationships</p>\n</div><br/><p><b>Group 1 </b>Mapping from <code>urn:oid:1.3.6.1.4.1.28284.6.2.3.5</code> to <a href=\"http://terminology.hl7.org/6.0.2/CodeSystem-v3-snomed-CT.html\">SNOMED\u00a0CT International Edition</a></p><table class=\"grid\"><tr><td><b>Source Code</b></td><td><b>Relationship</b></td><td><b>Target Code</b></td></tr><tr><td>1 (abikaasa)</td><td><a href=\"http://hl7.org/fhir/R5/codesystem-concept-map-relationship.html#equivalent\" title=\"equivalent\">is equivalent to</a></td><td>127848009 (Spouse)</td></tr><tr><td>2 (tütar)</td><td><a href=\"http://hl7.org/fhir/R5/codesystem-concept-map-relationship.html#source-is-narrower-than-target\" title=\"source-is-narrower-than-target\">is narrower than</a></td><td>67822003 (Child)</td></tr><tr><td>3 (poeg)</td><td><a href=\"http://hl7.org/fhir/R5/codesystem-concept-map-relationship.html#source-is-narrower-than-target\" title=\"source-is-narrower-than-target\">is narrower than</a></td><td>67822003 (Child)</td></tr><tr><td>4 (ema)</td><td><a href=\"http://hl7.org/fhir/R5/codesystem-concept-map-relationship.html#equivalent\" title=\"equivalent\">is equivalent to</a></td><td>72705000 (Mother)</td></tr><tr><td>5 (isa)</td><td><a href=\"http://hl7.org/fhir/R5/codesystem-concept-map-relationship.html#equivalent\" title=\"equivalent\">is equivalent to</a></td><td>66839005 (Father)</td></tr><tr><td>6 (õde)</td><td><a href=\"http://hl7.org/fhir/R5/codesystem-concept-map-relationship.html#source-is-narrower-than-target\" title=\"source-is-narrower-than-target\">is narrower than</a></td><td>125677006 (Relative)</td></tr><tr><td>7 (vend)</td><td><a href=\"http://hl7.org/fhir/R5/codesystem-concept-map-relationship.html#source-is-narrower-than-target\" title=\"source-is-narrower-than-target\">is narrower than</a></td><td>125677006 (Relative)</td></tr><tr><td>8 (vanaema)</td><td><a href=\"http://hl7.org/fhir/R5/codesystem-concept-map-relationship.html#source-is-narrower-than-target\" title=\"source-is-narrower-than-target\">is narrower than</a></td><td>125677006 (Relative)</td></tr><tr><td>9 (vanaisa)</td><td><a href=\"http://hl7.org/fhir/R5/codesystem-concept-map-relationship.html#source-is-narrower-than-target\" title=\"source-is-narrower-than-target\">is narrower than</a></td><td>125677006 (Relative)</td></tr><tr><td>10 (lapselaps)</td><td><a href=\"http://hl7.org/fhir/R5/codesystem-concept-map-relationship.html#source-is-narrower-than-target\" title=\"source-is-narrower-than-target\">is narrower than</a></td><td>125677006 (Relative)</td></tr><tr><td>11 (muu sugulane)</td><td><a href=\"http://hl7.org/fhir/R5/codesystem-concept-map-relationship.html#equivalent\" title=\"equivalent\">is equivalent to</a></td><td>125677006 (Relative)</td></tr><tr><td>12 (eestkostja)</td><td><a href=\"http://hl7.org/fhir/R5/codesystem-concept-map-relationship.html#source-is-narrower-than-target\" title=\"source-is-narrower-than-target\">is narrower than</a></td><td>394863008 (Non-family member (person))</td></tr><tr><td>13 (elukaaslane)</td><td><a href=\"http://hl7.org/fhir/R5/codesystem-concept-map-relationship.html#equivalent\" title=\"equivalent\">is equivalent to</a></td><td>394921008 (Cohabitee (person))</td></tr><tr><td>14 (naaber)</td><td><a href=\"http://hl7.org/fhir/R5/codesystem-concept-map-relationship.html#source-is-narrower-than-target\" title=\"source-is-narrower-than-target\">is narrower than</a></td><td>394863008 (Non-family member (person))</td></tr><tr><td>15 (töökaaslane)</td><td><a href=\"http://hl7.org/fhir/R5/codesystem-concept-map-relationship.html#source-is-narrower-than-target\" title=\"source-is-narrower-than-target\">is narrower than</a></td><td>394863008 (Non-family member (person))</td></tr><tr><td>16 (tuttav)</td><td><a href=\"http://hl7.org/fhir/R5/codesystem-concept-map-relationship.html#source-is-narrower-than-target\" title=\"source-is-narrower-than-target\">is narrower than</a></td><td>394863008 (Non-family member (person))</td></tr><tr><td>17 (sotsiaaltöötaja)</td><td><a href=\"http://hl7.org/fhir/R5/codesystem-concept-map-relationship.html#equivalent\" title=\"equivalent\">is equivalent to</a></td><td>106328005 (Social worker)</td></tr><tr><td>18 (kohaliku omavalitsuse esindaja)</td><td><a href=\"http://hl7.org/fhir/R5/codesystem-concept-map-relationship.html#source-is-narrower-than-target\" title=\"source-is-narrower-than-target\">is narrower than</a></td><td>394863008 (Non-family member (person))</td></tr><tr><td>99 (muu)</td><td><a href=\"http://hl7.org/fhir/R5/codesystem-concept-map-relationship.html#equivalent\" title=\"equivalent\">is equivalent to</a></td><td>394863008 (Non-family member (person))</td></tr></table></div>"
  },
  "url" : "https://fhir.ee/ConceptMap/person-relationship-v3-mpi",
  "version" : "0.2.1",
  "name" : "PersonRelationshipV3MPI",
  "title" : "Mapping of legacy V3 person relationship to MPI",
  "status" : "active",
  "experimental" : false,
  "date" : "2023-09-25",
  "publisher" : "HL7 Estonia",
  "contact" : [{
    "name" : "HL7 Estonia",
    "telecom" : [{
      "system" : "url",
      "value" : "https://www.hl7.ee"
    }]
  }],
  "description" : "A mapping between the legacy and new person relationships",
  "useContext" : [{
    "code" : {
      "system" : "http://terminology.hl7.org/CodeSystem/usage-context-type",
      "code" : "venue"
    },
    "valueCodeableConcept" : {
      "text" : "for NHIS usage"
    }
  }],
  "jurisdiction" : [{
    "coding" : [{
      "system" : "urn:iso:std:iso:3166",
      "code" : "EE",
      "display" : "Estonia"
    }]
  }],
  "sourceScopeUri" : "urn:oid:1.3.6.1.4.1.28284.6.2.3.5",
  "targetScopeUri" : "https://fhir.ee/ValueSet/person-relationship",
  "group" : [{
    "source" : "urn:oid:1.3.6.1.4.1.28284.6.2.3.5",
    "target" : "http://snomed.info/sct",
    "element" : [{
      "code" : "1",
      "display" : "abikaasa",
      "target" : [{
        "code" : "127848009",
        "relationship" : "equivalent"
      }]
    },
    {
      "code" : "2",
      "display" : "tütar",
      "target" : [{
        "code" : "67822003",
        "relationship" : "source-is-narrower-than-target"
      }]
    },
    {
      "code" : "3",
      "display" : "poeg",
      "target" : [{
        "code" : "67822003",
        "relationship" : "source-is-narrower-than-target"
      }]
    },
    {
      "code" : "4",
      "display" : "ema",
      "target" : [{
        "code" : "72705000",
        "relationship" : "equivalent"
      }]
    },
    {
      "code" : "5",
      "display" : "isa",
      "target" : [{
        "code" : "66839005",
        "relationship" : "equivalent"
      }]
    },
    {
      "code" : "6",
      "display" : "õde",
      "target" : [{
        "code" : "125677006",
        "relationship" : "source-is-narrower-than-target"
      }]
    },
    {
      "code" : "7",
      "display" : "vend",
      "target" : [{
        "code" : "125677006",
        "relationship" : "source-is-narrower-than-target"
      }]
    },
    {
      "code" : "8",
      "display" : "vanaema",
      "target" : [{
        "code" : "125677006",
        "relationship" : "source-is-narrower-than-target"
      }]
    },
    {
      "code" : "9",
      "display" : "vanaisa",
      "target" : [{
        "code" : "125677006",
        "relationship" : "source-is-narrower-than-target"
      }]
    },
    {
      "code" : "10",
      "display" : "lapselaps",
      "target" : [{
        "code" : "125677006",
        "relationship" : "source-is-narrower-than-target"
      }]
    },
    {
      "code" : "11",
      "display" : "muu sugulane",
      "target" : [{
        "code" : "125677006",
        "relationship" : "equivalent"
      }]
    },
    {
      "code" : "12",
      "display" : "eestkostja",
      "target" : [{
        "code" : "394863008",
        "relationship" : "source-is-narrower-than-target"
      }]
    },
    {
      "code" : "13",
      "display" : "elukaaslane",
      "target" : [{
        "code" : "394921008",
        "relationship" : "equivalent"
      }]
    },
    {
      "code" : "14",
      "display" : "naaber",
      "target" : [{
        "code" : "394863008",
        "relationship" : "source-is-narrower-than-target"
      }]
    },
    {
      "code" : "15",
      "display" : "töökaaslane",
      "target" : [{
        "code" : "394863008",
        "relationship" : "source-is-narrower-than-target"
      }]
    },
    {
      "code" : "16",
      "display" : "tuttav",
      "target" : [{
        "code" : "394863008",
        "relationship" : "source-is-narrower-than-target"
      }]
    },
    {
      "code" : "17",
      "display" : "sotsiaaltöötaja",
      "target" : [{
        "code" : "106328005",
        "relationship" : "equivalent"
      }]
    },
    {
      "code" : "18",
      "display" : "kohaliku omavalitsuse esindaja",
      "target" : [{
        "code" : "394863008",
        "relationship" : "source-is-narrower-than-target"
      }]
    },
    {
      "code" : "99",
      "display" : "muu",
      "target" : [{
        "code" : "394863008",
        "relationship" : "equivalent"
      }]
    }]
  }]
}