<?xml version="1.0" encoding="UTF-8"?>

<ConceptMap xmlns="http://hl7.org/fhir">
  <id value="person-relationship-v3-mpi"/>
  <text>
    <status value="generated"/><div xmlns="http://www.w3.org/1999/xhtml"><p class="res-header-id"><b>Generated Narrative: ConceptMap person-relationship-v3-mpi</b></p><a name="person-relationship-v3-mpi"> </a><a name="hcperson-relationship-v3-mpi"> </a><a name="person-relationship-v3-mpi-en-US"> </a><p>Mapping from urn:oid:1.3.6.1.4.1.28284.6.2.3.5 to <a href="ValueSet-person-relationship.html">Person Relationship</a></p><p>ACTIVE. Published on 2023-09-25 by HL7 Estonia  (HL7 Estonia: <a href="https://www.hl7.ee">https://www.hl7.ee</a>). </p><div><p>A mapping between the legacy and new person relationships</p>
</div><br/><p><b>Group 1 </b>Mapping from <code>urn:oid:1.3.6.1.4.1.28284.6.2.3.5</code> to <a href="http://terminology.hl7.org/6.0.2/CodeSystem-v3-snomed-CT.html">SNOMED CT International Edition</a></p><table class="grid"><tr><td><b>Source Code</b></td><td><b>Relationship</b></td><td><b>Target Code</b></td></tr><tr><td>1 (abikaasa)</td><td><a href="http://hl7.org/fhir/R5/codesystem-concept-map-relationship.html#equivalent" title="equivalent">is equivalent to</a></td><td>127848009 (Spouse)</td></tr><tr><td>2 (tütar)</td><td><a href="http://hl7.org/fhir/R5/codesystem-concept-map-relationship.html#source-is-narrower-than-target" title="source-is-narrower-than-target">is narrower than</a></td><td>67822003 (Child)</td></tr><tr><td>3 (poeg)</td><td><a href="http://hl7.org/fhir/R5/codesystem-concept-map-relationship.html#source-is-narrower-than-target" title="source-is-narrower-than-target">is narrower than</a></td><td>67822003 (Child)</td></tr><tr><td>4 (ema)</td><td><a href="http://hl7.org/fhir/R5/codesystem-concept-map-relationship.html#equivalent" title="equivalent">is equivalent to</a></td><td>72705000 (Mother)</td></tr><tr><td>5 (isa)</td><td><a href="http://hl7.org/fhir/R5/codesystem-concept-map-relationship.html#equivalent" title="equivalent">is equivalent to</a></td><td>66839005 (Father)</td></tr><tr><td>6 (õde)</td><td><a href="http://hl7.org/fhir/R5/codesystem-concept-map-relationship.html#source-is-narrower-than-target" title="source-is-narrower-than-target">is narrower than</a></td><td>125677006 (Relative)</td></tr><tr><td>7 (vend)</td><td><a href="http://hl7.org/fhir/R5/codesystem-concept-map-relationship.html#source-is-narrower-than-target" title="source-is-narrower-than-target">is narrower than</a></td><td>125677006 (Relative)</td></tr><tr><td>8 (vanaema)</td><td><a href="http://hl7.org/fhir/R5/codesystem-concept-map-relationship.html#source-is-narrower-than-target" title="source-is-narrower-than-target">is narrower than</a></td><td>125677006 (Relative)</td></tr><tr><td>9 (vanaisa)</td><td><a href="http://hl7.org/fhir/R5/codesystem-concept-map-relationship.html#source-is-narrower-than-target" title="source-is-narrower-than-target">is narrower than</a></td><td>125677006 (Relative)</td></tr><tr><td>10 (lapselaps)</td><td><a href="http://hl7.org/fhir/R5/codesystem-concept-map-relationship.html#source-is-narrower-than-target" title="source-is-narrower-than-target">is narrower than</a></td><td>125677006 (Relative)</td></tr><tr><td>11 (muu sugulane)</td><td><a href="http://hl7.org/fhir/R5/codesystem-concept-map-relationship.html#equivalent" title="equivalent">is equivalent to</a></td><td>125677006 (Relative)</td></tr><tr><td>12 (eestkostja)</td><td><a href="http://hl7.org/fhir/R5/codesystem-concept-map-relationship.html#source-is-narrower-than-target" title="source-is-narrower-than-target">is narrower than</a></td><td>394863008 (Non-family member (person))</td></tr><tr><td>13 (elukaaslane)</td><td><a href="http://hl7.org/fhir/R5/codesystem-concept-map-relationship.html#equivalent" title="equivalent">is equivalent to</a></td><td>394921008 (Cohabitee (person))</td></tr><tr><td>14 (naaber)</td><td><a href="http://hl7.org/fhir/R5/codesystem-concept-map-relationship.html#source-is-narrower-than-target" title="source-is-narrower-than-target">is narrower than</a></td><td>394863008 (Non-family member (person))</td></tr><tr><td>15 (töökaaslane)</td><td><a href="http://hl7.org/fhir/R5/codesystem-concept-map-relationship.html#source-is-narrower-than-target" title="source-is-narrower-than-target">is narrower than</a></td><td>394863008 (Non-family member (person))</td></tr><tr><td>16 (tuttav)</td><td><a href="http://hl7.org/fhir/R5/codesystem-concept-map-relationship.html#source-is-narrower-than-target" title="source-is-narrower-than-target">is narrower than</a></td><td>394863008 (Non-family member (person))</td></tr><tr><td>17 (sotsiaaltöötaja)</td><td><a href="http://hl7.org/fhir/R5/codesystem-concept-map-relationship.html#equivalent" title="equivalent">is equivalent to</a></td><td>106328005 (Social worker)</td></tr><tr><td>18 (kohaliku omavalitsuse esindaja)</td><td><a href="http://hl7.org/fhir/R5/codesystem-concept-map-relationship.html#source-is-narrower-than-target" title="source-is-narrower-than-target">is narrower than</a></td><td>394863008 (Non-family member (person))</td></tr><tr><td>99 (muu)</td><td><a href="http://hl7.org/fhir/R5/codesystem-concept-map-relationship.html#equivalent" title="equivalent">is equivalent to</a></td><td>394863008 (Non-family member (person))</td></tr></table></div>
  </text>
  <url value="https://fhir.ee/ConceptMap/person-relationship-v3-mpi"/>
  <version value="0.2.1"/>
  <name value="PersonRelationshipV3MPI"/>
  <title value="Mapping of legacy V3 person relationship to MPI"/>
  <status value="active"/>
  <experimental value="false"/>
  <date value="2023-09-25"/>
  <publisher value="HL7 Estonia"/>
  <contact>
    <name value="HL7 Estonia"/>
    <telecom>
      <system value="url"/>
      <value value="https://www.hl7.ee"/>
    </telecom>
  </contact>
  <description value="A mapping between the legacy and new person relationships"/>
  <useContext>
    <code>
      <system value="http://terminology.hl7.org/CodeSystem/usage-context-type"/>
      <code value="venue"/>
    </code>
    <valueCodeableConcept>
      <text value="for NHIS usage"/>
    </valueCodeableConcept>
  </useContext>
  <jurisdiction>
    <coding>
      <system value="urn:iso:std:iso:3166"/>
      <code value="EE"/>
      <display value="Estonia"/>
    </coding>
  </jurisdiction>
  <sourceScopeUri value="urn:oid:1.3.6.1.4.1.28284.6.2.3.5"/>
  <targetScopeUri value="https://fhir.ee/ValueSet/person-relationship"/>
  <group>
    <source value="urn:oid:1.3.6.1.4.1.28284.6.2.3.5"/>
    <target value="http://snomed.info/sct"/>
    <element>
      <code value="1"/>
      <display value="abikaasa"/>
      <target>
        <code value="127848009"/>
        <relationship value="equivalent"/>
      </target>
    </element>
    <element>
      <code value="2"/>
      <display value="tütar"/>
      <target>
        <code value="67822003"/>
        <relationship value="source-is-narrower-than-target"/>
      </target>
    </element>
    <element>
      <code value="3"/>
      <display value="poeg"/>
      <target>
        <code value="67822003"/>
        <relationship value="source-is-narrower-than-target"/>
      </target>
    </element>
    <element>
      <code value="4"/>
      <display value="ema"/>
      <target>
        <code value="72705000"/>
        <relationship value="equivalent"/>
      </target>
    </element>
    <element>
      <code value="5"/>
      <display value="isa"/>
      <target>
        <code value="66839005"/>
        <relationship value="equivalent"/>
      </target>
    </element>
    <element>
      <code value="6"/>
      <display value="õde"/>
      <target>
        <code value="125677006"/>
        <relationship value="source-is-narrower-than-target"/>
      </target>
    </element>
    <element>
      <code value="7"/>
      <display value="vend"/>
      <target>
        <code value="125677006"/>
        <relationship value="source-is-narrower-than-target"/>
      </target>
    </element>
    <element>
      <code value="8"/>
      <display value="vanaema"/>
      <target>
        <code value="125677006"/>
        <relationship value="source-is-narrower-than-target"/>
      </target>
    </element>
    <element>
      <code value="9"/>
      <display value="vanaisa"/>
      <target>
        <code value="125677006"/>
        <relationship value="source-is-narrower-than-target"/>
      </target>
    </element>
    <element>
      <code value="10"/>
      <display value="lapselaps"/>
      <target>
        <code value="125677006"/>
        <relationship value="source-is-narrower-than-target"/>
      </target>
    </element>
    <element>
      <code value="11"/>
      <display value="muu sugulane"/>
      <target>
        <code value="125677006"/>
        <relationship value="equivalent"/>
      </target>
    </element>
    <element>
      <code value="12"/>
      <display value="eestkostja"/>
      <target>
        <code value="394863008"/>
        <relationship value="source-is-narrower-than-target"/>
      </target>
    </element>
    <element>
      <code value="13"/>
      <display value="elukaaslane"/>
      <target>
        <code value="394921008"/>
        <relationship value="equivalent"/>
      </target>
    </element>
    <element>
      <code value="14"/>
      <display value="naaber"/>
      <target>
        <code value="394863008"/>
        <relationship value="source-is-narrower-than-target"/>
      </target>
    </element>
    <element>
      <code value="15"/>
      <display value="töökaaslane"/>
      <target>
        <code value="394863008"/>
        <relationship value="source-is-narrower-than-target"/>
      </target>
    </element>
    <element>
      <code value="16"/>
      <display value="tuttav"/>
      <target>
        <code value="394863008"/>
        <relationship value="source-is-narrower-than-target"/>
      </target>
    </element>
    <element>
      <code value="17"/>
      <display value="sotsiaaltöötaja"/>
      <target>
        <code value="106328005"/>
        <relationship value="equivalent"/>
      </target>
    </element>
    <element>
      <code value="18"/>
      <display value="kohaliku omavalitsuse esindaja"/>
      <target>
        <code value="394863008"/>
        <relationship value="source-is-narrower-than-target"/>
      </target>
    </element>
    <element>
      <code value="99"/>
      <display value="muu"/>
      <target>
        <code value="394863008"/>
        <relationship value="equivalent"/>
      </target>
    </element>
  </group>
</ConceptMap>