<?xml version="1.0" encoding="UTF-8"?>

<NamingSystem xmlns="http://hl7.org/fhir">
  <id value="pro-est-pho"/>
  <text>
    <status value="generated"/><div xmlns="http://www.w3.org/1999/xhtml"><p class="res-header-id"><b>Generated Narrative: NamingSystem pro-est-pho</b></p><a name="pro-est-pho"> </a><a name="hcpro-est-pho"> </a><a name="pro-est-pho-en-US"> </a><h3>Summary</h3><table class="grid"><tr><td>Defining URL</td><td>https://fhir.ee/NamingSystem/pro-est-pho</td></tr><tr><td>Version</td><td>0.2.1</td></tr><tr><td>Name</td><td>ProEstPho</td></tr><tr><td>Title</td><td>Estonian Medre Health Professional Official ID</td></tr><tr><td>Status</td><td>draft</td></tr><tr><td>Definition</td><td><div><p>The official identifier of Estonian health care professional registered at Health Board.</p>
</div></td></tr><tr><td>Publisher</td><td>HL7 Estonia</td></tr></table><h3>Identifiers</h3><table class="grid"><tr><td><b>Type</b></td><td><b>Value</b></td><td><b>Preferred</b></td></tr><tr><td>OID</td><td>1.3.6.1.4.1.28284.2</td><td>true</td></tr></table></div>
  </text>
  <url value="https://fhir.ee/NamingSystem/pro-est-pho"/>
  <version value="0.2.1"/>
  <name value="ProEstPho"/>
  <title value="Estonian Medre Health Professional Official ID"/>
  <status value="draft"/>
  <kind value="identifier"/>
  <date value="2022-11-05T11:55:28.6412938+00:00"/>
  <publisher value="HL7 Estonia"/>
  <contact>
    <name value="HL7 Estonia"/>
    <telecom>
      <system value="url"/>
      <value value="https://www.hl7.ee"/>
    </telecom>
  </contact>
  <type>
    <coding>
      <system value="http://terminology.hl7.org/CodeSystem/v2-0203"/>
      <code value="PHO"/>
    </coding>
  </type>
  <description value="The official identifier of Estonian health care professional registered at Health Board."/>
  <jurisdiction>
    <coding>
      <system value="urn:iso:std:iso:3166"/>
      <code value="EE"/>
      <display value="Estonia"/>
    </coding>
  </jurisdiction>
  <usage value="Used in resources where the health care professional is identified with a code provided by Estonian Health Board."/>
  <uniqueId>
    <type value="oid"/>
    <value value="1.3.6.1.4.1.28284.2"/>
    <preferred value="true"/>
  </uniqueId>
</NamingSystem>