<?xml version="1.0" encoding="UTF-8"?>

<NamingSystem xmlns="http://hl7.org/fhir">
  <id value="org-est-fi"/>
  <text>
    <status value="generated"/><div xmlns="http://www.w3.org/1999/xhtml"><p class="res-header-id"><b>Generated Narrative: NamingSystem org-est-fi</b></p><a name="org-est-fi"> </a><a name="hcorg-est-fi"> </a><a name="org-est-fi-en-US"> </a><h3>Summary</h3><table class="grid"><tr><td>Defining URL</td><td>https://fhir.ee/NamingSystem/org-est-fi</td></tr><tr><td>Version</td><td>0.2.1</td></tr><tr><td>Name</td><td>OrgEstFi</td></tr><tr><td>Title</td><td>Estonian Medre Health Facility ID</td></tr><tr><td>Status</td><td>draft</td></tr><tr><td>Definition</td><td><div><p>The license number of Estonian health care facilities registered at The National Institute for Health Development.</p>
</div></td></tr><tr><td>Publisher</td><td>HL7 Estonia</td></tr></table><h3>Identifiers</h3><table class="grid"><tr><td><b>Type</b></td><td><b>Value</b></td><td><b>Preferred</b></td></tr><tr><td>URI</td><td>https://fhir.ee/sid/org/est/fi</td><td>true</td></tr></table></div>
  </text>
  <url value="https://fhir.ee/NamingSystem/org-est-fi"/>
  <version value="0.2.1"/>
  <name value="OrgEstFi"/>
  <title value="Estonian Medre Health Facility ID"/>
  <status value="draft"/>
  <kind value="identifier"/>
  <date value="2022-11-14T18:39:08.4689312+00:00"/>
  <publisher value="HL7 Estonia"/>
  <contact>
    <name value="HL7 Estonia"/>
    <telecom>
      <system value="url"/>
      <value value="https://www.hl7.ee"/>
    </telecom>
  </contact>
  <type>
    <coding>
      <system value="http://terminology.hl7.org/CodeSystem/v2-0203"/>
      <code value="FI"/>
    </coding>
  </type>
  <description value="The license number of Estonian health care facilities registered at The National Institute for Health Development."/>
  <jurisdiction>
    <coding>
      <system value="urn:iso:std:iso:3166"/>
      <code value="EE"/>
      <display value="Estonia"/>
    </coding>
  </jurisdiction>
  <usage value="Used in resources defining the identifier for a facility or business."/>
  <uniqueId>
    <type value="uri"/>
    <value value="https://fhir.ee/sid/org/est/fi"/>
    <preferred value="true"/>
  </uniqueId>
</NamingSystem>