<?xml version="1.0" encoding="UTF-8"?>

<ValueSet xmlns="http://hl7.org/fhir">
  <id value="mode-of-arrival"/>
  <text>
    <status value="generated"/><div xmlns="http://www.w3.org/1999/xhtml"><p class="res-header-id"><b>Generated Narrative: ValueSet mode-of-arrival</b></p><a name="mode-of-arrival"> </a><a name="hcmode-of-arrival"> </a><a name="mode-of-arrival-en-US"> </a><p>This value set includes codes based on the following rules:</p><ul><li>Include all codes defined in <a href="http://terminology.hl7.org/6.0.2/CodeSystem-v2-0430.html"><code>http://terminology.hl7.org/CodeSystem/v2-0430</code></a></li><li>Include all codes defined in <a href="CodeSystem-mode-of-arrival.html"><code>https://fhir.ee/CodeSystem/mode-of-arrival</code></a></li></ul></div>
  </text>
  <url value="https://fhir.ee/ValueSet/mode-of-arrival"/>
  <version value="0.2.1"/>
  <name value="EEModeOfArrival"/>
  <title value="Mode Of Arrival"/>
  <status value="active"/>
  <experimental value="false"/>
  <date value="2024-07-30T17:19:44+03:00"/>
  <publisher value="HL7 Estonia"/>
  <contact>
    <name value="HL7 Estonia"/>
    <telecom>
      <system value="url"/>
      <value value="https://www.hl7.ee"/>
    </telecom>
  </contact>
  <description value="Mode Of Arrival"/>
  <jurisdiction>
    <coding>
      <system value="urn:iso:std:iso:3166"/>
      <code value="EE"/>
      <display value="Estonia"/>
    </coding>
  </jurisdiction>
  <copyright value="This value set includes content from HL7 Terminology, which is copyright © 2002+ HL7"/>
  <compose>
    <include>
      <system value="http://terminology.hl7.org/CodeSystem/v2-0430"/>
    </include>
    <include>
      <system value="https://fhir.ee/CodeSystem/mode-of-arrival"/>
    </include>
  </compose>
</ValueSet>