URL,Version,Status,OIDs,Name,Title,Descriptino,Uses,Used,Sources
http://terminology.hl7.org/ValueSet/encounter-class,2.0.1,active,,EncounterClass,Encounter class,"This value set defines a set of codes that can be used to indicate the class of encounter: a specific code indicating class of service provided.","ValueSet/encounter-class","THO (V3)"
http://terminology.hl7.org/ValueSet/v3-ActPriority,3.0.0,active,"2.16.840.1.113883.1.11.16866",ActPriority,ActPriority,"A code or set of codes (e.g., for routine, emergency,) specifying the urgency under which the Act happened, can happen, is happening, is intended to happen, or is requested/demanded to happen.    *Discussion:* This attribute is used in orders to indicate the ordered priority, and in event documentation it indicates the actual priority used to perform the act. In definition mood it indicates the available priorities.","ValueSet/act-priority","THO (V3)"
https://fhir.ee/ValueSet/act-priority,0.2.1,active,,EEActPriority,Act Priority,"Act Priority",,
https://fhir.ee/ValueSet/administrative-gender,0.2.1,active,,EEAdministrativeGender,Administrative Gender,"Administrative Gender",,"hl7.fhir.r5.core"
https://fhir.ee/ValueSet/ads-adr-id,0.2.1,active,,EEAdsAdrId,ADS AdrId,"Address identifiers in the Estonian Address.",,"Internal"
https://fhir.ee/ValueSet/ads-oid,0.2.1,active,,EEAdsOid,ADS Oid,"Address objects in the Estonian Address System.",,"Internal"
https://fhir.ee/ValueSet/clinical-specialty,0.2.1,active,,EEClinicalSpecialty,Clinical Specialty,"Clinical specialty (aka 'tegevusvaldkond' in Estonian)",,"SCT"
https://fhir.ee/ValueSet/date-accuracy-indicator,0.2.1,active,,EEDateAccuracyIndicator,Date Accuracy Indicator,"Date Accuracy Indicator",,"Internal"
https://fhir.ee/ValueSet/degree-license-certificate,0.2.1,active,,EEBaseDegreeLicenseCertificate,Qualification,"Qualification based on the education",,"THO (V2)"
https://fhir.ee/ValueSet/eestkoste-liik,0.2.1,active,,EestkosteLiik,Eestkoste liik,"Eestkoste liik",,"SCT"
https://fhir.ee/ValueSet/encounter-class,0.2.1,active,,EEEncounterClass,Encounter Class,"This value set defines a set of codes that can be used to indicate the class of encounter: a specific code indicating class of service provided.",,
https://fhir.ee/ValueSet/eriala,0.2.1,active,,EEEriala,Eriala,"Medre Specialty. TIS erialade loend.",,"Internal"
https://fhir.ee/ValueSet/hooldusoiguse-liik,0.2.1,active,,HooldusoiguseLiik,Hooldusõiguse liik,"Hooldusõiguse liik",,"Internal"
https://fhir.ee/ValueSet/identifier-domain,0.2.1,active,,EEBaseIdentifierDomain,Identity System,"All identification systems have ever been used for identification.",,"Internal"
https://fhir.ee/ValueSet/isiku-seos-patsiendiga,0.2.1,active,,IsikuSeosPatsiendiga,Isiku seos patsiendiga,"Isiku seos patsiendiga",,"THO (V3)"
https://fhir.ee/ValueSet/location-form,0.2.1,active,,EELocationForm,Location Form,"Location Form",,"THO"
https://fhir.ee/ValueSet/mode-of-arrival,0.2.1,active,,EEModeOfArrival,Mode Of Arrival,"Mode Of Arrival",,"THO (V2),Internal"
https://fhir.ee/ValueSet/national-identifier-requirement,0.2.1,active,,NationalIdentifierRequirement,National identifier requirement,"Nimekiri riikidest mille puhul on kohustuslik lisaks isiku identifitseerivale dokumendinumbrile määrata ka isikukood",,"Internal"
https://fhir.ee/ValueSet/observation-category,0.2.1,active,,EEObservationCategory,Observation Category,"Observation category",,"THO"
https://fhir.ee/ValueSet/occupation,0.2.1,active,,EEOccupation,Occupation,"Classification of Occupations",,"Internal"
https://fhir.ee/ValueSet/omandatud-korgeim-haridus,0.2.1,active,,OmandatudKorgeimHaridus,Omandatud kõrgeim haridus,"Patsiendi kõrgeim haridustase",,"Internal"
https://fhir.ee/ValueSet/organization-identifier-domain,0.2.1,active,,EEBaseOrganizationIdentifierDomain,Organization Identifier Domain,"Identifier systems acceptable for organization identification",,"Internal"
https://fhir.ee/ValueSet/organization-type,0.2.1,active,,EEOrganizationType,Organization Types,"Organization Types",,"THO"
https://fhir.ee/ValueSet/patient-identifier-domain,0.2.1,active,,EEBasePatientIdentifierDomain,Patient Identifier Domain,"Identity systems acceptable for patient identification",,"Internal"
https://fhir.ee/ValueSet/person-relationship,0.2.1,active,,EEPersonRelationship,Person Relationship,"Suhe patsiendiga","ConceptMap/person-relationship-v3-mpi,ConceptMap/person-relationship-mpi-v3","SCT"
https://fhir.ee/ValueSet/practitioner-identifier-domain,0.2.1,active,,EEBasePractitionerIdentifierDomain,Practitioner Identifier Domain,"Identifier systems acceptable for practitioner identification",,"Internal"
https://fhir.ee/ValueSet/practitioner-role,0.2.1,active,,EEPractitionerRole,Practitioner Role,"The role of practitioner in the healthcare facility.",,"THO"
https://fhir.ee/ValueSet/puude-raskusaste,0.2.1,active,,PuudeRaskusaste,Puude raskusaste,"Puude raskusaste",,"Internal"
https://fhir.ee/ValueSet/teovoime-staatus,0.2.1,active,,TeovoimeStaatus,Teovõime staatus,"Teovõime staatus.",,"Internal"
https://fhir.ee/ValueSet/tootamise-liik,0.2.1,active,,TootamiseLiik,Töötamise liik,"Töötamise liik",,"Internal"
https://fhir.ee/ValueSet/toovoime-liik,0.2.1,active,,ToovoimeLiik,Töövõime liik,"Töövõime liik",,"Internal"
