{
  "resourceType" : "ValueSet",
  "id" : "omandatud-korgeim-haridus",
  "text" : {
    "status" : "generated",
    "div" : "<div xmlns=\"http://www.w3.org/1999/xhtml\"><p class=\"res-header-id\"><b>Generated Narrative: ValueSet omandatud-korgeim-haridus</b></p><a name=\"omandatud-korgeim-haridus\"> </a><a name=\"hcomandatud-korgeim-haridus\"> </a><a name=\"omandatud-korgeim-haridus-en-US\"> </a><ul><li>Include all codes defined in <a href=\"CodeSystem-omandatud-korgeim-haridus.html\"><code>https://fhir.ee/CodeSystem/omandatud-korgeim-haridus</code></a></li></ul></div>"
  },
  "url" : "https://fhir.ee/ValueSet/omandatud-korgeim-haridus",
  "version" : "0.2.1",
  "name" : "OmandatudKorgeimHaridus",
  "title" : "Omandatud kõrgeim haridus",
  "status" : "active",
  "experimental" : false,
  "date" : "2024-07-30T17:19:44+03:00",
  "publisher" : "HL7 Estonia",
  "contact" : [{
    "name" : "HL7 Estonia",
    "telecom" : [{
      "system" : "url",
      "value" : "https://www.hl7.ee"
    }]
  }],
  "description" : "Patsiendi kõrgeim haridustase",
  "jurisdiction" : [{
    "coding" : [{
      "system" : "urn:iso:std:iso:3166",
      "code" : "EE",
      "display" : "Estonia"
    }]
  }],
  "compose" : {
    "include" : [{
      "system" : "https://fhir.ee/CodeSystem/omandatud-korgeim-haridus"
    }]
  }
}