<?xml version="1.0" encoding="UTF-8"?>

<ValueSet xmlns="http://hl7.org/fhir">
  <id value="ads-oid"/>
  <text>
    <status value="generated"/><div xmlns="http://www.w3.org/1999/xhtml"><p class="res-header-id"><b>Generated Narrative: ValueSet ads-oid</b></p><a name="ads-oid"> </a><a name="hcads-oid"> </a><a name="ads-oid-en-US"> </a><ul><li>Include all codes defined in <a href="CodeSystem-ads-oid.html"><code>https://fhir.ee/CodeSystem/ads-oid</code></a></li></ul></div>
  </text>
  <url value="https://fhir.ee/ValueSet/ads-oid"/>
  <version value="0.2.1"/>
  <name value="EEAdsOid"/>
  <title value="ADS Oid"/>
  <status value="active"/>
  <experimental value="true"/>
  <date value="2024-07-30T17:19:44+03:00"/>
  <publisher value="HL7 Estonia"/>
  <contact>
    <name value="HL7 Estonia"/>
    <telecom>
      <system value="url"/>
      <value value="https://www.hl7.ee"/>
    </telecom>
  </contact>
  <description value="Address objects in the Estonian Address System."/>
  <jurisdiction>
    <coding>
      <system value="urn:iso:std:iso:3166"/>
      <code value="EE"/>
      <display value="Estonia"/>
    </coding>
  </jurisdiction>
  <compose>
    <include>
      <system value="https://fhir.ee/CodeSystem/ads-oid"/>
    </include>
  </compose>
</ValueSet>