{
  "resourceType" : "ValueSet",
  "id" : "hooldusoiguse-liik",
  "text" : {
    "status" : "generated",
    "div" : "<div xmlns=\"http://www.w3.org/1999/xhtml\"><p class=\"res-header-id\"><b>Generated Narrative: ValueSet hooldusoiguse-liik</b></p><a name=\"hooldusoiguse-liik\"> </a><a name=\"hchooldusoiguse-liik\"> </a><a name=\"hooldusoiguse-liik-en-US\"> </a><ul><li>Include all codes defined in <a href=\"CodeSystem-hooldusoiguse-liik.html\"><code>https://fhir.ee/CodeSystem/hooldusoiguse-liik</code></a></li></ul></div>"
  },
  "url" : "https://fhir.ee/ValueSet/hooldusoiguse-liik",
  "version" : "0.2.1",
  "name" : "HooldusoiguseLiik",
  "title" : "Hooldusõiguse liik",
  "status" : "active",
  "experimental" : false,
  "date" : "2024-07-30T17:19:44+03:00",
  "publisher" : "HL7 Estonia",
  "contact" : [{
    "name" : "HL7 Estonia",
    "telecom" : [{
      "system" : "url",
      "value" : "https://www.hl7.ee"
    }]
  }],
  "description" : "Hooldusõiguse liik",
  "jurisdiction" : [{
    "coding" : [{
      "system" : "urn:iso:std:iso:3166",
      "code" : "EE",
      "display" : "Estonia"
    }]
  }],
  "compose" : {
    "include" : [{
      "system" : "https://fhir.ee/CodeSystem/hooldusoiguse-liik"
    }]
  }
}