<?xml version="1.0" encoding="UTF-8"?>

<ValueSet xmlns="http://hl7.org/fhir">
  <id value="omandatud-korgeim-haridus"/>
  <text>
    <status value="generated"/><div xmlns="http://www.w3.org/1999/xhtml"><p class="res-header-id"><b>Generated Narrative: ValueSet omandatud-korgeim-haridus</b></p><a name="omandatud-korgeim-haridus"> </a><a name="hcomandatud-korgeim-haridus"> </a><a name="omandatud-korgeim-haridus-en-US"> </a><ul><li>Include all codes defined in <a href="CodeSystem-omandatud-korgeim-haridus.html"><code>https://fhir.ee/CodeSystem/omandatud-korgeim-haridus</code></a></li></ul></div>
  </text>
  <url value="https://fhir.ee/ValueSet/omandatud-korgeim-haridus"/>
  <version value="0.2.1"/>
  <name value="OmandatudKorgeimHaridus"/>
  <title value="Omandatud kõrgeim haridus"/>
  <status value="active"/>
  <experimental value="false"/>
  <date value="2024-07-30T17:19:44+03:00"/>
  <publisher value="HL7 Estonia"/>
  <contact>
    <name value="HL7 Estonia"/>
    <telecom>
      <system value="url"/>
      <value value="https://www.hl7.ee"/>
    </telecom>
  </contact>
  <description value="Patsiendi kõrgeim haridustase"/>
  <jurisdiction>
    <coding>
      <system value="urn:iso:std:iso:3166"/>
      <code value="EE"/>
      <display value="Estonia"/>
    </coding>
  </jurisdiction>
  <compose>
    <include>
      <system value="https://fhir.ee/CodeSystem/omandatud-korgeim-haridus"/>
    </include>
  </compose>
</ValueSet>