<?xml version="1.0" encoding="UTF-8"?>

<ValueSet xmlns="http://hl7.org/fhir">
  <id value="isiku-seos-patsiendiga"/>
  <text>
    <status value="extensions"/><div xmlns="http://www.w3.org/1999/xhtml"><p class="res-header-id"><b>Generated Narrative: ValueSet isiku-seos-patsiendiga</b></p><a name="isiku-seos-patsiendiga"> </a><a name="hcisiku-seos-patsiendiga"> </a><a name="isiku-seos-patsiendiga-en-US"> </a><ul><li>Include these codes as defined in <a href="http://terminology.hl7.org/6.0.2/CodeSystem-v3-RoleClass.html"><code>http://terminology.hl7.org/CodeSystem/v3-RoleClass</code></a><table class="none"><tr><td style="white-space:nowrap"><b>Code</b></td><td><b>Display</b></td><td><b>Definition</b></td><td><b>Estonian (et)</b></td></tr><tr><td><a href="http://terminology.hl7.org/6.0.2/CodeSystem-v3-RoleClass.html#v3-RoleClass-CON">CON</a></td><td style="color: #cccccc">contact</td><td>A person or an organization (player) which provides or receives information regarding another entity (scoper). Examples; patient NOK and emergency contacts; guarantor contact; employer contact.</td><td>Kontakt</td></tr><tr><td><a href="http://terminology.hl7.org/6.0.2/CodeSystem-v3-RoleClass.html#v3-RoleClass-GUARD">GUARD</a></td><td style="color: #cccccc">guardian</td><td>Guardian of a ward</td><td>Eestkostja</td></tr><tr><td><a href="http://terminology.hl7.org/6.0.2/CodeSystem-v3-RoleClass.html#v3-RoleClass-DEPEN">DEPEN</a></td><td style="color: #cccccc">dependent</td><td>**Description:** A role played by a person covered under a policy or program based on an association with a subscriber, which is recognized by the policy holder.<br/><br/>**Note:** The party playing the role of a dependent is not a claimant in the sense conveyed by the RoleClassCoveredParty CLAIM (claimant). However, a dependent may make a claim under a policy, e.g., a dependent under a health insurance policy may become the claimant for coverage under that policy for wellness examines or if injured and there is no liable third party. In the case of a dependent making a claim, a role type code INSCLM (insured claimant) subtypes the class to indicate that the dependent has filed a claim for services covered under the health insurance policy.<br/><br/>**Example:** The dependent has an association with the subscriber such as a financial dependency or personal relationship such as that of a spouse, or a natural or adopted child. The policy holder may be required by law to recognize certain associations or may have discretion about the associations. For example, a policy holder may dictate the criteria for the dependent status of adult children who are students, such as requiring full time enrollment, or may recognize domestic partners as dependents. Under certain circumstances, the dependent may be under the indirect authority of a responsible party acting as a surrogate for the subscriber, for example, if the subscriber is differently abled or deceased, a guardian ad Lidem or estate executor may be appointed to assume the subscriberaTMs legal standing in the relationship with the dependent.</td><td>Eestkostetav</td></tr></table></li></ul></div>
  </text>
  <url value="https://fhir.ee/ValueSet/isiku-seos-patsiendiga"/>
  <version value="0.2.1"/>
  <name value="IsikuSeosPatsiendiga"/>
  <title value="Isiku seos patsiendiga"/>
  <status value="active"/>
  <experimental value="false"/>
  <date value="2024-07-30T17:19:44+03:00"/>
  <publisher value="HL7 Estonia"/>
  <contact>
    <name value="HL7 Estonia"/>
    <telecom>
      <system value="url"/>
      <value value="https://www.hl7.ee"/>
    </telecom>
  </contact>
  <description value="Isiku seos patsiendiga"/>
  <jurisdiction>
    <coding>
      <system value="urn:iso:std:iso:3166"/>
      <code value="EE"/>
      <display value="Estonia"/>
    </coding>
  </jurisdiction>
  <compose>
    <include>
      <system value="http://terminology.hl7.org/CodeSystem/v3-RoleClass"/>
      <concept>
        <code value="CON"/>
        <designation>
          <language value="et"/>
          <value value="Kontakt"/>
        </designation>
      </concept>
      <concept>
        <code value="GUARD"/>
        <designation>
          <language value="et"/>
          <value value="Eestkostja"/>
        </designation>
      </concept>
      <concept>
        <code value="DEPEN"/>
        <designation>
          <language value="et"/>
          <value value="Eestkostetav"/>
        </designation>
      </concept>
    </include>
  </compose>
</ValueSet>