{
  "resourceType" : "ValueSet",
  "id" : "eriala",
  "text" : {
    "status" : "generated",
    "div" : "<div xmlns=\"http://www.w3.org/1999/xhtml\"><p class=\"res-header-id\"><b>Generated Narrative: ValueSet eriala</b></p><a name=\"eriala\"> </a><a name=\"hceriala\"> </a><a name=\"eriala-en-US\"> </a><ul><li>Include all codes defined in <a href=\"CodeSystem-eriala.html\"><code>https://fhir.ee/CodeSystem/eriala</code></a></li></ul></div>"
  },
  "url" : "https://fhir.ee/ValueSet/eriala",
  "version" : "0.2.1",
  "name" : "EEEriala",
  "title" : "Eriala",
  "status" : "active",
  "experimental" : true,
  "date" : "2024-07-30T17:19:44+03:00",
  "publisher" : "HL7 Estonia",
  "contact" : [{
    "name" : "HL7 Estonia",
    "telecom" : [{
      "system" : "url",
      "value" : "https://www.hl7.ee"
    }]
  }],
  "description" : "Medre Specialty. TIS erialade loend.",
  "jurisdiction" : [{
    "coding" : [{
      "system" : "urn:iso:std:iso:3166",
      "code" : "EE",
      "display" : "Estonia"
    }]
  }],
  "compose" : {
    "include" : [{
      "system" : "https://fhir.ee/CodeSystem/eriala"
    }]
  }
}