{
  "resourceType" : "ValueSet",
  "id" : "location-form",
  "text" : {
    "status" : "generated",
    "div" : "<div xmlns=\"http://www.w3.org/1999/xhtml\"><p class=\"res-header-id\"><b>Generated Narrative: ValueSet location-form</b></p><a name=\"location-form\"> </a><a name=\"hclocation-form\"> </a><a name=\"location-form-en-US\"> </a><ul><li>Include all codes defined in <a href=\"http://terminology.hl7.org/6.0.2/CodeSystem-location-physical-type.html\"><code>http://terminology.hl7.org/CodeSystem/location-physical-type</code></a></li></ul></div>"
  },
  "url" : "https://fhir.ee/ValueSet/location-form",
  "version" : "0.2.1",
  "name" : "EELocationForm",
  "title" : "Location Form",
  "status" : "active",
  "experimental" : false,
  "date" : "2024-07-30T17:19:44+03:00",
  "publisher" : "HL7 Estonia",
  "contact" : [{
    "name" : "HL7 Estonia",
    "telecom" : [{
      "system" : "url",
      "value" : "https://www.hl7.ee"
    }]
  }],
  "description" : "Location Form",
  "jurisdiction" : [{
    "coding" : [{
      "system" : "urn:iso:std:iso:3166",
      "code" : "EE",
      "display" : "Estonia"
    }]
  }],
  "compose" : {
    "include" : [{
      "system" : "http://terminology.hl7.org/CodeSystem/location-physical-type"
    }]
  }
}