<?xml version="1.0" encoding="UTF-8"?>

<ValueSet xmlns="http://hl7.org/fhir">
  <id value="organization-type"/>
  <text>
    <status value="generated"/><div xmlns="http://www.w3.org/1999/xhtml"><p class="res-header-id"><b>Generated Narrative: ValueSet organization-type</b></p><a name="organization-type"> </a><a name="hcorganization-type"> </a><a name="organization-type-en-US"> </a><ul><li>Include all codes defined in <a href="http://terminology.hl7.org/6.0.2/CodeSystem-organization-type.html"><code>http://terminology.hl7.org/CodeSystem/organization-type</code></a></li></ul></div>
  </text>
  <url value="https://fhir.ee/ValueSet/organization-type"/>
  <version value="0.2.1"/>
  <name value="EEOrganizationType"/>
  <title value="Organization Types"/>
  <status value="active"/>
  <experimental value="false"/>
  <date value="2024-07-30T17:19:44+03:00"/>
  <publisher value="HL7 Estonia"/>
  <contact>
    <name value="HL7 Estonia"/>
    <telecom>
      <system value="url"/>
      <value value="https://www.hl7.ee"/>
    </telecom>
  </contact>
  <description value="Organization Types"/>
  <jurisdiction>
    <coding>
      <system value="urn:iso:std:iso:3166"/>
      <code value="EE"/>
      <display value="Estonia"/>
    </coding>
  </jurisdiction>
  <compose>
    <include>
      <system value="http://terminology.hl7.org/CodeSystem/organization-type"/>
    </include>
  </compose>
</ValueSet>