<?xml version="1.0" encoding="UTF-8"?>

<ValueSet xmlns="http://hl7.org/fhir">
  <id value="identifier-domain"/>
  <text>
    <status value="generated"/><div xmlns="http://www.w3.org/1999/xhtml"><p class="res-header-id"><b>Generated Narrative: ValueSet identifier-domain</b></p><a name="identifier-domain"> </a><a name="hcidentifier-domain"> </a><a name="identifier-domain-en-US"> </a><ul><li>Include all codes defined in <a href="CodeSystem-identifier-domain.html"><code>https://fhir.ee/CodeSystem/identifier-domain</code></a></li></ul></div>
  </text>
  <url value="https://fhir.ee/ValueSet/identifier-domain"/>
  <version value="0.2.1"/>
  <name value="EEBaseIdentifierDomain"/>
  <title value="Identity System"/>
  <status value="active"/>
  <experimental value="false"/>
  <date value="2024-07-30T17:19:44+03:00"/>
  <publisher value="HL7 Estonia"/>
  <contact>
    <name value="HL7 Estonia"/>
    <telecom>
      <system value="url"/>
      <value value="https://www.hl7.ee"/>
    </telecom>
  </contact>
  <description value="All identification systems have ever been used for identification."/>
  <jurisdiction>
    <coding>
      <system value="urn:iso:std:iso:3166"/>
      <code value="EE"/>
      <display value="Estonia"/>
    </coding>
  </jurisdiction>
  <compose>
    <include>
      <system value="https://fhir.ee/CodeSystem/identifier-domain"/>
    </include>
  </compose>
</ValueSet>