<?xml version="1.0" encoding="UTF-8"?>

<Practitioner xmlns="http://hl7.org/fhir">
  <id value="D99876"/>
  <meta>
    <profile value="https://fhir.ee/StructureDefinition/ee-practitioner"/>
  </meta>
  <text>
    <status value="generated"/><div xmlns="http://www.w3.org/1999/xhtml"><p><b>Generated Narrative: Practitioner</b><a name="D99876"> </a></p><div style="display: inline-block; background-color: #d9e0e7; padding: 6px; margin: 4px; border: 1px solid #8da1b4; border-radius: 5px; line-height: 60%"><p style="margin-bottom: 0px">Resource Practitioner &quot;D99876&quot; </p><p style="margin-bottom: 0px">Profile: <a href="StructureDefinition-ee-practitioner.html">EEBase Practitioner</a></p></div><p><b>identifier</b>: id: D99876, id: 35006080229</p><p><b>active</b>: true</p><p><b>name</b>: Paavo Arst </p><h3>Qualifications</h3><table class="grid"><tr><td>-</td><td><b>Code</b></td></tr><tr><td>*</td><td>pediaatria <span style="background: LightGoldenRodYellow; margin: 4px; border: 1px solid khaki"> (<a href="http://terminology.hl7.org/5.0.0/CodeSystem-v2-0360.html">degreeLicenseCertificate</a>#MD &quot;Doctor of Medicine&quot;)</span></td></tr></table></div>
  </text>
  <identifier>
    <system value="https://fhir.ee/sid/pro/est/pho"/>
    <value value="D99876"/>
  </identifier>
  <identifier>
    <system value="https://fhir.ee/sid/pid/est/ni"/>
    <value value="35006080229"/>
  </identifier>
  <active value="true"/>
  <name>
    <family value="Arst"/>
    <given value="Paavo"/>
  </name>
  <qualification>
    <code>
      <coding>
        <system value="http://terminology.hl7.org/CodeSystem/v2-0360"/>
        <code value="MD"/>
        <display value="Doctor of Medicine"/>
      </coding>
      <text value="pediaatria"/>
    </code>
  </qualification>
</Practitioner>