<?xml version="1.0" encoding="UTF-8"?>

<ValueSet xmlns="http://hl7.org/fhir">
  <id value="ee-ads"/>
  <text>
    <status value="generated"/><div xmlns="http://www.w3.org/1999/xhtml"><ul><li>Include all codes defined in <a href="CodeSystem-ee-ads.html"><code>https://fhir.ee/CodeSystem/ee-ads</code></a></li></ul></div>
  </text>
  <url value="https://fhir.ee/ValueSet/ee-ads"/>
  <version value="1.0.0"/>
  <name value="EEBaseADS"/>
  <title value="ADS"/>
  <status value="active"/>
  <experimental value="true"/>
  <date value="2023-05-29T20:07:00+03:00"/>
  <publisher value="HL7 Estonia"/>
  <contact>
    <name value="HL7 Estonia"/>
    <telecom>
      <system value="url"/>
      <value value="https://www.hl7.ee"/>
    </telecom>
  </contact>
  <description value="Estonian Address Data System."/>
  <jurisdiction>
    <coding>
      <system value="urn:iso:std:iso:3166"/>
      <code value="EE"/>
      <display value="Estonia"/>
    </coding>
  </jurisdiction>
  <compose>
    <include>
      <system value="https://fhir.ee/CodeSystem/ee-ads"/>
    </include>
  </compose>
</ValueSet>