{
  "resourceType" : "CodeSystem",
  "id" : "education-level",
  "text" : {
    "status" : "generated",
    "div" : "<div xmlns=\"http://www.w3.org/1999/xhtml\"><p>This code system <code>https://fhir.ee/CodeSystem/education-level</code> defines the following codes:</p><table class=\"codes\"><tr><td><b>Lvl</b></td><td style=\"white-space:nowrap\"><b>Code</b></td><td><b>Display</b></td><td><b>Definition</b></td><td><b>Estonian (et)</b></td></tr><tr><td>1</td><td style=\"white-space:nowrap\">0<a name=\"education-level-0\"> </a></td><td>Less than primary education, pre-primary education</td><td>Alusharidus (koolieelne haridus) või alghariduseta</td><td>Hariduseta, alusharidus</td></tr><tr><td>1</td><td style=\"white-space:nowrap\">1<a name=\"education-level-1\"> </a></td><td>Basic education (grades 1-6 of basic school)</td><td>Põhiharidus (põhikooli 1.-6. klass)</td><td>Algharidus</td></tr><tr><td>1</td><td style=\"white-space:nowrap\">2<a name=\"education-level-2\"> </a></td><td>Basic education (grades 7-9 of basic school)</td><td>Põhiharidus (põhikooli 7.-9. klass)</td><td>Põhiharidus</td></tr><tr><td>1</td><td style=\"white-space:nowrap\">3<a name=\"education-level-3\"> </a></td><td>Upper secondary education</td><td>Keskharidus</td><td>Üldkeskharidus</td></tr><tr><td>2</td><td style=\"white-space:nowrap\">\u00a0\u00a034<a name=\"education-level-34\"> </a></td><td>General secondary education</td><td>Üldkeskharidus (gümnaasiumi 10.-12. klass)</td><td>Keskeriharidus keskhariduse baasil</td></tr><tr><td>2</td><td style=\"white-space:nowrap\">\u00a0\u00a035<a name=\"education-level-35\"> </a></td><td>Vocational secondary education (incl. secondary special or technical education), based on basic education</td><td>Kutsekeskharidus (sh keskeri- või tehnikumiharidus) põhihariduse baasil</td><td>Kutsehariduse omandamine koos põhihariduse omandamisega</td></tr><tr><td>1</td><td style=\"white-space:nowrap\">4<a name=\"education-level-4\"> </a></td><td>Vocational secondary education or vocational courses based on secondary education</td><td>Kutsekeskharidus või kutseõpe keskhariduse baasil</td><td>Kutsekeskharidus</td></tr><tr><td>1</td><td style=\"white-space:nowrap\">5<a name=\"education-level-5\"> </a></td><td>Vocational secondary education and a technical education based on secondary education</td><td>Keskeri- ja tehnikumiharidus keskhariduse baasil</td><td/></tr><tr><td>1</td><td style=\"white-space:nowrap\">6<a name=\"education-level-6\"> </a></td><td>Bachelor's or equivalent level education (professional higher education and vocational higher education, diploma courses)</td><td>Bakalaureus või sellega võrdsustatud haridus (rakendus- ja kutsekõrgharidus, diplomiõpe)</td><td>Bakalaureus või sellega võrdsustatud, rakenduskõrgharidus</td></tr><tr><td>1</td><td style=\"white-space:nowrap\">7<a name=\"education-level-7\"> </a></td><td>Master's or equivalent level education</td><td>Magister või sellega võrdsustatud haridus</td><td>Magister või sellega võrdsustatud haridus</td></tr><tr><td>1</td><td style=\"white-space:nowrap\">8<a name=\"education-level-8\"> </a></td><td>Doctoral or equivalent level education</td><td>Doktor või sellega võrdsustatud haridus</td><td>Doktor või sellega võrdsustatud haridus</td></tr><tr><td>1</td><td style=\"white-space:nowrap\">9<a name=\"education-level-9\"> </a></td><td>Not elsewhere classified</td><td>Mujal liigitamata</td><td/></tr></table></div>"
  },
  "url" : "https://fhir.ee/CodeSystem/education-level",
  "version" : "0.2.0",
  "name" : "EEMPIEducationLevel",
  "title" : "Education level",
  "status" : "active",
  "experimental" : false,
  "date" : "2023-05-30T09:50:45+03:00",
  "publisher" : "TEHIK",
  "contact" : [{
    "name" : "TEHIK",
    "telecom" : [{
      "system" : "url",
      "value" : "https://tehik.ee"
    }]
  }],
  "description" : "Patsiendi kõrgeim haridustase",
  "jurisdiction" : [{
    "coding" : [{
      "system" : "urn:iso:std:iso:3166",
      "code" : "EE",
      "display" : "Estonia"
    }]
  }],
  "caseSensitive" : false,
  "hierarchyMeaning" : "is-a",
  "content" : "complete",
  "count" : 12,
  "concept" : [{
    "code" : "0",
    "display" : "Less than primary education, pre-primary education",
    "definition" : "Alusharidus (koolieelne haridus) või alghariduseta",
    "designation" : [{
      "language" : "et",
      "value" : "Hariduseta, alusharidus"
    }]
  },
  {
    "code" : "1",
    "display" : "Basic education (grades 1-6 of basic school)",
    "definition" : "Põhiharidus (põhikooli 1.-6. klass)",
    "designation" : [{
      "language" : "et",
      "value" : "Algharidus"
    }]
  },
  {
    "code" : "2",
    "display" : "Basic education (grades 7-9 of basic school)",
    "definition" : "Põhiharidus (põhikooli 7.-9. klass)",
    "designation" : [{
      "language" : "et",
      "value" : "Põhiharidus"
    }]
  },
  {
    "code" : "3",
    "display" : "Upper secondary education",
    "definition" : "Keskharidus",
    "designation" : [{
      "language" : "et",
      "value" : "Üldkeskharidus"
    }],
    "concept" : [{
      "code" : "34",
      "display" : "General secondary education",
      "definition" : "Üldkeskharidus (gümnaasiumi 10.-12. klass)",
      "designation" : [{
        "language" : "et",
        "value" : "Keskeriharidus keskhariduse baasil"
      }]
    },
    {
      "code" : "35",
      "display" : "Vocational secondary education (incl. secondary special or technical education), based on basic education",
      "definition" : "Kutsekeskharidus (sh keskeri- või tehnikumiharidus) põhihariduse baasil",
      "designation" : [{
        "language" : "et",
        "value" : "Kutsehariduse omandamine koos põhihariduse omandamisega"
      }]
    }]
  },
  {
    "code" : "4",
    "display" : "Vocational secondary education or vocational courses based on secondary education",
    "definition" : "Kutsekeskharidus või kutseõpe keskhariduse baasil",
    "designation" : [{
      "language" : "et",
      "value" : "Kutsekeskharidus"
    }]
  },
  {
    "code" : "5",
    "display" : "Vocational secondary education and a technical education based on secondary education",
    "definition" : "Keskeri- ja tehnikumiharidus keskhariduse baasil"
  },
  {
    "code" : "6",
    "display" : "Bachelor's or equivalent level education (professional higher education and vocational higher education, diploma courses)",
    "definition" : "Bakalaureus või sellega võrdsustatud haridus (rakendus- ja kutsekõrgharidus, diplomiõpe)",
    "designation" : [{
      "language" : "et",
      "value" : "Bakalaureus või sellega võrdsustatud, rakenduskõrgharidus"
    }]
  },
  {
    "code" : "7",
    "display" : "Master's or equivalent level education",
    "definition" : "Magister või sellega võrdsustatud haridus",
    "designation" : [{
      "language" : "et",
      "value" : "Magister või sellega võrdsustatud haridus"
    }]
  },
  {
    "code" : "8",
    "display" : "Doctoral or equivalent level education",
    "definition" : "Doktor või sellega võrdsustatud haridus",
    "designation" : [{
      "language" : "et",
      "value" : "Doktor või sellega võrdsustatud haridus"
    }]
  },
  {
    "code" : "9",
    "display" : "Not elsewhere classified",
    "definition" : "Mujal liigitamata"
  }]
}