{
  "resourceType" : "Observation",
  "id" : "MaritalStatus",
  "meta" : {
    "profile" : ["https://fhir.ee/StructureDefinition/ee-mpi-socialhistory-marital-status"]
  },
  "text" : {
    "status" : "generated",
    "div" : "<div xmlns=\"http://www.w3.org/1999/xhtml\"><p><b>Generated Narrative: Observation</b><a name=\"MaritalStatus\"> </a></p><div style=\"display: inline-block; background-color: #d9e0e7; padding: 6px; margin: 4px; border: 1px solid #8da1b4; border-radius: 5px; line-height: 60%\"><p style=\"margin-bottom: 0px\">Resource Observation &quot;MaritalStatus&quot; </p><p style=\"margin-bottom: 0px\">Profile: <a href=\"StructureDefinition-ee-mpi-socialhistory-marital-status.html\">EE MPI SocialHistory Marital Status</a></p></div><p><b>status</b>: final</p><p><b>code</b>: Marital status <span style=\"background: LightGoldenRodYellow; margin: 4px; border: 1px solid khaki\"> (<a href=\"https://browser.ihtsdotools.org/\">SNOMED CT</a>#125680007)</span></p><p><b>subject</b>: <a href=\"Patient-pat1.html\">Patient/pat1</a> &quot; BOSSENKO&quot;</p><p><b>issued</b>: Jun 21, 1995, 1:00:00 AM</p><p><b>performer</b>: <a href=\"RelatedPerson-relpat12.html\">RelatedPerson/relpat12</a> &quot;&quot;</p><p><b>value</b>: Married <span style=\"background: LightGoldenRodYellow; margin: 4px; border: 1px solid khaki\"> (<a href=\"http://terminology.hl7.org/5.0.0/CodeSystem-v3-MaritalStatus.html\">MaritalStatus</a>#M)</span></p></div>"
  },
  "status" : "final",
  "code" : {
    "coding" : [{
      "system" : "http://snomed.info/sct",
      "code" : "125680007",
      "display" : "Marital status"
    }]
  },
  "subject" : {
    "reference" : "Patient/pat1"
  },
  "issued" : "1995-06-21T00:00:00+02:00",
  "performer" : [{
    "reference" : "RelatedPerson/relpat12"
  }],
  "valueCodeableConcept" : {
    "coding" : [{
      "system" : "http://terminology.hl7.org/CodeSystem/v3-MaritalStatus",
      "code" : "M",
      "display" : "Married"
    }]
  }
}