{
  "resourceType" : "Observation",
  "id" : "LegalStatus",
  "meta" : {
    "profile" : ["https://fhir.ee/StructureDefinition/ee-mpi-socialhistory-legal-status"]
  },
  "text" : {
    "status" : "generated",
    "div" : "<div xmlns=\"http://www.w3.org/1999/xhtml\"><p><b>Generated Narrative: Observation</b><a name=\"LegalStatus\"> </a></p><div style=\"display: inline-block; background-color: #d9e0e7; padding: 6px; margin: 4px; border: 1px solid #8da1b4; border-radius: 5px; line-height: 60%\"><p style=\"margin-bottom: 0px\">Resource Observation &quot;LegalStatus&quot; </p><p style=\"margin-bottom: 0px\">Profile: <a href=\"StructureDefinition-ee-mpi-socialhistory-legal-status.html\">EE MPI SocialHistory Legal Status</a></p></div><p><b>status</b>: final</p><p><b>code</b>: Legal status of patient <span style=\"background: LightGoldenRodYellow; margin: 4px; border: 1px solid khaki\"> (<a href=\"https://browser.ihtsdotools.org/\">SNOMED CT</a>#303186005)</span></p><p><b>subject</b>: <a href=\"Patient-pat1.html\">Patient/pat1</a> &quot; BOSSENKO&quot;</p><p><b>effective</b>: 2021-11-23 --&gt; (ongoing)</p><p><b>performer</b>: <a href=\"RelatedPerson-relpat12.html\">RelatedPerson/relpat12</a> &quot;&quot;</p><p><b>value</b>: Teovõimeline <span style=\"background: LightGoldenRodYellow; margin: 4px; border: 1px solid khaki\"> (<a href=\"CodeSystem-legal-status.html\">Legal Status</a>#T0)</span></p></div>"
  },
  "status" : "final",
  "code" : {
    "coding" : [{
      "system" : "http://snomed.info/sct",
      "code" : "303186005",
      "display" : "Legal status of patient"
    }]
  },
  "subject" : {
    "reference" : "Patient/pat1"
  },
  "effectivePeriod" : {
    "start" : "2021-11-23"
  },
  "performer" : [{
    "reference" : "RelatedPerson/relpat12"
  }],
  "valueCodeableConcept" : {
    "coding" : [{
      "system" : "https://fhir.ee/CodeSystem/legal-status",
      "code" : "T0",
      "display" : "Teovõimeline"
    }]
  }
}