{
  "resourceType" : "OperationDefinition",
  "id" : "patient-generate-mrn",
  "text" : {
    "status" : "extensions",
    "div" : "<div xmlns=\"http://www.w3.org/1999/xhtml\"><p>URL: [base]/Patient/$mrn</p><p>Parameters</p><table class=\"grid\"><tr><td><b>Use</b></td><td><b>Name</b></td><td><b>Scope</b></td><td><b>Cardinality</b></td><td><b>Type</b></td><td><b>Binding</b></td><td><b>Documentation</b></td></tr><tr><td>OUT</td><td>return</td><td/><td>1..1</td><td><a href=\"http://hl7.org/fhir/R5/datatypes.html#Identifier\">Identifier</a></td><td/><td><div><p>Returns text representataion of Medical Record Number.</p>\n</div></td></tr></table></div>"
  },
  "extension" : [{
    "url" : "http://hl7.org/fhir/StructureDefinition/structuredefinition-fmm",
    "valueInteger" : 1
  },
  {
    "url" : "http://hl7.org/fhir/StructureDefinition/structuredefinition-standards-status",
    "valueCode" : "trial-use"
  }],
  "url" : "https://fhir.ee/OperationDefinition/patient-generate-mrn",
  "version" : "0.2.0",
  "name" : "EEMPIPatientGenerateMRN",
  "title" : "Generate Medical Record Number",
  "status" : "draft",
  "kind" : "operation",
  "experimental" : false,
  "date" : "2023-03-26T15:21:02+11:00",
  "publisher" : "TEHIK",
  "contact" : [{
    "name" : "TEHIK",
    "telecom" : [{
      "system" : "url",
      "value" : "https://tehik.ee"
    }]
  }],
  "description" : "Generate the new unique Medical Record Number may be used for unknown/anonymous patient's identification.",
  "jurisdiction" : [{
    "coding" : [{
      "system" : "urn:iso:std:iso:3166",
      "code" : "EE",
      "display" : "Estonia"
    }]
  }],
  "affectsState" : true,
  "code" : "mrn",
  "resource" : ["Patient"],
  "system" : false,
  "type" : true,
  "instance" : false,
  "parameter" : [{
    "name" : "return",
    "use" : "out",
    "min" : 1,
    "max" : "1",
    "documentation" : "Returns text representataion of Medical Record Number.",
    "type" : "Identifier"
  }]
}