{
  "resourceType" : "Patient",
  "id" : "pat-unk",
  "meta" : {
    "profile" : ["https://fhir.ee/StructureDefinition/ee-mpi-patient-unknown"]
  },
  "text" : {
    "status" : "generated",
    "div" : "<div xmlns=\"http://www.w3.org/1999/xhtml\"><p style=\"border: 1px #661aff solid; background-color: #e6e6ff; padding: 10px;\"><b>Malle Maasikas(NICKNAME)</b> male, DoB: 1973-02-10 ( id:\u00a03456346)</p><hr/><table class=\"grid\"><tr><td style=\"background-color: #f3f5da\" title=\"Record is active\">Active:</td><td colspan=\"3\">false</td></tr><tr><td style=\"background-color: #f3f5da\" title=\"Ways to contact the Patient\">Contact Detail:</td><td colspan=\"3\">Valukoja 10, Tallinn(TEMP)</td></tr></table></div>"
  },
  "identifier" : [{
    "system" : "https://fhir.ee/sid/pid/est/mr",
    "value" : "3456346"
  }],
  "active" : false,
  "name" : [{
    "use" : "nickname",
    "text" : "Malle Maasikas"
  }],
  "gender" : "male",
  "birthDate" : "1973-02-10",
  "_birthDate" : {
    "extension" : [{
      "url" : "https://fhir.ee/StructureDefinition/ee-date-accuracy-indicator",
      "valueCoding" : {
        "system" : "https://fhir.ee/CodeSystem/ee-date-accuracy-indicator",
        "code" : "AAA",
        "display" : "Day, month and year are accurate"
      }
    }]
  },
  "address" : [{
    "extension" : [{
      "url" : "https://fhir.ee/StructureDefinition/ee-ads",
      "valueCoding" : {
        "system" : "https://fhir.ee/CodeSystem/ee-ads",
        "code" : "2280361"
      }
    }],
    "use" : "temp",
    "text" : "Valukoja 10, Tallinn",
    "country" : "EE"
  }]
}