[
  {
    "id" : "address-official",
    "type" : "StructureDefinition",
    "url" : "http://hl7.org/fhir/StructureDefinition/address-official",
    "version" : "0.9.2",
    "name" : "OfficialAddress"
  },
  {
    "id" : "ads-adr-id",
    "type" : "CodeSystem",
    "url" : "https://fhir.ee/CodeSystem/ads-adr-id",
    "version" : "0.9.2",
    "name" : "EEBaseAdsAdrId"
  },
  {
    "id" : "ads-oid",
    "type" : "CodeSystem",
    "url" : "https://fhir.ee/CodeSystem/ads-oid",
    "version" : "0.9.2",
    "name" : "EEBaseAdsOid"
  },
  {
    "id" : "date-accuracy-indicator",
    "type" : "CodeSystem",
    "url" : "https://fhir.ee/CodeSystem/date-accuracy-indicator",
    "version" : "0.9.2",
    "name" : "EEBaseDateAccuracyIndicator"
  },
  {
    "id" : "eriala",
    "type" : "CodeSystem",
    "url" : "https://fhir.ee/CodeSystem/eriala",
    "version" : "0.9.2",
    "name" : "EEBaseEriala"
  },
  {
    "id" : "identifier-domain",
    "type" : "CodeSystem",
    "url" : "https://fhir.ee/CodeSystem/identifier-domain",
    "version" : "0.9.2",
    "name" : "EEBaseIdentifierDomain"
  },
  {
    "id" : "mode-of-arrival",
    "type" : "CodeSystem",
    "url" : "https://fhir.ee/CodeSystem/mode-of-arrival",
    "version" : "0.9.2",
    "name" : "EEBaseModeOfArrival"
  },
  {
    "id" : "occupation",
    "type" : "CodeSystem",
    "url" : "https://fhir.ee/CodeSystem/occupation",
    "version" : "0.9.2",
    "name" : "EEBaseOccupation"
  },
  {
    "id" : "hl7.fhir.ee.base",
    "type" : "ImplementationGuide",
    "url" : "https://fhir.ee/ImplementationGuide/hl7.fhir.ee.base",
    "version" : "0.9.2",
    "name" : "EEBase"
  },
  {
    "id" : "ehak",
    "type" : "NamingSystem",
    "url" : "https://fhir.ee/NamingSystem/ehak",
    "version" : "0.9.2",
    "name" : "EHAK"
  },
  {
    "id" : "org-est-br",
    "type" : "NamingSystem",
    "url" : "https://fhir.ee/NamingSystem/org-est-br",
    "version" : "0.9.2",
    "name" : "OrgEstBr"
  },
  {
    "id" : "org-est-fi",
    "type" : "NamingSystem",
    "url" : "https://fhir.ee/NamingSystem/org-est-fi",
    "version" : "0.9.2",
    "name" : "OrgEstFi"
  },
  {
    "id" : "org-vatin",
    "type" : "NamingSystem",
    "url" : "https://fhir.ee/NamingSystem/org-vatin",
    "version" : "0.9.2",
    "name" : "OrgVATIN"
  },
  {
    "id" : "pid-est-ni",
    "type" : "NamingSystem",
    "url" : "https://fhir.ee/NamingSystem/pid-est-ni",
    "version" : "0.9.2",
    "name" : "PidEstNi"
  },
  {
    "id" : "pro-est-pho",
    "type" : "NamingSystem",
    "url" : "https://fhir.ee/NamingSystem/pro-est-pho",
    "version" : "0.9.2",
    "name" : "ProEstPho"
  },
  {
    "id" : "ee-address",
    "type" : "StructureDefinition",
    "url" : "https://fhir.ee/StructureDefinition/ee-address",
    "version" : "0.9.2",
    "name" : "EEBaseAddress"
  },
  {
    "id" : "ee-ads-adr-id",
    "type" : "StructureDefinition",
    "url" : "https://fhir.ee/StructureDefinition/ee-ads-adr-id",
    "version" : "0.9.2",
    "name" : "ExtensionEEBaseAdsAdrId"
  },
  {
    "id" : "ee-ads-oid",
    "type" : "StructureDefinition",
    "url" : "https://fhir.ee/StructureDefinition/ee-ads-oid",
    "version" : "0.9.2",
    "name" : "ExtensionEEBaseAdsOid"
  },
  {
    "id" : "ee-date-accuracy-indicator",
    "type" : "StructureDefinition",
    "url" : "https://fhir.ee/StructureDefinition/ee-date-accuracy-indicator",
    "version" : "0.9.2",
    "name" : "ExtensionEEBaseDateAccuracyIndicator"
  },
  {
    "id" : "ee-ehak",
    "type" : "StructureDefinition",
    "url" : "https://fhir.ee/StructureDefinition/ee-ehak",
    "version" : "0.9.2",
    "name" : "ExtensionEEBaseEhak"
  },
  {
    "id" : "ee-encounter",
    "type" : "StructureDefinition",
    "url" : "https://fhir.ee/StructureDefinition/ee-encounter",
    "version" : "0.9.2",
    "name" : "EEBaseEncounter"
  },
  {
    "id" : "ee-episode-of-care",
    "type" : "StructureDefinition",
    "url" : "https://fhir.ee/StructureDefinition/ee-episode-of-care",
    "version" : "0.9.2",
    "name" : "EEBaseEpisodeOfCare"
  },
  {
    "id" : "ee-healthcare-service",
    "type" : "StructureDefinition",
    "url" : "https://fhir.ee/StructureDefinition/ee-healthcare-service",
    "version" : "0.9.2",
    "name" : "EEBaseHealthcareService"
  },
  {
    "id" : "ee-location",
    "type" : "StructureDefinition",
    "url" : "https://fhir.ee/StructureDefinition/ee-location",
    "version" : "0.9.2",
    "name" : "EEBaseLocation"
  },
  {
    "id" : "ee-mode-of-arrival",
    "type" : "StructureDefinition",
    "url" : "https://fhir.ee/StructureDefinition/ee-mode-of-arrival",
    "version" : "0.9.2",
    "name" : "ExtensionEEBaseModeOfArrival"
  },
  {
    "id" : "ee-observation",
    "type" : "StructureDefinition",
    "url" : "https://fhir.ee/StructureDefinition/ee-observation",
    "version" : "0.9.2",
    "name" : "EEBaseObservation"
  },
  {
    "id" : "ee-organization",
    "type" : "StructureDefinition",
    "url" : "https://fhir.ee/StructureDefinition/ee-organization",
    "version" : "0.9.2",
    "name" : "EEBaseOrganization"
  },
  {
    "id" : "ee-patient",
    "type" : "StructureDefinition",
    "url" : "https://fhir.ee/StructureDefinition/ee-patient",
    "version" : "0.9.2",
    "name" : "EEBasePatient"
  },
  {
    "id" : "ee-patient-age",
    "type" : "StructureDefinition",
    "url" : "https://fhir.ee/StructureDefinition/ee-patient-age",
    "version" : "0.9.2",
    "name" : "ExtensionEEBasePatientAge"
  },
  {
    "id" : "ee-practitioner",
    "type" : "StructureDefinition",
    "url" : "https://fhir.ee/StructureDefinition/ee-practitioner",
    "version" : "0.9.2",
    "name" : "EEBasePractitioner"
  },
  {
    "id" : "ee-practitioner-role",
    "type" : "StructureDefinition",
    "url" : "https://fhir.ee/StructureDefinition/ee-practitioner-role",
    "version" : "0.9.2",
    "name" : "EEBasePractitionerRole"
  },
  {
    "id" : "ee-related-person",
    "type" : "StructureDefinition",
    "url" : "https://fhir.ee/StructureDefinition/ee-related-person",
    "version" : "0.9.2",
    "name" : "EEBaseRelatedPerson"
  },
  {
    "id" : "administrative-gender",
    "type" : "ValueSet",
    "url" : "https://fhir.ee/ValueSet/administrative-gender",
    "version" : "0.9.2",
    "name" : "EEBaseAdministrativeGender"
  },
  {
    "id" : "ads-adr-id",
    "type" : "ValueSet",
    "url" : "https://fhir.ee/ValueSet/ads-adr-id",
    "version" : "0.9.2",
    "name" : "EEBaseAdsAdrId"
  },
  {
    "id" : "ads-oid",
    "type" : "ValueSet",
    "url" : "https://fhir.ee/ValueSet/ads-oid",
    "version" : "0.9.2",
    "name" : "EEBaseAdsOid"
  },
  {
    "id" : "clinical-specialty",
    "type" : "ValueSet",
    "url" : "https://fhir.ee/ValueSet/clinical-specialty",
    "version" : "0.9.2",
    "name" : "EEBaseClinicalSpecialty"
  },
  {
    "id" : "date-accuracy-indicator",
    "type" : "ValueSet",
    "url" : "https://fhir.ee/ValueSet/date-accuracy-indicator",
    "version" : "0.9.2",
    "name" : "EEBaseDateAccuracyIndicator"
  },
  {
    "id" : "degree-license-certificate",
    "type" : "ValueSet",
    "url" : "https://fhir.ee/ValueSet/degree-license-certificate",
    "version" : "0.9.2",
    "name" : "EEBaseDegreeLicenseCertificate"
  },
  {
    "id" : "ee-act-priority",
    "type" : "ValueSet",
    "url" : "https://fhir.ee/ValueSet/ee-act-priority",
    "version" : "0.9.2",
    "name" : "EEBaseActPriority"
  },
  {
    "id" : "ee-encounter-class",
    "type" : "ValueSet",
    "url" : "https://fhir.ee/ValueSet/ee-encounter-class",
    "version" : "0.9.2",
    "name" : "EEBaseEncounterClass"
  },
  {
    "id" : "ee-observation-category",
    "type" : "ValueSet",
    "url" : "https://fhir.ee/ValueSet/ee-observation-category",
    "version" : "0.9.2",
    "name" : "EEBaseObservationCategory"
  },
  {
    "id" : "eriala",
    "type" : "ValueSet",
    "url" : "https://fhir.ee/ValueSet/eriala",
    "version" : "0.9.2",
    "name" : "EEBaseEriala"
  },
  {
    "id" : "identifier-domain",
    "type" : "ValueSet",
    "url" : "https://fhir.ee/ValueSet/identifier-domain",
    "version" : "0.9.2",
    "name" : "EEBaseIdentifierDomain"
  },
  {
    "id" : "location-form",
    "type" : "ValueSet",
    "url" : "https://fhir.ee/ValueSet/location-form",
    "version" : "0.9.2",
    "name" : "EEBaseLocationForm"
  },
  {
    "id" : "mode-of-arrival",
    "type" : "ValueSet",
    "url" : "https://fhir.ee/ValueSet/mode-of-arrival",
    "version" : "0.9.2",
    "name" : "EEBaseModeOfArrival"
  },
  {
    "id" : "occupation",
    "type" : "ValueSet",
    "url" : "https://fhir.ee/ValueSet/occupation",
    "version" : "0.9.2",
    "name" : "EEBaseOccupation"
  },
  {
    "id" : "organization-identifier-domain",
    "type" : "ValueSet",
    "url" : "https://fhir.ee/ValueSet/organization-identifier-domain",
    "version" : "0.9.2",
    "name" : "EEBaseOrganizationIdentifierDomain"
  },
  {
    "id" : "organization-type",
    "type" : "ValueSet",
    "url" : "https://fhir.ee/ValueSet/organization-type",
    "version" : "0.9.2",
    "name" : "EEBaseOrganizationType"
  },
  {
    "id" : "patient-identifier-domain",
    "type" : "ValueSet",
    "url" : "https://fhir.ee/ValueSet/patient-identifier-domain",
    "version" : "0.9.2",
    "name" : "EEBasePatientIdentifierDomain"
  },
  {
    "id" : "person-relationship",
    "type" : "ValueSet",
    "url" : "https://fhir.ee/ValueSet/person-relationship",
    "version" : "0.9.2",
    "name" : "EEBasePersonRelationship"
  },
  {
    "id" : "practitioner-identifier-domain",
    "type" : "ValueSet",
    "url" : "https://fhir.ee/ValueSet/practitioner-identifier-domain",
    "version" : "0.9.2",
    "name" : "EEBasePractitionerIdentifierDomain"
  },
  {
    "id" : "practitioner-role",
    "type" : "ValueSet",
    "url" : "https://fhir.ee/ValueSet/practitioner-role",
    "version" : "0.9.2",
    "name" : "EEBasePractitionerRole"
  }
]
