<?xml version="1.0" encoding="UTF-8"?>

<CodeSystem xmlns="http://hl7.org/fhir">
  <id value="mode-of-arrival"/>
  <text>
    <status value="generated"/><div xmlns="http://www.w3.org/1999/xhtml"><p>This case-insensitive code system <code>https://fhir.ee/CodeSystem/mode-of-arrival</code> defines the following code:</p><table class="codes"><tr><td style="white-space:nowrap"><b>Code</b></td><td><b>Display</b></td><td><b>Definition</b></td></tr><tr><td style="white-space:nowrap">PV<a name="mode-of-arrival-PV"> </a></td><td>Police Vehicle</td><td>Police Vehicle</td></tr></table></div>
  </text>
  <url value="https://fhir.ee/CodeSystem/mode-of-arrival"/>
  <version value="0.9.2"/>
  <name value="EEBaseModeOfArrival"/>
  <title value="Mode Of Arrival"/>
  <status value="draft"/>
  <experimental value="false"/>
  <date value="2024-04-11T21:57:02+03:00"/>
  <publisher value="HL7 Estonia"/>
  <contact>
    <name value="HL7 Estonia"/>
    <telecom>
      <system value="url"/>
      <value value="https://www.hl7.ee"/>
    </telecom>
  </contact>
  <description value="The content of this code system is intended to supplement HL7's code system arrivalMode (version 2.1.0) with one additional code ('PV') for using in ValueSets"/>
  <jurisdiction>
    <coding>
      <system value="urn:iso:std:iso:3166"/>
      <code value="EE"/>
      <display value="Estonia"/>
    </coding>
  </jurisdiction>
  <purpose value="Underlying Master Code System for V2 table 0430 (Mode of Arrival Code)"/>
  <caseSensitive value="false"/>
  <content value="complete"/>
  <count value="1"/>
  <concept>
    <code value="PV"/>
    <display value="Police Vehicle"/>
    <definition value="Police Vehicle"/>
  </concept>
</CodeSystem>