URL,Version,Status,OIDs,Name,Title,Descriptino,Used
https://fhir.ee/CodeSystem/ads-adr-id,0.9.2,active,,EEBaseAdsAdrId,ADS AdrId,"Address identifiers in the Estonian Address.",
https://fhir.ee/CodeSystem/ads-oid,0.9.2,active,,EEBaseAdsOid,ADS Oid,"Address objects in the Estonian Address System.",
https://fhir.ee/CodeSystem/date-accuracy-indicator,0.9.2,active,,EEBaseDateAccuracyIndicator,Date Accuracy Indicator,"The Date Accuracy Indicator code system defines concepts that indicate the accuracy of components of a reported date. The concepts defined in this code system are equivalent to those defined in the METeOR value domains for Date—accuracy indicator, code AAA (http://meteor.aihw.gov.au/content/index.phtml/itemId/294429).",
https://fhir.ee/CodeSystem/eriala,0.9.2,active,,EEBaseEriala,Eriala,"Medre specialty. TIS erialad.",
https://fhir.ee/CodeSystem/identifier-domain,0.9.2,active,,EEBaseIdentifierDomain,Identifier Domain,"Description of the identifier systems acceptable for entity identification",
https://fhir.ee/CodeSystem/mode-of-arrival,0.9.2,draft,,EEBaseModeOfArrival,Mode Of Arrival,"The content of this code system is intended to supplement HL7's code system arrivalMode (version 2.1.0) with one additional code ('PV') for using in ValueSets",
https://fhir.ee/CodeSystem/occupation,0.9.2,active,,EEBaseOccupation,Classification of Occupations,"Estonian Edition of International Standard Classification of Occupations. Based on ISCO-88",
