{
  "resourceType" : "CodeSystem",
  "id" : "ads-oid",
  "text" : {
    "status" : "generated",
    "div" : "<div xmlns=\"http://www.w3.org/1999/xhtml\"><p>This case-insensitive code system <code>https://fhir.ee/CodeSystem/ads-oid</code> provides <b>a fragment</b> that includes following codes:</p><table class=\"codes\"><tr><td style=\"white-space:nowrap\"><b>Code</b></td><td><b>Display</b></td></tr><tr><td style=\"white-space:nowrap\">OV00000784<a name=\"ads-oid-OV00000784\"> </a></td><td>Harju maakond, Tallinn</td></tr><tr><td style=\"white-space:nowrap\">LO00000339<a name=\"ads-oid-LO00000339\"> </a></td><td>Harju maakond, Tallinn, Lasnamäe linnaosa</td></tr><tr><td style=\"white-space:nowrap\">ME03379409<a name=\"ads-oid-ME03379409\"> </a></td><td>Harju maakond, Tallinn, Lasnamäe linnaosa, Valukoja tn 10</td></tr><tr><td style=\"white-space:nowrap\">AY03658881<a name=\"ads-oid-AY03658881\"> </a></td><td>Tartu maakond, Tartu linn</td></tr><tr><td style=\"white-space:nowrap\">EE00752500<a name=\"ads-oid-EE00752500\"> </a></td><td>Tartu maakond, Tartu linn, Tartu linn, K. Veeberi tn 4</td></tr><tr><td style=\"white-space:nowrap\">AY00008560<a name=\"ads-oid-AY00008560\"> </a></td><td>Tartu maakond, Tartu linn, Tähtvere küla</td></tr></table></div>"
  },
  "url" : "https://fhir.ee/CodeSystem/ads-oid",
  "version" : "0.9.2",
  "name" : "EEBaseAdsOid",
  "title" : "ADS Oid",
  "status" : "active",
  "experimental" : true,
  "date" : "2024-04-11T21:57:02+03:00",
  "publisher" : "HL7 Estonia",
  "contact" : [{
    "name" : "HL7 Estonia",
    "telecom" : [{
      "system" : "url",
      "value" : "https://www.hl7.ee"
    }]
  }],
  "description" : "Address objects in the Estonian Address System.",
  "jurisdiction" : [{
    "coding" : [{
      "system" : "urn:iso:std:iso:3166",
      "code" : "EE",
      "display" : "Estonia"
    }]
  }],
  "caseSensitive" : false,
  "content" : "fragment",
  "concept" : [{
    "code" : "OV00000784",
    "display" : "Harju maakond, Tallinn"
  },
  {
    "code" : "LO00000339",
    "display" : "Harju maakond, Tallinn, Lasnamäe linnaosa"
  },
  {
    "code" : "ME03379409",
    "display" : "Harju maakond, Tallinn, Lasnamäe linnaosa, Valukoja tn 10"
  },
  {
    "code" : "AY03658881",
    "display" : "Tartu maakond, Tartu linn"
  },
  {
    "code" : "EE00752500",
    "display" : "Tartu maakond, Tartu linn, Tartu linn, K. Veeberi tn 4"
  },
  {
    "code" : "AY00008560",
    "display" : "Tartu maakond, Tartu linn, Tähtvere küla"
  }]
}