<?xml version="1.0" encoding="UTF-8"?>

<ImplementationGuide xmlns="http://hl7.org/fhir">
  <id value="hl7.fhir.ee.base"/>
  <text>
    <status value="extensions"/><div xmlns="http://www.w3.org/1999/xhtml"><h2>EEBase</h2><p>The official URL for this implementation guide is: </p><pre>https://fhir.ee/ImplementationGuide/hl7.fhir.ee.base</pre><div><p>Eesti FHIR standardi baas juurutusjuhend</p>
</div></div>
  </text>
  <url value="https://fhir.ee/ImplementationGuide/hl7.fhir.ee.base"/>
  <version value="0.9.2"/>
  <name value="EEBase"/>
  <title value="Estonian Base Implementation Guide"/>
  <status value="active"/>
  <date value="2024-04-11T21:57:02+03:00"/>
  <publisher value="HL7 Estonia"/>
  <contact>
    <name value="HL7 Estonia"/>
    <telecom>
      <system value="url"/>
      <value value="https://www.hl7.ee"/>
    </telecom>
  </contact>
  <description value="Eesti FHIR standardi baas juurutusjuhend"/>
  <jurisdiction>
    <coding>
      <system value="urn:iso:std:iso:3166"/>
      <code value="EE"/>
      <display value="Estonia"/>
    </coding>
  </jurisdiction>
  <packageId value="hl7.fhir.ee.base"/>
  <license value="MIT"/>
  <fhirVersion value="5.0.0"/>
  <dependsOn id="hl7tx">
    <extension url="http://hl7.org/fhir/tools/StructureDefinition/implementationguide-dependency-comment">
      <valueMarkdown value="Automatically added as a dependency - all IGs depend on HL7 Terminology"/>
    </extension>
    <uri value="http://terminology.hl7.org/ImplementationGuide/hl7.terminology"/>
    <packageId value="hl7.terminology.r5"/>
    <version value="5.3.0"/>
  </dependsOn>
  <dependsOn id="hl7_fhir_uv_extensions">
    <uri value="http://hl7.org/fhir/extensions/ImplementationGuide/hl7.fhir.uv.extensions"/>
    <packageId value="hl7.fhir.uv.extensions"/>
    <version value="current"/>
  </dependsOn>
  <definition>
    <extension url="http://hl7.org/fhir/tools/StructureDefinition/ig-internal-dependency">
      <valueCode value="hl7.fhir.uv.tools#0.1.0"/>
    </extension>
    <resource>
      <extension url="http://hl7.org/fhir/tools/StructureDefinition/resource-information">
        <valueString value="ValueSet"/>
      </extension>
      <reference>
        <reference value="ValueSet/ee-act-priority"/>
      </reference>
      <name value="Act Priority"/>
      <description value="Act Priority"/>
      <isExample value="false"/>
    </resource>
    <resource>
      <extension url="http://hl7.org/fhir/tools/StructureDefinition/resource-information">
        <valueString value="ValueSet"/>
      </extension>
      <reference>
        <reference value="ValueSet/administrative-gender"/>
      </reference>
      <name value="Administrative Gender"/>
      <description value="Administrative Gender"/>
      <isExample value="false"/>
    </resource>
    <resource>
      <extension url="http://hl7.org/fhir/tools/StructureDefinition/resource-information">
        <valueString value="ValueSet"/>
      </extension>
      <reference>
        <reference value="ValueSet/ads-adr-id"/>
      </reference>
      <name value="ADS AdrId"/>
      <description value="Address identifiers in the Estonian Address."/>
      <isExample value="false"/>
    </resource>
    <resource>
      <extension url="http://hl7.org/fhir/tools/StructureDefinition/resource-information">
        <valueString value="CodeSystem"/>
      </extension>
      <reference>
        <reference value="CodeSystem/ads-adr-id"/>
      </reference>
      <name value="ADS AdrId"/>
      <description value="Address identifiers in the Estonian Address."/>
      <isExample value="false"/>
    </resource>
    <resource>
      <extension url="http://hl7.org/fhir/tools/StructureDefinition/resource-information">
        <valueString value="ValueSet"/>
      </extension>
      <reference>
        <reference value="ValueSet/ads-oid"/>
      </reference>
      <name value="ADS Oid"/>
      <description value="Address objects in the Estonian Address System."/>
      <isExample value="false"/>
    </resource>
    <resource>
      <extension url="http://hl7.org/fhir/tools/StructureDefinition/resource-information">
        <valueString value="CodeSystem"/>
      </extension>
      <reference>
        <reference value="CodeSystem/ads-oid"/>
      </reference>
      <name value="ADS Oid"/>
      <description value="Address objects in the Estonian Address System."/>
      <isExample value="false"/>
    </resource>
    <resource>
      <extension url="http://hl7.org/fhir/tools/StructureDefinition/resource-information">
        <valueString value="CodeSystem"/>
      </extension>
      <reference>
        <reference value="CodeSystem/occupation"/>
      </reference>
      <name value="Classification of Occupations"/>
      <description value="Estonian Edition of International Standard Classification of Occupations. Based on ISCO-88"/>
      <isExample value="false"/>
    </resource>
    <resource>
      <extension url="http://hl7.org/fhir/tools/StructureDefinition/resource-information">
        <valueString value="ValueSet"/>
      </extension>
      <reference>
        <reference value="ValueSet/clinical-specialty"/>
      </reference>
      <name value="Clinical Specialty"/>
      <description value="Clinical specialty (aka 'tegevusvaldkond' in Estonian)"/>
      <isExample value="false"/>
    </resource>
    <resource>
      <extension url="http://hl7.org/fhir/tools/StructureDefinition/resource-information">
        <valueString value="ValueSet"/>
      </extension>
      <reference>
        <reference value="ValueSet/date-accuracy-indicator"/>
      </reference>
      <name value="Date Accuracy Indicator"/>
      <description value="Date Accuracy Indicator"/>
      <isExample value="false"/>
    </resource>
    <resource>
      <extension url="http://hl7.org/fhir/tools/StructureDefinition/resource-information">
        <valueString value="CodeSystem"/>
      </extension>
      <reference>
        <reference value="CodeSystem/date-accuracy-indicator"/>
      </reference>
      <name value="Date Accuracy Indicator"/>
      <description value="The Date Accuracy Indicator code system defines concepts that indicate the accuracy of components of a reported date. The concepts defined in this code system are equivalent to those defined in the METeOR value domains for Date—accuracy indicator, code AAA (http://meteor.aihw.gov.au/content/index.phtml/itemId/294429)."/>
      <isExample value="false"/>
    </resource>
    <resource>
      <extension url="http://hl7.org/fhir/tools/StructureDefinition/resource-information">
        <valueString value="RelatedPerson"/>
      </extension>
      <reference>
        <reference value="RelatedPerson/Doe2Doe"/>
      </reference>
      <name value="Doe2Doe"/>
      <description value="Jane Doe is a wife of John Doe"/>
      <isExample value="true"/>
      <profile value="https://fhir.ee/StructureDefinition/ee-related-person"/>
    </resource>
    <resource>
      <extension url="http://hl7.org/fhir/tools/StructureDefinition/resource-information">
        <valueString value="StructureDefinition:complex-type"/>
      </extension>
      <reference>
        <reference value="StructureDefinition/ee-address"/>
      </reference>
      <name value="EEBase Address"/>
      <description value="An address expressed using postal conventions (as opposed to GPS or other location definition formats). This datatype may be used to convey addresses for use in delivering mail as well as for visiting locations which might not be valid for mail delivery. There are a variety of postal address formats defined around the world. EEBase Address resource is developed in cooperation with Estonian Land Board. EEBase Address resource describes both Estonian and foreign addresses."/>
      <isExample value="false"/>
    </resource>
    <resource>
      <extension url="http://hl7.org/fhir/tools/StructureDefinition/resource-information">
        <valueString value="StructureDefinition:extension"/>
      </extension>
      <reference>
        <reference value="StructureDefinition/ee-ads-adr-id"/>
      </reference>
      <name value="EEBase ADS AdrId"/>
      <description value="EEBase ADS AdrId extension"/>
      <isExample value="false"/>
    </resource>
    <resource>
      <extension url="http://hl7.org/fhir/tools/StructureDefinition/resource-information">
        <valueString value="StructureDefinition:extension"/>
      </extension>
      <reference>
        <reference value="StructureDefinition/ee-ads-oid"/>
      </reference>
      <name value="EEBase ADS Oid"/>
      <description value="EEBase ADS Oid extension"/>
      <isExample value="false"/>
    </resource>
    <resource>
      <extension url="http://hl7.org/fhir/tools/StructureDefinition/resource-information">
        <valueString value="StructureDefinition:extension"/>
      </extension>
      <reference>
        <reference value="StructureDefinition/ee-date-accuracy-indicator"/>
      </reference>
      <name value="EEBase Date Accuracy Indicator"/>
      <description value="This extension applies to the [date](http://hl7.org/fhir/datatypes.html#date) and [dateTime](http://hl7.org/fhir/datatypes.html#dateTime) data types and is used to represent the accuracy of the associated date."/>
      <isExample value="false"/>
    </resource>
    <resource>
      <extension url="http://hl7.org/fhir/tools/StructureDefinition/resource-information">
        <valueString value="StructureDefinition:extension"/>
      </extension>
      <reference>
        <reference value="StructureDefinition/ee-ehak"/>
      </reference>
      <name value="EEBase EHAK"/>
      <description value="EEBase EHAK extension"/>
      <isExample value="false"/>
    </resource>
    <resource>
      <extension url="http://hl7.org/fhir/tools/StructureDefinition/resource-information">
        <valueString value="StructureDefinition:resource"/>
      </extension>
      <reference>
        <reference value="StructureDefinition/ee-encounter"/>
      </reference>
      <name value="EEBase Encounter"/>
      <description value="Encounter is an interaction between a patient and healthcare provider(s) to provide healthcare service(s) or assess a patient's health status. There are many types of encounters (such as ambulatory, inpatient, home visits, emergency and the like) which is the reason why the resource encompasses the lifecycle from pre-admission to the actual encounter (for ambulatory encounters) and admission, stay and discharge (for inpatient encounters). Encounter is primarily used to record information about the actual activities that occurred, where Appointment is used to record planned activities."/>
      <isExample value="false"/>
    </resource>
    <resource>
      <extension url="http://hl7.org/fhir/tools/StructureDefinition/resource-information">
        <valueString value="StructureDefinition:resource"/>
      </extension>
      <reference>
        <reference value="StructureDefinition/ee-episode-of-care"/>
      </reference>
      <name value="EEBase EpisodeOfCare"/>
      <description value="An association between a patient and an organization/healthcare provider(s) over a period of time. The managing organization assumes a level of responsibility for the patient during this time. EpisodeOfCare acts as a container resource that links a series of Encounters together for problems/issues (specific condition)."/>
      <isExample value="false"/>
    </resource>
    <resource>
      <extension url="http://hl7.org/fhir/tools/StructureDefinition/resource-information">
        <valueString value="StructureDefinition:resource"/>
      </extension>
      <reference>
        <reference value="StructureDefinition/ee-healthcare-service"/>
      </reference>
      <name value="EEBase HealthcareService"/>
      <description value="HealthcareService resource describes the details of a single healthcare service or category of services that are provided by an organization at a location. The location of the services could be virtual, as with telemedicine services."/>
      <isExample value="false"/>
    </resource>
    <resource>
      <extension url="http://hl7.org/fhir/tools/StructureDefinition/resource-information">
        <valueString value="StructureDefinition:resource"/>
      </extension>
      <reference>
        <reference value="StructureDefinition/ee-location"/>
      </reference>
      <name value="EEBase Location"/>
      <description value="Location resource gives details and position information of a physical place where services are provided, and also where resources and participants may be stored, found, contained or accomodated."/>
      <isExample value="false"/>
    </resource>
    <resource>
      <extension url="http://hl7.org/fhir/tools/StructureDefinition/resource-information">
        <valueString value="StructureDefinition:extension"/>
      </extension>
      <reference>
        <reference value="StructureDefinition/ee-mode-of-arrival"/>
      </reference>
      <name value="EEBase ModeOfArrival"/>
      <description value="The method that the patient arrived at the facility."/>
      <isExample value="false"/>
    </resource>
    <resource>
      <extension url="http://hl7.org/fhir/tools/StructureDefinition/resource-information">
        <valueString value="StructureDefinition:resource"/>
      </extension>
      <reference>
        <reference value="StructureDefinition/ee-observation"/>
      </reference>
      <name value="EEBase Observation"/>
      <description value="Observation represents one of the most important and central units of healthcare data exchange - different kinds of observations varying from clinical findings and measurements to social history. The resource is designed to cover a wide variety of use cases and as a result, at its simplest, a resource instance can consist of only a code, value, and status flag. The granularity of instance highly depends on the use case, therefore the minimal viable data considered is a decision that needs to be made during profiling process."/>
      <isExample value="false"/>
    </resource>
    <resource>
      <extension url="http://hl7.org/fhir/tools/StructureDefinition/resource-information">
        <valueString value="StructureDefinition:resource"/>
      </extension>
      <reference>
        <reference value="StructureDefinition/ee-organization"/>
      </reference>
      <name value="EEBase Organization"/>
      <description value=" Organization is a resource intended for documenting information related to an entity that has been formed for the purpose of achieving some form of collective action. 'Organization' as such has a narrower definition in context of EEBase - in order to be conformant to EEBaseOrganization profile, an organization MUST be registered as a business. Yet, Organization could be used for documenting contact information and/or providing support for other resources that need to reference organizations."/>
      <isExample value="false"/>
    </resource>
    <resource>
      <extension url="http://hl7.org/fhir/tools/StructureDefinition/resource-information">
        <valueString value="StructureDefinition:resource"/>
      </extension>
      <reference>
        <reference value="StructureDefinition/ee-patient"/>
      </reference>
      <name value="EEBase Patient"/>
      <description value="Patient is a FHIR resource intended for documenting demographical and/or administrative information about the individual on the receiving end of healthcare services. In context of Estonian healthcare data exchange, the patient MUST be identifiable by Person Identity System."/>
      <isExample value="false"/>
    </resource>
    <resource>
      <extension url="http://hl7.org/fhir/tools/StructureDefinition/resource-information">
        <valueString value="StructureDefinition:extension"/>
      </extension>
      <reference>
        <reference value="StructureDefinition/ee-patient-age"/>
      </reference>
      <name value="EEBase PatientAge"/>
      <description value="Patient age measure and unit"/>
      <isExample value="false"/>
    </resource>
    <resource>
      <extension url="http://hl7.org/fhir/tools/StructureDefinition/resource-information">
        <valueString value="StructureDefinition:resource"/>
      </extension>
      <reference>
        <reference value="StructureDefinition/ee-practitioner"/>
      </reference>
      <name value="EEBase Practitioner"/>
      <description value="This profile defines the EE Base constraints and extensions on the Practitioner resource for the minimal set of data to query and retrieve practitioner information. The profile defines a structure that localises core concepts, including identifiers and terminology, for use in an Estonian context for practitioner."/>
      <isExample value="false"/>
    </resource>
    <resource>
      <extension url="http://hl7.org/fhir/tools/StructureDefinition/resource-information">
        <valueString value="StructureDefinition:resource"/>
      </extension>
      <reference>
        <reference value="StructureDefinition/ee-practitioner-role"/>
      </reference>
      <name value="EEBase PractitionerRole"/>
      <description value="PractitionerRole resource allows exchange of specific set of roles, specialties and services that a practitioner may perform at an organisation for a period of time. EEBase PractitionerRole profile defines the constraints and extensions for the minimal set of data to query and retrieve information for practitioner role in Estonian context."/>
      <isExample value="false"/>
    </resource>
    <resource>
      <extension url="http://hl7.org/fhir/tools/StructureDefinition/resource-information">
        <valueString value="StructureDefinition:resource"/>
      </extension>
      <reference>
        <reference value="StructureDefinition/ee-related-person"/>
      </reference>
      <name value="EEBase RelatedPerson"/>
      <description value="This profile builds on RelatedPerson resource. The profile allows information exchange about a person that is involved in the care for a patient, but who is not the target of healthcare, nor has a formal responsibility in the care process."/>
      <isExample value="false"/>
    </resource>
    <resource>
      <extension url="http://hl7.org/fhir/tools/StructureDefinition/resource-information">
        <valueString value="ValueSet"/>
      </extension>
      <reference>
        <reference value="ValueSet/ee-encounter-class"/>
      </reference>
      <name value="Encounter Class"/>
      <description value="This value set defines a set of codes that can be used to indicate the class of encounter: a specific code indicating class of service provided."/>
      <isExample value="false"/>
    </resource>
    <resource>
      <extension url="http://hl7.org/fhir/tools/StructureDefinition/resource-information">
        <valueString value="EpisodeOfCare"/>
      </extension>
      <reference>
        <reference value="EpisodeOfCare/eoc1"/>
      </reference>
      <name value="Episode of Care example"/>
      <description value="Episode of care care example"/>
      <isExample value="true"/>
      <profile value="https://fhir.ee/StructureDefinition/ee-episode-of-care"/>
    </resource>
    <resource>
      <extension url="http://hl7.org/fhir/tools/StructureDefinition/resource-information">
        <valueString value="ValueSet"/>
      </extension>
      <reference>
        <reference value="ValueSet/eriala"/>
      </reference>
      <name value="Eriala"/>
      <description value="Medre Specialty. TIS erialade loend."/>
      <isExample value="false"/>
    </resource>
    <resource>
      <extension url="http://hl7.org/fhir/tools/StructureDefinition/resource-information">
        <valueString value="CodeSystem"/>
      </extension>
      <reference>
        <reference value="CodeSystem/eriala"/>
      </reference>
      <name value="Eriala"/>
      <description value="Medre specialty. TIS erialad."/>
      <isExample value="false"/>
    </resource>
    <resource>
      <extension url="http://hl7.org/fhir/tools/StructureDefinition/resource-information">
        <valueString value="NamingSystem"/>
      </extension>
      <reference>
        <reference value="NamingSystem/ehak"/>
      </reference>
      <name value="Estonian Administrative and Settlement Classification"/>
      <description value="The national code system of Estonian administrative and settlement data. EHAK."/>
      <isExample value="false"/>
    </resource>
    <resource>
      <extension url="http://hl7.org/fhir/tools/StructureDefinition/resource-information">
        <valueString value="NamingSystem"/>
      </extension>
      <reference>
        <reference value="NamingSystem/org-est-br"/>
      </reference>
      <name value="Estonian Business Registry Number"/>
      <description value="The identification code of organization in the Estonian Business Register."/>
      <isExample value="false"/>
    </resource>
    <resource>
      <extension url="http://hl7.org/fhir/tools/StructureDefinition/resource-information">
        <valueString value="NamingSystem"/>
      </extension>
      <reference>
        <reference value="NamingSystem/org-est-fi"/>
      </reference>
      <name value="Estonian Medre Health Facility ID"/>
      <description value="The license number of Estonian health care facilities registered at The National Institute for Health Development."/>
      <isExample value="false"/>
    </resource>
    <resource>
      <extension url="http://hl7.org/fhir/tools/StructureDefinition/resource-information">
        <valueString value="NamingSystem"/>
      </extension>
      <reference>
        <reference value="NamingSystem/pro-est-pho"/>
      </reference>
      <name value="Estonian Medre Health Professional Official ID"/>
      <description value="The official identifier of Estonian health care professional registered at Health Board."/>
      <isExample value="false"/>
    </resource>
    <resource>
      <extension url="http://hl7.org/fhir/tools/StructureDefinition/resource-information">
        <valueString value="NamingSystem"/>
      </extension>
      <reference>
        <reference value="NamingSystem/pid-est-ni"/>
      </reference>
      <name value="Estonian Personal National Identification Code"/>
      <description value="The personal national identification code of Estonian citizens and residents."/>
      <isExample value="false"/>
    </resource>
    <resource>
      <extension url="http://hl7.org/fhir/tools/StructureDefinition/resource-information">
        <valueString value="HealthcareService"/>
      </extension>
      <reference>
        <reference value="HealthcareService/HealthcareServiceExample"/>
      </reference>
      <name value="Healthcare Service Example"/>
      <description value="Healthcare Service Example"/>
      <isExample value="true"/>
      <profile value="https://fhir.ee/StructureDefinition/ee-healthcare-service"/>
    </resource>
    <resource>
      <extension url="http://hl7.org/fhir/tools/StructureDefinition/resource-information">
        <valueString value="CodeSystem"/>
      </extension>
      <reference>
        <reference value="CodeSystem/identifier-domain"/>
      </reference>
      <name value="Identifier Domain"/>
      <description value="Description of the identifier systems acceptable for entity identification"/>
      <isExample value="false"/>
    </resource>
    <resource>
      <extension url="http://hl7.org/fhir/tools/StructureDefinition/resource-information">
        <valueString value="ValueSet"/>
      </extension>
      <reference>
        <reference value="ValueSet/identifier-domain"/>
      </reference>
      <name value="Identity System"/>
      <description value="All identification systems have ever been used for identification."/>
      <isExample value="false"/>
    </resource>
    <resource>
      <extension url="http://hl7.org/fhir/tools/StructureDefinition/resource-information">
        <valueString value="Encounter"/>
      </extension>
      <reference>
        <reference value="Encounter/EncounterPatient1"/>
      </reference>
      <name value="Inpatient encounter of Mart Mets"/>
      <description value="Inpatient encounter of Mart Mets"/>
      <isExample value="true"/>
      <profile value="https://fhir.ee/StructureDefinition/ee-encounter"/>
    </resource>
    <resource>
      <extension url="http://hl7.org/fhir/tools/StructureDefinition/resource-information">
        <valueString value="Location"/>
      </extension>
      <reference>
        <reference value="Location/itk-ed"/>
      </reference>
      <name value="ITK ED"/>
      <description value="Location of the Emergency Department at ITK"/>
      <isExample value="true"/>
      <profile value="https://fhir.ee/StructureDefinition/ee-location"/>
    </resource>
    <resource>
      <extension url="http://hl7.org/fhir/tools/StructureDefinition/resource-information">
        <valueString value="Patient"/>
      </extension>
      <reference>
        <reference value="Patient/pat2"/>
      </reference>
      <name value="John Doe (foreign patient)"/>
      <description value="Foreigner with minimal dataset."/>
      <isExample value="true"/>
      <profile value="https://fhir.ee/StructureDefinition/ee-patient"/>
    </resource>
    <resource>
      <extension url="http://hl7.org/fhir/tools/StructureDefinition/resource-information">
        <valueString value="ValueSet"/>
      </extension>
      <reference>
        <reference value="ValueSet/location-form"/>
      </reference>
      <name value="Location Form"/>
      <description value="Location Form"/>
      <isExample value="false"/>
    </resource>
    <resource>
      <extension url="http://hl7.org/fhir/tools/StructureDefinition/resource-information">
        <valueString value="Patient"/>
      </extension>
      <reference>
        <reference value="Patient/pat1"/>
      </reference>
      <name value="Mart Mets (verified patient)"/>
      <description value="Estonian citizen"/>
      <isExample value="true"/>
      <profile value="https://fhir.ee/StructureDefinition/ee-patient"/>
    </resource>
    <resource>
      <extension url="http://hl7.org/fhir/tools/StructureDefinition/resource-information">
        <valueString value="RelatedPerson"/>
      </extension>
      <reference>
        <reference value="RelatedPerson/Mets2Meri"/>
      </reference>
      <name value="Mets2Meri"/>
      <description value="Mari Meri is an emergency contact of Mart Mets"/>
      <isExample value="true"/>
      <profile value="https://fhir.ee/StructureDefinition/ee-related-person"/>
    </resource>
    <resource>
      <extension url="http://hl7.org/fhir/tools/StructureDefinition/resource-information">
        <valueString value="ValueSet"/>
      </extension>
      <reference>
        <reference value="ValueSet/mode-of-arrival"/>
      </reference>
      <name value="Mode Of Arrival"/>
      <description value="Mode Of Arrival"/>
      <isExample value="false"/>
    </resource>
    <resource>
      <extension url="http://hl7.org/fhir/tools/StructureDefinition/resource-information">
        <valueString value="CodeSystem"/>
      </extension>
      <reference>
        <reference value="CodeSystem/mode-of-arrival"/>
      </reference>
      <name value="Mode Of Arrival"/>
      <description value="The content of this code system is intended to supplement HL7's code system arrivalMode (version 2.1.0) with one additional code ('PV') for using in ValueSets"/>
      <isExample value="false"/>
    </resource>
    <resource>
      <extension url="http://hl7.org/fhir/tools/StructureDefinition/resource-information">
        <valueString value="ValueSet"/>
      </extension>
      <reference>
        <reference value="ValueSet/ee-observation-category"/>
      </reference>
      <name value="Observation Category"/>
      <description value="Observation category"/>
      <isExample value="false"/>
    </resource>
    <resource>
      <extension url="http://hl7.org/fhir/tools/StructureDefinition/resource-information">
        <valueString value="ValueSet"/>
      </extension>
      <reference>
        <reference value="ValueSet/occupation"/>
      </reference>
      <name value="Occupation"/>
      <description value="Classification of Occupations"/>
      <isExample value="false"/>
    </resource>
    <resource>
      <extension url="http://hl7.org/fhir/tools/StructureDefinition/resource-information">
        <valueString value="StructureDefinition:extension"/>
      </extension>
      <reference>
        <reference value="StructureDefinition/address-official"/>
      </reference>
      <name value="Official Address"/>
      <description value="Indicate that this address is meant to be the 'official' address for that person. What an 'official' address is depends on the country. This extension allows to specify if this address is or it is not the official address, or to indicate that this is the official address for that country"/>
      <isExample value="false"/>
    </resource>
    <resource>
      <extension url="http://hl7.org/fhir/tools/StructureDefinition/resource-information">
        <valueString value="ValueSet"/>
      </extension>
      <reference>
        <reference value="ValueSet/organization-identifier-domain"/>
      </reference>
      <name value="Organization Identifier Domain"/>
      <description value="Identifier systems acceptable for organization identification"/>
      <isExample value="false"/>
    </resource>
    <resource>
      <extension url="http://hl7.org/fhir/tools/StructureDefinition/resource-information">
        <valueString value="ValueSet"/>
      </extension>
      <reference>
        <reference value="ValueSet/organization-type"/>
      </reference>
      <name value="Organization Types"/>
      <description value="Organization Types"/>
      <isExample value="false"/>
    </resource>
    <resource>
      <extension url="http://hl7.org/fhir/tools/StructureDefinition/resource-information">
        <valueString value="Organization"/>
      </extension>
      <reference>
        <reference value="Organization/itk"/>
      </reference>
      <name value="OrganizationITK"/>
      <description value="Organization ITK"/>
      <isExample value="true"/>
      <profile value="https://fhir.ee/StructureDefinition/ee-organization"/>
    </resource>
    <resource>
      <extension url="http://hl7.org/fhir/tools/StructureDefinition/resource-information">
        <valueString value="Organization"/>
      </extension>
      <reference>
        <reference value="Organization/rh"/>
      </reference>
      <name value="OrganizationRakvereHospital"/>
      <description value="Organization Rakvere Hospital"/>
      <isExample value="true"/>
      <profile value="https://fhir.ee/StructureDefinition/ee-organization"/>
    </resource>
    <resource>
      <extension url="http://hl7.org/fhir/tools/StructureDefinition/resource-information">
        <valueString value="Organization"/>
      </extension>
      <reference>
        <reference value="Organization/synlab"/>
      </reference>
      <name value="OrganizationSynlab"/>
      <description value="Organization Synlab"/>
      <isExample value="true"/>
      <profile value="https://fhir.ee/StructureDefinition/ee-organization"/>
    </resource>
    <resource>
      <extension url="http://hl7.org/fhir/tools/StructureDefinition/resource-information">
        <valueString value="Organization"/>
      </extension>
      <reference>
        <reference value="Organization/ehif"/>
      </reference>
      <name value="OrganizationTervisekassa"/>
      <description value="Organization Tervisekassa"/>
      <isExample value="true"/>
      <profile value="https://fhir.ee/StructureDefinition/ee-organization"/>
    </resource>
    <resource>
      <extension url="http://hl7.org/fhir/tools/StructureDefinition/resource-information">
        <valueString value="ValueSet"/>
      </extension>
      <reference>
        <reference value="ValueSet/patient-identifier-domain"/>
      </reference>
      <name value="Patient Identifier Domain"/>
      <description value="Identity systems acceptable for patient identification"/>
      <isExample value="false"/>
    </resource>
    <resource>
      <extension url="http://hl7.org/fhir/tools/StructureDefinition/resource-information">
        <valueString value="ValueSet"/>
      </extension>
      <reference>
        <reference value="ValueSet/person-relationship"/>
      </reference>
      <name value="Person Relationship"/>
      <description value="Suhe patsiendiga"/>
      <isExample value="false"/>
    </resource>
    <resource>
      <extension url="http://hl7.org/fhir/tools/StructureDefinition/resource-information">
        <valueString value="ValueSet"/>
      </extension>
      <reference>
        <reference value="ValueSet/practitioner-identifier-domain"/>
      </reference>
      <name value="Practitioner Identifier Domain"/>
      <description value="Identifier systems acceptable for practitioner identification"/>
      <isExample value="false"/>
    </resource>
    <resource>
      <extension url="http://hl7.org/fhir/tools/StructureDefinition/resource-information">
        <valueString value="ValueSet"/>
      </extension>
      <reference>
        <reference value="ValueSet/practitioner-role"/>
      </reference>
      <name value="Practitioner Role"/>
      <description value="The role of practitioner in the healthcare facility."/>
      <isExample value="false"/>
    </resource>
    <resource>
      <extension url="http://hl7.org/fhir/tools/StructureDefinition/resource-information">
        <valueString value="Practitioner"/>
      </extension>
      <reference>
        <reference value="Practitioner/D98765"/>
      </reference>
      <name value="PractitionerD98765"/>
      <description value="Practitioner D98765"/>
      <isExample value="true"/>
      <profile value="https://fhir.ee/StructureDefinition/ee-practitioner"/>
    </resource>
    <resource>
      <extension url="http://hl7.org/fhir/tools/StructureDefinition/resource-information">
        <valueString value="Practitioner"/>
      </extension>
      <reference>
        <reference value="Practitioner/D99876"/>
      </reference>
      <name value="PractitionerD99876"/>
      <description value="Practitioner D99876"/>
      <isExample value="true"/>
      <profile value="https://fhir.ee/StructureDefinition/ee-practitioner"/>
    </resource>
    <resource>
      <extension url="http://hl7.org/fhir/tools/StructureDefinition/resource-information">
        <valueString value="Practitioner"/>
      </extension>
      <reference>
        <reference value="Practitioner/N98765"/>
      </reference>
      <name value="PractitionerN98765"/>
      <description value="Practitioner N98765"/>
      <isExample value="true"/>
      <profile value="https://fhir.ee/StructureDefinition/ee-practitioner"/>
    </resource>
    <resource>
      <extension url="http://hl7.org/fhir/tools/StructureDefinition/resource-information">
        <valueString value="Practitioner"/>
      </extension>
      <reference>
        <reference value="Practitioner/N99876"/>
      </reference>
      <name value="PractitionerN99876"/>
      <description value="Practitioner N99876"/>
      <isExample value="true"/>
      <profile value="https://fhir.ee/StructureDefinition/ee-practitioner"/>
    </resource>
    <resource>
      <extension url="http://hl7.org/fhir/tools/StructureDefinition/resource-information">
        <valueString value="PractitionerRole"/>
      </extension>
      <reference>
        <reference value="PractitionerRole/PractRoleD98765"/>
      </reference>
      <name value="PractitionerRoleD98765"/>
      <description value="PractitionerRole D98765"/>
      <isExample value="true"/>
      <profile value="https://fhir.ee/StructureDefinition/ee-practitioner-role"/>
    </resource>
    <resource>
      <extension url="http://hl7.org/fhir/tools/StructureDefinition/resource-information">
        <valueString value="PractitionerRole"/>
      </extension>
      <reference>
        <reference value="PractitionerRole/PractRoleD99876"/>
      </reference>
      <name value="PractitionerRoleD99876"/>
      <description value="PractitionerRole D99876"/>
      <isExample value="true"/>
      <profile value="https://fhir.ee/StructureDefinition/ee-practitioner-role"/>
    </resource>
    <resource>
      <extension url="http://hl7.org/fhir/tools/StructureDefinition/resource-information">
        <valueString value="PractitionerRole"/>
      </extension>
      <reference>
        <reference value="PractitionerRole/PractRoleN98765"/>
      </reference>
      <name value="PractitionerRoleN98765"/>
      <description value="PractitionerRole N98765"/>
      <isExample value="true"/>
      <profile value="https://fhir.ee/StructureDefinition/ee-practitioner-role"/>
    </resource>
    <resource>
      <extension url="http://hl7.org/fhir/tools/StructureDefinition/resource-information">
        <valueString value="PractitionerRole"/>
      </extension>
      <reference>
        <reference value="PractitionerRole/PractRoleN99876"/>
      </reference>
      <name value="PractitionerRoleN99876"/>
      <description value="PractitionerRole N99876"/>
      <isExample value="true"/>
      <profile value="https://fhir.ee/StructureDefinition/ee-practitioner-role"/>
    </resource>
    <resource>
      <extension url="http://hl7.org/fhir/tools/StructureDefinition/resource-information">
        <valueString value="ValueSet"/>
      </extension>
      <reference>
        <reference value="ValueSet/degree-license-certificate"/>
      </reference>
      <name value="Qualification"/>
      <description value="Qualification based on the education"/>
      <isExample value="false"/>
    </resource>
    <resource>
      <extension url="http://hl7.org/fhir/tools/StructureDefinition/resource-information">
        <valueString value="Patient"/>
      </extension>
      <reference>
        <reference value="Patient/patunk"/>
      </reference>
      <name value="Unknown patient"/>
      <description value="Patient that can not be recognized during admission"/>
      <isExample value="true"/>
      <profile value="https://fhir.ee/StructureDefinition/ee-patient"/>
    </resource>
    <resource>
      <extension url="http://hl7.org/fhir/tools/StructureDefinition/resource-information">
        <valueString value="NamingSystem"/>
      </extension>
      <reference>
        <reference value="NamingSystem/org-vatin"/>
      </reference>
      <name value="VAT identification number"/>
      <description value="VAT identification number."/>
      <isExample value="false"/>
    </resource>
    <resource>
      <extension url="http://hl7.org/fhir/tools/StructureDefinition/resource-information">
        <valueString value="Observation"/>
      </extension>
      <reference>
        <reference value="Observation/BloodPressure"/>
      </reference>
      <name value="Vital Signs - Blood pressure observation"/>
      <description value="Blood Pressure example"/>
      <isExample value="true"/>
      <profile value="https://fhir.ee/StructureDefinition/ee-observation"/>
    </resource>
    <page>
      <sourceUrl value="toc.html"/>
      <name value="toc.html"/>
      <title value="Table of Contents"/>
      <generation value="html"/>
      <page>
        <sourceUrl value="index.html"/>
        <name value="index.html"/>
        <title value="Home"/>
        <generation value="markdown"/>
      </page>
      <page>
        <sourceUrl value="policy.html"/>
        <name value="policy.html"/>
        <title value="Policy"/>
        <generation value="markdown"/>
      </page>
      <page>
        <sourceUrl value="contact.html"/>
        <name value="contact.html"/>
        <title value="Contact Us"/>
        <generation value="markdown"/>
      </page>
      <page>
        <sourceUrl value="download.html"/>
        <name value="download.html"/>
        <title value="Download"/>
        <generation value="markdown"/>
      </page>
      <page>
        <sourceUrl value="ballot.html"/>
        <name value="ballot.html"/>
        <title value="IG vastuvõtmise protsess"/>
        <generation value="markdown"/>
      </page>
    </page>
    <parameter>
      <code>
        <system value="http://hl7.org/fhir/tools/CodeSystem/ig-parameters"/>
        <code value="copyrightyear"/>
      </code>
      <value value="2023+"/>
    </parameter>
    <parameter>
      <code>
        <system value="http://hl7.org/fhir/tools/CodeSystem/ig-parameters"/>
        <code value="releaselabel"/>
      </code>
      <value value="trial-use"/>
    </parameter>
    <parameter>
      <code>
        <system value="http://hl7.org/fhir/tools/CodeSystem/ig-parameters"/>
        <code value="autoload-resources"/>
      </code>
      <value value="true"/>
    </parameter>
    <parameter>
      <code>
        <system value="http://hl7.org/fhir/guide-parameter-code"/>
        <code value="path-resource"/>
      </code>
      <value value="input/capabilities"/>
    </parameter>
    <parameter>
      <code>
        <system value="http://hl7.org/fhir/guide-parameter-code"/>
        <code value="path-resource"/>
      </code>
      <value value="input/examples"/>
    </parameter>
    <parameter>
      <code>
        <system value="http://hl7.org/fhir/guide-parameter-code"/>
        <code value="path-resource"/>
      </code>
      <value value="input/extensions"/>
    </parameter>
    <parameter>
      <code>
        <system value="http://hl7.org/fhir/guide-parameter-code"/>
        <code value="path-resource"/>
      </code>
      <value value="input/models"/>
    </parameter>
    <parameter>
      <code>
        <system value="http://hl7.org/fhir/guide-parameter-code"/>
        <code value="path-resource"/>
      </code>
      <value value="input/operations"/>
    </parameter>
    <parameter>
      <code>
        <system value="http://hl7.org/fhir/guide-parameter-code"/>
        <code value="path-resource"/>
      </code>
      <value value="input/profiles"/>
    </parameter>
    <parameter>
      <code>
        <system value="http://hl7.org/fhir/guide-parameter-code"/>
        <code value="path-resource"/>
      </code>
      <value value="input/resources"/>
    </parameter>
    <parameter>
      <code>
        <system value="http://hl7.org/fhir/guide-parameter-code"/>
        <code value="path-resource"/>
      </code>
      <value value="input/vocabulary"/>
    </parameter>
    <parameter>
      <code>
        <system value="http://hl7.org/fhir/guide-parameter-code"/>
        <code value="path-resource"/>
      </code>
      <value value="input/maps"/>
    </parameter>
    <parameter>
      <code>
        <system value="http://hl7.org/fhir/guide-parameter-code"/>
        <code value="path-resource"/>
      </code>
      <value value="input/testing"/>
    </parameter>
    <parameter>
      <code>
        <system value="http://hl7.org/fhir/guide-parameter-code"/>
        <code value="path-resource"/>
      </code>
      <value value="input/history"/>
    </parameter>
    <parameter>
      <code>
        <system value="http://hl7.org/fhir/guide-parameter-code"/>
        <code value="path-resource"/>
      </code>
      <value value="fsh-generated/resources"/>
    </parameter>
    <parameter>
      <code>
        <system value="http://hl7.org/fhir/guide-parameter-code"/>
        <code value="path-pages"/>
      </code>
      <value value="template/config"/>
    </parameter>
    <parameter>
      <code>
        <system value="http://hl7.org/fhir/guide-parameter-code"/>
        <code value="path-pages"/>
      </code>
      <value value="input/images"/>
    </parameter>
    <parameter>
      <code>
        <system value="http://hl7.org/fhir/tools/CodeSystem/ig-parameters"/>
        <code value="path-liquid"/>
      </code>
      <value value="template/liquid"/>
    </parameter>
    <parameter>
      <code>
        <system value="http://hl7.org/fhir/tools/CodeSystem/ig-parameters"/>
        <code value="path-liquid"/>
      </code>
      <value value="input/liquid"/>
    </parameter>
    <parameter>
      <code>
        <system value="http://hl7.org/fhir/tools/CodeSystem/ig-parameters"/>
        <code value="path-qa"/>
      </code>
      <value value="temp/qa"/>
    </parameter>
    <parameter>
      <code>
        <system value="http://hl7.org/fhir/tools/CodeSystem/ig-parameters"/>
        <code value="path-temp"/>
      </code>
      <value value="temp/pages"/>
    </parameter>
    <parameter>
      <code>
        <system value="http://hl7.org/fhir/tools/CodeSystem/ig-parameters"/>
        <code value="path-output"/>
      </code>
      <value value="output"/>
    </parameter>
    <parameter>
      <code>
        <system value="http://hl7.org/fhir/guide-parameter-code"/>
        <code value="path-tx-cache"/>
      </code>
      <value value="input-cache/txcache"/>
    </parameter>
    <parameter>
      <code>
        <system value="http://hl7.org/fhir/tools/CodeSystem/ig-parameters"/>
        <code value="path-suppressed-warnings"/>
      </code>
      <value value="input/ignoreWarnings.txt"/>
    </parameter>
    <parameter>
      <code>
        <system value="http://hl7.org/fhir/tools/CodeSystem/ig-parameters"/>
        <code value="path-history"/>
      </code>
      <value value="https://fhir.ee/history.html"/>
    </parameter>
    <parameter>
      <code>
        <system value="http://hl7.org/fhir/tools/CodeSystem/ig-parameters"/>
        <code value="template-html"/>
      </code>
      <value value="template-page.html"/>
    </parameter>
    <parameter>
      <code>
        <system value="http://hl7.org/fhir/tools/CodeSystem/ig-parameters"/>
        <code value="template-md"/>
      </code>
      <value value="template-page-md.html"/>
    </parameter>
    <parameter>
      <code>
        <system value="http://hl7.org/fhir/tools/CodeSystem/ig-parameters"/>
        <code value="apply-contact"/>
      </code>
      <value value="true"/>
    </parameter>
    <parameter>
      <code>
        <system value="http://hl7.org/fhir/tools/CodeSystem/ig-parameters"/>
        <code value="apply-context"/>
      </code>
      <value value="true"/>
    </parameter>
    <parameter>
      <code>
        <system value="http://hl7.org/fhir/tools/CodeSystem/ig-parameters"/>
        <code value="apply-copyright"/>
      </code>
      <value value="true"/>
    </parameter>
    <parameter>
      <code>
        <system value="http://hl7.org/fhir/tools/CodeSystem/ig-parameters"/>
        <code value="apply-jurisdiction"/>
      </code>
      <value value="true"/>
    </parameter>
    <parameter>
      <code>
        <system value="http://hl7.org/fhir/tools/CodeSystem/ig-parameters"/>
        <code value="apply-license"/>
      </code>
      <value value="true"/>
    </parameter>
    <parameter>
      <code>
        <system value="http://hl7.org/fhir/tools/CodeSystem/ig-parameters"/>
        <code value="apply-publisher"/>
      </code>
      <value value="true"/>
    </parameter>
    <parameter>
      <code>
        <system value="http://hl7.org/fhir/tools/CodeSystem/ig-parameters"/>
        <code value="apply-version"/>
      </code>
      <value value="true"/>
    </parameter>
    <parameter>
      <code>
        <system value="http://hl7.org/fhir/tools/CodeSystem/ig-parameters"/>
        <code value="apply-wg"/>
      </code>
      <value value="true"/>
    </parameter>
    <parameter>
      <code>
        <system value="http://hl7.org/fhir/tools/CodeSystem/ig-parameters"/>
        <code value="active-tables"/>
      </code>
      <value value="true"/>
    </parameter>
    <parameter>
      <code>
        <system value="http://hl7.org/fhir/tools/CodeSystem/ig-parameters"/>
        <code value="fmm-definition"/>
      </code>
      <value value="http://hl7.org/fhir/versions.html#maturity"/>
    </parameter>
    <parameter>
      <code>
        <system value="http://hl7.org/fhir/tools/CodeSystem/ig-parameters"/>
        <code value="propagate-status"/>
      </code>
      <value value="true"/>
    </parameter>
    <parameter>
      <code>
        <system value="http://hl7.org/fhir/tools/CodeSystem/ig-parameters"/>
        <code value="excludelogbinaryformat"/>
      </code>
      <value value="true"/>
    </parameter>
    <parameter>
      <code>
        <system value="http://hl7.org/fhir/tools/CodeSystem/ig-parameters"/>
        <code value="tabbed-snapshots"/>
      </code>
      <value value="true"/>
    </parameter>
  </definition>
</ImplementationGuide>