<?xml version="1.0" encoding="UTF-8"?>

<NamingSystem xmlns="http://hl7.org/fhir">
  <id value="ehak"/>
  <text>
    <status value="generated"/><div xmlns="http://www.w3.org/1999/xhtml"><h3>Summary</h3><table class="grid"><tr><td>Defining URL</td><td>https://fhir.ee/NamingSystem/ehak</td></tr><tr><td>Version</td><td>0.9.2</td></tr><tr><td>Name</td><td>EHAK</td></tr><tr><td>Title</td><td>Estonian Administrative and Settlement Classification</td></tr><tr><td>Status</td><td>draft</td></tr><tr><td>Definition</td><td><div><p>The national code system of Estonian administrative and settlement data. EHAK.</p>
</div></td></tr><tr><td>Publisher</td><td>HL7 Estonia</td></tr></table><h3>Identifiers</h3><table class="grid"><tr><td><b>Type</b></td><td><b>Value</b></td><td><b>Preferred</b></td></tr><tr><td>URI</td><td>https://fhir.ee/sid/ehak</td><td>true</td></tr><tr><td>OID</td><td>1.3.6.1.4.1.28284.6.2.3.2</td><td>false</td></tr></table></div>
  </text>
  <url value="https://fhir.ee/NamingSystem/ehak"/>
  <version value="0.9.2"/>
  <name value="EHAK"/>
  <title value="Estonian Administrative and Settlement Classification"/>
  <status value="draft"/>
  <kind value="codesystem"/>
  <date value="2022-11-05T11:45:29.0437162+00:00"/>
  <publisher value="HL7 Estonia"/>
  <contact>
    <name value="HL7 Estonia"/>
    <telecom>
      <system value="url"/>
      <value value="https://www.hl7.ee"/>
    </telecom>
  </contact>
  <description value="The national code system of Estonian administrative and settlement data. EHAK."/>
  <jurisdiction>
    <coding>
      <system value="urn:iso:std:iso:3166"/>
      <code value="EE"/>
      <display value="Estonia"/>
    </coding>
  </jurisdiction>
  <usage value="EHAK extension is used in resources which include the address element."/>
  <uniqueId>
    <type value="uri"/>
    <value value="https://fhir.ee/sid/ehak"/>
    <preferred value="true"/>
  </uniqueId>
  <uniqueId>
    <type value="oid"/>
    <value value="1.3.6.1.4.1.28284.6.2.3.2"/>
    <preferred value="false"/>
  </uniqueId>
</NamingSystem>