<?xml version="1.0" encoding="UTF-8"?>

<PractitionerRole xmlns="http://hl7.org/fhir">
  <id value="PractRoleN98765"/>
  <meta>
    <profile value="https://fhir.ee/StructureDefinition/ee-practitioner-role"/>
  </meta>
  <text>
    <status value="generated"/><div xmlns="http://www.w3.org/1999/xhtml"><p><b>Generated Narrative: PractitionerRole</b><a name="PractRoleN98765"> </a><a name="hcPractRoleN98765"> </a></p><div style="display: inline-block; background-color: #d9e0e7; padding: 6px; margin: 4px; border: 1px solid #8da1b4; border-radius: 5px; line-height: 60%"><p style="margin-bottom: 0px">Resource PractitionerRole &quot;PractRoleN98765&quot; </p><p style="margin-bottom: 0px">Profile: <a href="StructureDefinition-ee-practitioner-role.html">EEBase PractitionerRole</a></p></div><p><b>active</b>: true</p><p><b>period</b>: 2012-01-01 --&gt; (ongoing)</p><p><b>practitioner</b>: <a href="Practitioner-N98765.html">Practitioner/N98765</a> &quot; ÕDE&quot;</p><p><b>organization</b>: <a href="Organization-rh.html">Organization/rh</a> &quot;Rakvere Haigla&quot;</p><p><b>code</b>: Nurse <span style="background: LightGoldenRodYellow; margin: 4px; border: 1px solid khaki"> (<a href="http://terminology.hl7.org/5.3.0/CodeSystem-practitioner-role.html">Practitioner role</a>#nurse)</span>, Õde <span style="background: LightGoldenRodYellow; margin: 4px; border: 1px solid khaki"> (<a href="CodeSystem-occupation.html">Classification of Occupations</a>#22210502)</span></p><p><b>specialty</b>: Rheumatology <span style="background: LightGoldenRodYellow; margin: 4px; border: 1px solid khaki"> (<a href="https://browser.ihtsdotools.org/">SNOMED CT</a>#394810000)</span>, Kliiniline õendus <span style="background: LightGoldenRodYellow; margin: 4px; border: 1px solid khaki"> (<a href="CodeSystem-eriala.html">Eriala</a>#N200)</span></p></div>
  </text>
  <active value="true"/>
  <period>
    <start value="2012-01-01"/>
  </period>
  <practitioner>
    <reference value="Practitioner/N98765"/>
  </practitioner>
  <organization>
    <reference value="Organization/rh"/>
  </organization>
  <code>
    <coding>
      <system value="http://terminology.hl7.org/CodeSystem/practitioner-role"/>
      <code value="nurse"/>
      <display value="Nurse"/>
    </coding>
  </code>
  <code>
    <coding>
      <system value="https://fhir.ee/CodeSystem/occupation"/>
      <code value="22210502"/>
      <display value="Õde"/>
    </coding>
  </code>
  <specialty>
    <coding>
      <system value="http://snomed.info/sct"/>
      <code value="394810000"/>
      <display value="Rheumatology"/>
    </coding>
  </specialty>
  <specialty>
    <coding>
      <system value="https://fhir.ee/CodeSystem/eriala"/>
      <code value="N200"/>
      <display value="Kliiniline õendus"/>
    </coding>
  </specialty>
</PractitionerRole>