{
  "resourceType" : "Practitioner",
  "id" : "N99876",
  "meta" : {
    "profile" : ["https://fhir.ee/StructureDefinition/ee-practitioner"]
  },
  "text" : {
    "status" : "generated",
    "div" : "<div xmlns=\"http://www.w3.org/1999/xhtml\"><p><b>Generated Narrative: Practitioner</b><a name=\"N99876\"> </a><a name=\"hcN99876\"> </a></p><div style=\"display: inline-block; background-color: #d9e0e7; padding: 6px; margin: 4px; border: 1px solid #8da1b4; border-radius: 5px; line-height: 60%\"><p style=\"margin-bottom: 0px\">Resource Practitioner &quot;N99876&quot; </p><p style=\"margin-bottom: 0px\">Profile: <a href=\"StructureDefinition-ee-practitioner.html\">EEBase Practitioner</a></p></div><p><b>identifier</b>: <code>https://fhir.ee/sid/pro/est/pho</code>/N99876, <a href=\"NamingSystem-pid-est-ni.html\" title=\"The personal national identification code of Estonian citizens and residents.\">Estonian Personal National Identification Code</a>/38001010015</p><p><b>active</b>: true</p><p><b>name</b>: Kari Õde </p><h3>Qualifications</h3><table class=\"grid\"><tr><td style=\"display: none\">-</td><td><b>Code</b></td></tr><tr><td style=\"display: none\">*</td><td>Registered Nurse <span style=\"background: LightGoldenRodYellow; margin: 4px; border: 1px solid khaki\"> (<a href=\"http://terminology.hl7.org/5.3.0/CodeSystem-v2-0360.html\">degreeLicenseCertificate</a>#RN)</span></td></tr></table></div>"
  },
  "identifier" : [{
    "system" : "https://fhir.ee/sid/pro/est/pho",
    "value" : "N99876"
  },
  {
    "system" : "https://fhir.ee/sid/pid/est/ni",
    "value" : "38001010015"
  }],
  "active" : true,
  "name" : [{
    "family" : "Õde",
    "given" : ["Kari"]
  }],
  "qualification" : [{
    "code" : {
      "coding" : [{
        "system" : "http://terminology.hl7.org/CodeSystem/v2-0360",
        "code" : "RN",
        "display" : "Registered Nurse"
      }]
    }
  }]
}