<?xml version="1.0" encoding="UTF-8"?>

<RelatedPerson xmlns="http://hl7.org/fhir">
  <id value="Mets2Meri"/>
  <meta>
    <profile value="https://fhir.ee/StructureDefinition/ee-related-person"/>
  </meta>
  <text>
    <status value="generated"/><div xmlns="http://www.w3.org/1999/xhtml"><p><b>Generated Narrative: RelatedPerson</b><a name="Mets2Meri"> </a><a name="hcMets2Meri"> </a></p><div style="display: inline-block; background-color: #d9e0e7; padding: 6px; margin: 4px; border: 1px solid #8da1b4; border-radius: 5px; line-height: 60%"><p style="margin-bottom: 0px">Resource RelatedPerson &quot;Mets2Meri&quot; </p><p style="margin-bottom: 0px">Profile: <a href="StructureDefinition-ee-related-person.html">EEBase RelatedPerson</a></p></div><p><b>patient</b>: <a href="Patient-pat1.html">Patient/pat1</a> &quot; METS&quot;</p><p><b>relationship</b>: emergency contact <span style="background: LightGoldenRodYellow; margin: 4px; border: 1px solid khaki"> (<a href="http://terminology.hl7.org/5.3.0/CodeSystem-v3-RoleClass.html">RoleClass</a>#ECON)</span>, Friend <span style="background: LightGoldenRodYellow; margin: 4px; border: 1px solid khaki"> (<a href="https://browser.ihtsdotools.org/">SNOMED CT</a>#113163005)</span></p><p><b>name</b>: Mari Meri</p></div>
  </text>
  <patient>
    <reference value="Patient/pat1"/>
  </patient>
  <relationship>
    <coding>
      <system value="http://terminology.hl7.org/CodeSystem/v3-RoleClass"/>
      <code value="ECON"/>
      <display value="emergency contact"/>
    </coding>
  </relationship>
  <relationship>
    <coding>
      <system value="http://snomed.info/sct"/>
      <code value="113163005"/>
      <display value="Friend"/>
    </coding>
  </relationship>
  <name>
    <text value="Mari Meri"/>
  </name>
</RelatedPerson>