<?xml version="1.0" encoding="UTF-8"?>

<ValueSet xmlns="http://hl7.org/fhir">
  <id value="eriala"/>
  <text>
    <status value="generated"/><div xmlns="http://www.w3.org/1999/xhtml"><ul><li>Include all codes defined in <a href="CodeSystem-eriala.html"><code>https://fhir.ee/CodeSystem/eriala</code></a></li></ul></div>
  </text>
  <url value="https://fhir.ee/ValueSet/eriala"/>
  <version value="0.9.2"/>
  <name value="EEBaseEriala"/>
  <title value="Eriala"/>
  <status value="active"/>
  <experimental value="true"/>
  <date value="2024-04-11T21:57:02+03:00"/>
  <publisher value="HL7 Estonia"/>
  <contact>
    <name value="HL7 Estonia"/>
    <telecom>
      <system value="url"/>
      <value value="https://www.hl7.ee"/>
    </telecom>
  </contact>
  <description value="Medre Specialty. TIS erialade loend."/>
  <jurisdiction>
    <coding>
      <system value="urn:iso:std:iso:3166"/>
      <code value="EE"/>
      <display value="Estonia"/>
    </coding>
  </jurisdiction>
  <compose>
    <include>
      <system value="https://fhir.ee/CodeSystem/eriala"/>
    </include>
  </compose>
</ValueSet>