{
  "resourceType" : "ValueSet",
  "id" : "ads-adr-id",
  "text" : {
    "status" : "generated",
    "div" : "<div xmlns=\"http://www.w3.org/1999/xhtml\"><ul><li>Include all codes defined in <a href=\"CodeSystem-ads-adr-id.html\"><code>https://fhir.ee/CodeSystem/ads-adr-id</code></a></li></ul></div>"
  },
  "url" : "https://fhir.ee/ValueSet/ads-adr-id",
  "version" : "0.9.2",
  "name" : "EEBaseAdsAdrId",
  "title" : "ADS AdrId",
  "status" : "active",
  "experimental" : true,
  "date" : "2024-04-11T21:57:02+03:00",
  "publisher" : "HL7 Estonia",
  "contact" : [{
    "name" : "HL7 Estonia",
    "telecom" : [{
      "system" : "url",
      "value" : "https://www.hl7.ee"
    }]
  }],
  "description" : "Address identifiers in the Estonian Address.",
  "jurisdiction" : [{
    "coding" : [{
      "system" : "urn:iso:std:iso:3166",
      "code" : "EE",
      "display" : "Estonia"
    }]
  }],
  "compose" : {
    "include" : [{
      "system" : "https://fhir.ee/CodeSystem/ads-adr-id"
    }]
  }
}