[
  {
    "id" : "ads-adr-id",
    "type" : "CodeSystem",
    "url" : "https://fhir.ee/CodeSystem/ads-adr-id",
    "version" : "0.0.1",
    "name" : "EEAdsAdrId"
  },
  {
    "id" : "ads-oid",
    "type" : "CodeSystem",
    "url" : "https://fhir.ee/CodeSystem/ads-oid",
    "version" : "0.0.1",
    "name" : "EEAdsOid"
  },
  {
    "id" : "date-accuracy-indicator",
    "type" : "CodeSystem",
    "url" : "https://fhir.ee/CodeSystem/date-accuracy-indicator",
    "version" : "0.0.1",
    "name" : "EEDateAccuracyIndicator"
  },
  {
    "id" : "eriala",
    "type" : "CodeSystem",
    "url" : "https://fhir.ee/CodeSystem/eriala",
    "version" : "0.0.1",
    "name" : "EEEriala"
  },
  {
    "id" : "identifier-domain",
    "type" : "CodeSystem",
    "url" : "https://fhir.ee/CodeSystem/identifier-domain",
    "version" : "0.0.1",
    "name" : "EEBaseIdentifierDomain"
  },
  {
    "id" : "mode-of-arrival",
    "type" : "CodeSystem",
    "url" : "https://fhir.ee/CodeSystem/mode-of-arrival",
    "version" : "0.0.1",
    "name" : "EEModeOfArrival"
  },
  {
    "id" : "occupation",
    "type" : "CodeSystem",
    "url" : "https://fhir.ee/CodeSystem/occupation",
    "version" : "0.0.1",
    "name" : "EEOccupation"
  },
  {
    "id" : "ee.fhir.terminology",
    "type" : "ImplementationGuide",
    "url" : "https://fhir.ee/ImplementationGuide/ee.fhir.terminology",
    "version" : "0.0.1",
    "name" : "EETerminology"
  },
  {
    "id" : "ehak",
    "type" : "NamingSystem",
    "url" : "https://fhir.ee/NamingSystem/ehak",
    "version" : "0.0.1",
    "name" : "EHAK"
  },
  {
    "id" : "org-est-br",
    "type" : "NamingSystem",
    "url" : "https://fhir.ee/NamingSystem/org-est-br",
    "version" : "0.0.1",
    "name" : "OrgEstBr"
  },
  {
    "id" : "org-est-fi",
    "type" : "NamingSystem",
    "url" : "https://fhir.ee/NamingSystem/org-est-fi",
    "version" : "0.0.1",
    "name" : "OrgEstFi"
  },
  {
    "id" : "org-vatin",
    "type" : "NamingSystem",
    "url" : "https://fhir.ee/NamingSystem/org-vatin",
    "version" : "0.0.1",
    "name" : "OrgVATIN"
  },
  {
    "id" : "pid-est-ni",
    "type" : "NamingSystem",
    "url" : "https://fhir.ee/NamingSystem/pid-est-ni",
    "version" : "0.0.1",
    "name" : "PidEstNi"
  },
  {
    "id" : "pro-est-pho",
    "type" : "NamingSystem",
    "url" : "https://fhir.ee/NamingSystem/pro-est-pho",
    "version" : "0.0.1",
    "name" : "ProEstPho"
  },
  {
    "id" : "act-priority",
    "type" : "ValueSet",
    "url" : "https://fhir.ee/ValueSet/act-priority",
    "version" : "0.0.1",
    "name" : "EEActPriority"
  },
  {
    "id" : "administrative-gender",
    "type" : "ValueSet",
    "url" : "https://fhir.ee/ValueSet/administrative-gender",
    "version" : "0.0.1",
    "name" : "EEAdministrativeGender"
  },
  {
    "id" : "ads-adr-id",
    "type" : "ValueSet",
    "url" : "https://fhir.ee/ValueSet/ads-adr-id",
    "version" : "0.0.1",
    "name" : "EEAdsAdrId"
  },
  {
    "id" : "ads-oid",
    "type" : "ValueSet",
    "url" : "https://fhir.ee/ValueSet/ads-oid",
    "version" : "0.0.1",
    "name" : "EEAdsOid"
  },
  {
    "id" : "clinical-specialty",
    "type" : "ValueSet",
    "url" : "https://fhir.ee/ValueSet/clinical-specialty",
    "version" : "0.0.1",
    "name" : "EEClinicalSpecialty"
  },
  {
    "id" : "date-accuracy-indicator",
    "type" : "ValueSet",
    "url" : "https://fhir.ee/ValueSet/date-accuracy-indicator",
    "version" : "0.0.1",
    "name" : "EEDateAccuracyIndicator"
  },
  {
    "id" : "degree-license-certificate",
    "type" : "ValueSet",
    "url" : "https://fhir.ee/ValueSet/degree-license-certificate",
    "version" : "0.0.1",
    "name" : "EEBaseDegreeLicenseCertificate"
  },
  {
    "id" : "encounter-class",
    "type" : "ValueSet",
    "url" : "https://fhir.ee/ValueSet/encounter-class",
    "version" : "0.0.1",
    "name" : "EEEncounterClass"
  },
  {
    "id" : "eriala",
    "type" : "ValueSet",
    "url" : "https://fhir.ee/ValueSet/eriala",
    "version" : "0.0.1",
    "name" : "EEEriala"
  },
  {
    "id" : "identifier-domain",
    "type" : "ValueSet",
    "url" : "https://fhir.ee/ValueSet/identifier-domain",
    "version" : "0.0.1",
    "name" : "EEBaseIdentifierDomain"
  },
  {
    "id" : "location-form",
    "type" : "ValueSet",
    "url" : "https://fhir.ee/ValueSet/location-form",
    "version" : "0.0.1",
    "name" : "EELocationForm"
  },
  {
    "id" : "mode-of-arrival",
    "type" : "ValueSet",
    "url" : "https://fhir.ee/ValueSet/mode-of-arrival",
    "version" : "0.0.1",
    "name" : "EEModeOfArrival"
  },
  {
    "id" : "observation-category",
    "type" : "ValueSet",
    "url" : "https://fhir.ee/ValueSet/observation-category",
    "version" : "0.0.1",
    "name" : "EEObservationCategory"
  },
  {
    "id" : "occupation",
    "type" : "ValueSet",
    "url" : "https://fhir.ee/ValueSet/occupation",
    "version" : "0.0.1",
    "name" : "EEOccupation"
  },
  {
    "id" : "organization-identifier-domain",
    "type" : "ValueSet",
    "url" : "https://fhir.ee/ValueSet/organization-identifier-domain",
    "version" : "0.0.1",
    "name" : "EEBaseOrganizationIdentifierDomain"
  },
  {
    "id" : "organization-type",
    "type" : "ValueSet",
    "url" : "https://fhir.ee/ValueSet/organization-type",
    "version" : "0.0.1",
    "name" : "EEOrganizationType"
  },
  {
    "id" : "patient-identifier-domain",
    "type" : "ValueSet",
    "url" : "https://fhir.ee/ValueSet/patient-identifier-domain",
    "version" : "0.0.1",
    "name" : "EEBasePatientIdentifierDomain"
  },
  {
    "id" : "person-relationship",
    "type" : "ValueSet",
    "url" : "https://fhir.ee/ValueSet/person-relationship",
    "version" : "0.0.1",
    "name" : "EEPersonRelationship"
  },
  {
    "id" : "practitioner-identifier-domain",
    "type" : "ValueSet",
    "url" : "https://fhir.ee/ValueSet/practitioner-identifier-domain",
    "version" : "0.0.1",
    "name" : "EEBasePractitionerIdentifierDomain"
  },
  {
    "id" : "practitioner-role",
    "type" : "ValueSet",
    "url" : "https://fhir.ee/ValueSet/practitioner-role",
    "version" : "0.0.1",
    "name" : "EEPractitionerRole"
  }
]
