<?xml version="1.0" encoding="UTF-8"?>

<CodeSystem xmlns="http://hl7.org/fhir">
  <id value="ads-oid"/>
  <text>
    <status value="generated"/><div xmlns="http://www.w3.org/1999/xhtml"><p class="res-header-id"><b>Generated Narrative: CodeSystem ads-oid</b></p><a name="ads-oid"> </a><a name="hcads-oid"> </a><a name="ads-oid-en-US"> </a><p>This case-insensitive code system <code>https://fhir.ee/CodeSystem/ads-oid</code> provides <b>a fragment</b> that includes following codes:</p><table class="codes"><tr><td style="white-space:nowrap"><b>Code</b></td><td><b>Display</b></td></tr><tr><td style="white-space:nowrap">OV00000784<a name="ads-oid-OV00000784"> </a></td><td>Harju maakond, Tallinn</td></tr><tr><td style="white-space:nowrap">LO00000339<a name="ads-oid-LO00000339"> </a></td><td>Harju maakond, Tallinn, Lasnamäe linnaosa</td></tr><tr><td style="white-space:nowrap">ME03379409<a name="ads-oid-ME03379409"> </a></td><td>Harju maakond, Tallinn, Lasnamäe linnaosa, Valukoja tn 10</td></tr><tr><td style="white-space:nowrap">AY03658881<a name="ads-oid-AY03658881"> </a></td><td>Tartu maakond, Tartu linn</td></tr><tr><td style="white-space:nowrap">EE00752500<a name="ads-oid-EE00752500"> </a></td><td>Tartu maakond, Tartu linn, Tartu linn, K. Veeberi tn 4</td></tr><tr><td style="white-space:nowrap">AY00008560<a name="ads-oid-AY00008560"> </a></td><td>Tartu maakond, Tartu linn, Tähtvere küla</td></tr></table></div>
  </text>
  <url value="https://fhir.ee/CodeSystem/ads-oid"/>
  <version value="0.0.1"/>
  <name value="EEAdsOid"/>
  <title value="ADS Oid"/>
  <status value="active"/>
  <experimental value="true"/>
  <date value="2024-07-19T09:47:10+03:00"/>
  <publisher value="HL7 Estonia"/>
  <contact>
    <name value="HL7 Estonia"/>
    <telecom>
      <system value="url"/>
      <value value="https://www.hl7.ee"/>
    </telecom>
  </contact>
  <description value="Address objects in the Estonian Address System."/>
  <jurisdiction>
    <coding>
      <system value="urn:iso:std:iso:3166"/>
      <code value="EE"/>
      <display value="Estonia"/>
    </coding>
  </jurisdiction>
  <caseSensitive value="false"/>
  <content value="fragment"/>
  <concept>
    <code value="OV00000784"/>
    <display value="Harju maakond, Tallinn"/>
  </concept>
  <concept>
    <code value="LO00000339"/>
    <display value="Harju maakond, Tallinn, Lasnamäe linnaosa"/>
  </concept>
  <concept>
    <code value="ME03379409"/>
    <display value="Harju maakond, Tallinn, Lasnamäe linnaosa, Valukoja tn 10"/>
  </concept>
  <concept>
    <code value="AY03658881"/>
    <display value="Tartu maakond, Tartu linn"/>
  </concept>
  <concept>
    <code value="EE00752500"/>
    <display value="Tartu maakond, Tartu linn, Tartu linn, K. Veeberi tn 4"/>
  </concept>
  <concept>
    <code value="AY00008560"/>
    <display value="Tartu maakond, Tartu linn, Tähtvere küla"/>
  </concept>
</CodeSystem>