{
  "codeSystems" : [
    {
      "url" : "https://fhir.ee/CodeSystem/ads-adr-id",
      "version" : "0.0.1",
      "status" : "active",
      "name" : "EEAdsAdrId",
      "title" : "ADS AdrId",
      "description" : "Address identifiers in the Estonian Address."
    },
    {
      "url" : "https://fhir.ee/CodeSystem/ads-oid",
      "version" : "0.0.1",
      "status" : "active",
      "name" : "EEAdsOid",
      "title" : "ADS Oid",
      "description" : "Address objects in the Estonian Address System."
    },
    {
      "url" : "https://fhir.ee/CodeSystem/date-accuracy-indicator",
      "version" : "0.0.1",
      "status" : "active",
      "name" : "EEDateAccuracyIndicator",
      "title" : "Date Accuracy Indicator",
      "description" : "The Date Accuracy Indicator code system defines concepts that indicate the accuracy of components of a reported date. The concepts defined in this code system are equivalent to those defined in the METeOR value domains for Date—accuracy indicator, code AAA (http://meteor.aihw.gov.au/content/index.phtml/itemId/294429)."
    },
    {
      "url" : "https://fhir.ee/CodeSystem/eriala",
      "version" : "0.0.1",
      "status" : "active",
      "name" : "EEEriala",
      "title" : "Eriala",
      "description" : "Medre specialty. TIS erialad."
    },
    {
      "url" : "https://fhir.ee/CodeSystem/identifier-domain",
      "version" : "0.0.1",
      "status" : "active",
      "name" : "EEBaseIdentifierDomain",
      "title" : "Identifier Domain",
      "description" : "Description of the identifier systems acceptable for entity identification"
    },
    {
      "url" : "https://fhir.ee/CodeSystem/mode-of-arrival",
      "version" : "0.0.1",
      "status" : "draft",
      "name" : "EEModeOfArrival",
      "title" : "Mode Of Arrival",
      "description" : "The content of this code system is intended to supplement HL7's code system arrivalMode (version 2.1.0) with one additional code ('PV') for using in ValueSets"
    },
    {
      "url" : "https://fhir.ee/CodeSystem/occupation",
      "version" : "0.0.1",
      "status" : "active",
      "name" : "EEOccupation",
      "title" : "Classification of Occupations",
      "description" : "Estonian Edition of International Standard Classification of Occupations. Based on ISCO-88"
    }
  ]
}
