{
  "resourceType" : "CodeSystem",
  "id" : "ads-adr-id",
  "text" : {
    "status" : "generated",
    "div" : "<div xmlns=\"http://www.w3.org/1999/xhtml\"><p class=\"res-header-id\"><b>Generated Narrative: CodeSystem ads-adr-id</b></p><a name=\"ads-adr-id\"> </a><a name=\"hcads-adr-id\"> </a><a name=\"ads-adr-id-en-US\"> </a><p>This case-insensitive code system <code>https://fhir.ee/CodeSystem/ads-adr-id</code> provides <b>a fragment</b> that includes following codes:</p><table class=\"codes\"><tr><td style=\"white-space:nowrap\"><b>Code</b></td><td><b>Display</b></td></tr><tr><td style=\"white-space:nowrap\">2103553<a name=\"ads-adr-id-2103553\"> </a></td><td>Harju maakond, Tallinn</td></tr><tr><td style=\"white-space:nowrap\">2103556<a name=\"ads-adr-id-2103556\"> </a></td><td>Harju maakond, Tallinn, Lasnamäe linnaosa</td></tr><tr><td style=\"white-space:nowrap\">2280361<a name=\"ads-adr-id-2280361\"> </a></td><td>Harju maakond, Tallinn, Lasnamäe linnaosa, Valukoja tn 10</td></tr><tr><td style=\"white-space:nowrap\">3020414<a name=\"ads-adr-id-3020414\"> </a></td><td>Tartu maakond, Tartu linn</td></tr><tr><td style=\"white-space:nowrap\">3066282<a name=\"ads-adr-id-3066282\"> </a></td><td>Tartu maakond, Tartu linn, Tartu linn, K. Veeberi tn 4</td></tr><tr><td style=\"white-space:nowrap\">3020415<a name=\"ads-adr-id-3020415\"> </a></td><td>Tartu maakond, Tartu linn, Tähtvere küla</td></tr></table></div>"
  },
  "url" : "https://fhir.ee/CodeSystem/ads-adr-id",
  "version" : "0.0.1",
  "name" : "EEAdsAdrId",
  "title" : "ADS AdrId",
  "status" : "active",
  "experimental" : true,
  "date" : "2024-07-19T09:47:10+03:00",
  "publisher" : "HL7 Estonia",
  "contact" : [{
    "name" : "HL7 Estonia",
    "telecom" : [{
      "system" : "url",
      "value" : "https://www.hl7.ee"
    }]
  }],
  "description" : "Address identifiers in the Estonian Address.",
  "jurisdiction" : [{
    "coding" : [{
      "system" : "urn:iso:std:iso:3166",
      "code" : "EE",
      "display" : "Estonia"
    }]
  }],
  "caseSensitive" : false,
  "content" : "fragment",
  "concept" : [{
    "code" : "2103553",
    "display" : "Harju maakond, Tallinn"
  },
  {
    "code" : "2103556",
    "display" : "Harju maakond, Tallinn, Lasnamäe linnaosa"
  },
  {
    "code" : "2280361",
    "display" : "Harju maakond, Tallinn, Lasnamäe linnaosa, Valukoja tn 10"
  },
  {
    "code" : "3020414",
    "display" : "Tartu maakond, Tartu linn"
  },
  {
    "code" : "3066282",
    "display" : "Tartu maakond, Tartu linn, Tartu linn, K. Veeberi tn 4"
  },
  {
    "code" : "3020415",
    "display" : "Tartu maakond, Tartu linn, Tähtvere küla"
  }]
}