<?xml version="1.0" encoding="UTF-8"?>

<CodeSystem xmlns="http://hl7.org/fhir">
  <id value="ads-adr-id"/>
  <text>
    <status value="generated"/><div xmlns="http://www.w3.org/1999/xhtml"><p class="res-header-id"><b>Generated Narrative: CodeSystem ads-adr-id</b></p><a name="ads-adr-id"> </a><a name="hcads-adr-id"> </a><a name="ads-adr-id-en-US"> </a><p>This case-insensitive code system <code>https://fhir.ee/CodeSystem/ads-adr-id</code> provides <b>a fragment</b> that includes following codes:</p><table class="codes"><tr><td style="white-space:nowrap"><b>Code</b></td><td><b>Display</b></td></tr><tr><td style="white-space:nowrap">2103553<a name="ads-adr-id-2103553"> </a></td><td>Harju maakond, Tallinn</td></tr><tr><td style="white-space:nowrap">2103556<a name="ads-adr-id-2103556"> </a></td><td>Harju maakond, Tallinn, Lasnamäe linnaosa</td></tr><tr><td style="white-space:nowrap">2280361<a name="ads-adr-id-2280361"> </a></td><td>Harju maakond, Tallinn, Lasnamäe linnaosa, Valukoja tn 10</td></tr><tr><td style="white-space:nowrap">3020414<a name="ads-adr-id-3020414"> </a></td><td>Tartu maakond, Tartu linn</td></tr><tr><td style="white-space:nowrap">3066282<a name="ads-adr-id-3066282"> </a></td><td>Tartu maakond, Tartu linn, Tartu linn, K. Veeberi tn 4</td></tr><tr><td style="white-space:nowrap">3020415<a name="ads-adr-id-3020415"> </a></td><td>Tartu maakond, Tartu linn, Tähtvere küla</td></tr></table></div>
  </text>
  <url value="https://fhir.ee/CodeSystem/ads-adr-id"/>
  <version value="0.0.1"/>
  <name value="EEAdsAdrId"/>
  <title value="ADS AdrId"/>
  <status value="active"/>
  <experimental value="true"/>
  <date value="2024-07-19T09:47:10+03:00"/>
  <publisher value="HL7 Estonia"/>
  <contact>
    <name value="HL7 Estonia"/>
    <telecom>
      <system value="url"/>
      <value value="https://www.hl7.ee"/>
    </telecom>
  </contact>
  <description value="Address identifiers in the Estonian Address."/>
  <jurisdiction>
    <coding>
      <system value="urn:iso:std:iso:3166"/>
      <code value="EE"/>
      <display value="Estonia"/>
    </coding>
  </jurisdiction>
  <caseSensitive value="false"/>
  <content value="fragment"/>
  <concept>
    <code value="2103553"/>
    <display value="Harju maakond, Tallinn"/>
  </concept>
  <concept>
    <code value="2103556"/>
    <display value="Harju maakond, Tallinn, Lasnamäe linnaosa"/>
  </concept>
  <concept>
    <code value="2280361"/>
    <display value="Harju maakond, Tallinn, Lasnamäe linnaosa, Valukoja tn 10"/>
  </concept>
  <concept>
    <code value="3020414"/>
    <display value="Tartu maakond, Tartu linn"/>
  </concept>
  <concept>
    <code value="3066282"/>
    <display value="Tartu maakond, Tartu linn, Tartu linn, K. Veeberi tn 4"/>
  </concept>
  <concept>
    <code value="3020415"/>
    <display value="Tartu maakond, Tartu linn, Tähtvere küla"/>
  </concept>
</CodeSystem>