{
  "resourceType" : "CodeSystem",
  "id" : "eriala",
  "text" : {
    "status" : "generated",
    "div" : "<div xmlns=\"http://www.w3.org/1999/xhtml\"><p class=\"res-header-id\"><b>Generated Narrative: CodeSystem eriala</b></p><a name=\"eriala\"> </a><a name=\"hceriala\"> </a><a name=\"eriala-en-US\"> </a><p>This case-insensitive code system <code>https://fhir.ee/CodeSystem/eriala</code> provides <b>a fragment</b> that includes following codes:</p><table class=\"codes\"><tr><td style=\"white-space:nowrap\"><b>Code</b></td><td><b>Display</b></td></tr><tr><td style=\"white-space:nowrap\">E170<a name=\"eriala-E170\"> </a></td><td>Kardioloogia</td></tr><tr><td style=\"white-space:nowrap\">E290<a name=\"eriala-E290\"> </a></td><td>Pediaatria</td></tr><tr><td style=\"white-space:nowrap\">E670<a name=\"eriala-E670\"> </a></td><td>Pediaatria allergoloogia lisapädevusega</td></tr><tr><td style=\"white-space:nowrap\">N100<a name=\"eriala-N100\"> </a></td><td>Intensiivõendus</td></tr><tr><td style=\"white-space:nowrap\">N200<a name=\"eriala-N200\"> </a></td><td>Kliiniline õendus</td></tr><tr><td style=\"white-space:nowrap\">N300<a name=\"eriala-N300\"> </a></td><td>Terviseõendus</td></tr><tr><td style=\"white-space:nowrap\">N500<a name=\"eriala-N500\"> </a></td><td>Õde</td></tr></table></div>"
  },
  "url" : "https://fhir.ee/CodeSystem/eriala",
  "version" : "0.0.1",
  "name" : "EEEriala",
  "title" : "Eriala",
  "status" : "active",
  "experimental" : true,
  "date" : "2024-07-19T09:47:10+03:00",
  "publisher" : "HL7 Estonia",
  "contact" : [{
    "name" : "HL7 Estonia",
    "telecom" : [{
      "system" : "url",
      "value" : "https://www.hl7.ee"
    }]
  }],
  "description" : "Medre specialty. TIS erialad.",
  "jurisdiction" : [{
    "coding" : [{
      "system" : "urn:iso:std:iso:3166",
      "code" : "EE",
      "display" : "Estonia"
    }]
  }],
  "caseSensitive" : false,
  "content" : "fragment",
  "concept" : [{
    "code" : "E170",
    "display" : "Kardioloogia"
  },
  {
    "code" : "E290",
    "display" : "Pediaatria"
  },
  {
    "code" : "E670",
    "display" : "Pediaatria allergoloogia lisapädevusega"
  },
  {
    "code" : "N100",
    "display" : "Intensiivõendus"
  },
  {
    "code" : "N200",
    "display" : "Kliiniline õendus"
  },
  {
    "code" : "N300",
    "display" : "Terviseõendus"
  },
  {
    "code" : "N500",
    "display" : "Õde"
  }]
}