{
  "codeSystems" : [
    {
      "url" : "http://hl7.org/fhir/administrative-gender",
      "version" : "5.0.0",
      "status" : "active",
      "name" : "AdministrativeGender",
      "title" : "AdministrativeGender",
      "description" : "The gender of a person used for administrative purposes.",
      "oids" : ["2.16.840.1.113883.4.642.4.2"],
      "uses" : {
      },
      "ValueSet-administrative-gender.html" : "Administrative Gender"
    },
    {
      "url" : "http://terminology.hl7.org/CodeSystem/location-physical-type",
      "version" : "2.0.1",
      "status" : "active",
      "name" : "LocationType",
      "title" : "Location type",
      "description" : "This example value set defines a set of codes that can be used to indicate the physical form of the Location.\r\rThis includes several 'non physical' codes which are still considered a location.",
      "oids" : ["2.16.840.1.113883.4.642.1.1108"],
      "uses" : {
      },
      "ValueSet-location-form.html" : "Location Form"
    },
    {
      "url" : "http://terminology.hl7.org/CodeSystem/observation-category",
      "version" : "1.0.1",
      "status" : "active",
      "name" : "ObservationCategoryCodes",
      "title" : "Observation Category Codes",
      "description" : "Observation Category codes.",
      "oids" : ["2.16.840.1.113883.4.642.1.1125"],
      "uses" : {
      },
      "ValueSet-observation-category.html" : "Observation Category"
    },
    {
      "url" : "http://terminology.hl7.org/CodeSystem/organization-type",
      "version" : "2.0.1",
      "status" : "active",
      "name" : "OrganizationType",
      "title" : "Organization type",
      "description" : "This example value set defines a set of codes that can be used to indicate a type of organization.",
      "oids" : ["2.16.840.1.113883.4.642.1.1128"],
      "uses" : {
      },
      "ValueSet-organization-type.html" : "Organization Types"
    },
    {
      "url" : "http://terminology.hl7.org/CodeSystem/practitioner-role",
      "version" : "1.0.1",
      "status" : "active",
      "name" : "PractitionerRole",
      "title" : "Practitioner role",
      "description" : "This example value set defines a set of codes that can be used to indicate the role of a Practitioner.",
      "oids" : ["2.16.840.1.113883.4.642.1.1132"],
      "uses" : {
      },
      "ValueSet-practitioner-role.html" : "Practitioner Role"
    },
    {
      "url" : "http://terminology.hl7.org/CodeSystem/v2-0360",
      "version" : "2.0.0",
      "status" : "active",
      "name" : "DegreeLicenseCertificate",
      "title" : "degreeLicenseCertificate",
      "description" : "Code system of concepts specifying an educational degree (e.g., MD).  Used in the CNN datatype (names and identifiers of clinicians) in Version 2 messaging.  Used in HL7 Version 2.x messaging in the CNN segment; note that in releases of HL7 prior to 2.3.1, was also used in person names (XPN), but this use was deprecated, then withdrawn in 2.7.",
      "oids" : ["2.16.840.1.113883.18.220"],
      "uses" : {
      },
      "ValueSet-degree-license-certificate.html" : "Qualification"
    },
    {
      "url" : "http://terminology.hl7.org/CodeSystem/v2-0430",
      "version" : "2.0.0",
      "status" : "active",
      "name" : "ArrivalMode",
      "title" : "arrivalMode",
      "description" : "Code system of concepts specifying how the patient was brought to the healthcare facility.  Used in HL7 Version 2.x messaging in the PV2 segment.",
      "oids" : ["2.16.840.1.113883.18.271"],
      "uses" : {
      },
      "ValueSet-mode-of-arrival.html" : "Mode Of Arrival"
    },
    {
      "url" : "https://fhir.ee/CodeSystem/ads-adr-id",
      "version" : "0.0.1",
      "status" : "active",
      "name" : "EEAdsAdrId",
      "title" : "ADS AdrId",
      "description" : "Address identifiers in the Estonian Address.",
      "uses" : {
      },
      "ValueSet-ads-adr-id.html" : "ADS AdrId"
    },
    {
      "url" : "https://fhir.ee/CodeSystem/ads-oid",
      "version" : "0.0.1",
      "status" : "active",
      "name" : "EEAdsOid",
      "title" : "ADS Oid",
      "description" : "Address objects in the Estonian Address System.",
      "uses" : {
      },
      "ValueSet-ads-oid.html" : "ADS Oid"
    },
    {
      "url" : "https://fhir.ee/CodeSystem/date-accuracy-indicator",
      "version" : "0.0.1",
      "status" : "active",
      "name" : "EEDateAccuracyIndicator",
      "title" : "Date Accuracy Indicator",
      "description" : "The Date Accuracy Indicator code system defines concepts that indicate the accuracy of components of a reported date. The concepts defined in this code system are equivalent to those defined in the METeOR value domains for Date—accuracy indicator, code AAA (http://meteor.aihw.gov.au/content/index.phtml/itemId/294429).",
      "uses" : {
      },
      "ValueSet-date-accuracy-indicator.html" : "Date Accuracy Indicator"
    },
    {
      "url" : "https://fhir.ee/CodeSystem/eriala",
      "version" : "0.0.1",
      "status" : "active",
      "name" : "EEEriala",
      "title" : "Eriala",
      "description" : "Medre specialty. TIS erialad.",
      "uses" : {
      },
      "ValueSet-eriala.html" : "Eriala"
    },
    {
      "url" : "https://fhir.ee/CodeSystem/identifier-domain",
      "version" : "0.0.1",
      "status" : "active",
      "name" : "EEBaseIdentifierDomain",
      "title" : "Identifier Domain",
      "description" : "Description of the identifier systems acceptable for entity identification",
      "uses" : {
      },
      "ValueSet-organization-identifier-domain.html" : "Organization Identifier Domain",
      "ValueSet-identifier-domain.html" : "Identity System",
      "ValueSet-patient-identifier-domain.html" : "Patient Identifier Domain",
      "ValueSet-practitioner-identifier-domain.html" : "Practitioner Identifier Domain"
    },
    {
      "url" : "https://fhir.ee/CodeSystem/mode-of-arrival",
      "version" : "0.0.1",
      "status" : "draft",
      "name" : "EEModeOfArrival",
      "title" : "Mode Of Arrival",
      "description" : "The content of this code system is intended to supplement HL7's code system arrivalMode (version 2.1.0) with one additional code ('PV') for using in ValueSets",
      "uses" : {
      },
      "ValueSet-mode-of-arrival.html" : "Mode Of Arrival"
    },
    {
      "url" : "https://fhir.ee/CodeSystem/occupation",
      "version" : "0.0.1",
      "status" : "active",
      "name" : "EEOccupation",
      "title" : "Classification of Occupations",
      "description" : "Estonian Edition of International Standard Classification of Occupations. Based on ISCO-88",
      "uses" : {
      },
      "ValueSet-occupation.html" : "Occupation"
    }
  ]
}
