{
  "resourceType" : "ValueSet",
  "id" : "occupation",
  "text" : {
    "status" : "generated",
    "div" : "<div xmlns=\"http://www.w3.org/1999/xhtml\"><p class=\"res-header-id\"><b>Generated Narrative: ValueSet occupation</b></p><a name=\"occupation\"> </a><a name=\"hcoccupation\"> </a><a name=\"occupation-en-US\"> </a><ul><li>Include all codes defined in <a href=\"CodeSystem-occupation.html\"><code>https://fhir.ee/CodeSystem/occupation</code></a></li></ul></div>"
  },
  "url" : "https://fhir.ee/ValueSet/occupation",
  "version" : "0.0.1",
  "name" : "EEOccupation",
  "title" : "Occupation",
  "status" : "active",
  "experimental" : true,
  "date" : "2024-07-19T09:47:10+03:00",
  "publisher" : "HL7 Estonia",
  "contact" : [{
    "name" : "HL7 Estonia",
    "telecom" : [{
      "system" : "url",
      "value" : "https://www.hl7.ee"
    }]
  }],
  "description" : "Classification of Occupations",
  "jurisdiction" : [{
    "coding" : [{
      "system" : "urn:iso:std:iso:3166",
      "code" : "EE",
      "display" : "Estonia"
    }]
  }],
  "compose" : {
    "include" : [{
      "system" : "https://fhir.ee/CodeSystem/occupation"
    }]
  }
}