{
  "resourceType" : "ValueSet",
  "id" : "practitioner-role",
  "text" : {
    "status" : "generated",
    "div" : "<div xmlns=\"http://www.w3.org/1999/xhtml\"><p class=\"res-header-id\"><b>Generated Narrative: ValueSet practitioner-role</b></p><a name=\"practitioner-role\"> </a><a name=\"hcpractitioner-role\"> </a><a name=\"practitioner-role-en-US\"> </a><ul><li>Include all codes defined in <a href=\"http://terminology.hl7.org/6.0.0/CodeSystem-practitioner-role.html\"><code>http://terminology.hl7.org/CodeSystem/practitioner-role</code></a></li></ul></div>"
  },
  "url" : "https://fhir.ee/ValueSet/practitioner-role",
  "version" : "0.0.1",
  "name" : "EEPractitionerRole",
  "title" : "Practitioner Role",
  "status" : "active",
  "experimental" : false,
  "date" : "2024-07-19T09:47:10+03:00",
  "publisher" : "HL7 Estonia",
  "contact" : [{
    "name" : "HL7 Estonia",
    "telecom" : [{
      "system" : "url",
      "value" : "https://www.hl7.ee"
    }]
  }],
  "description" : "The role of practitioner in the healthcare facility.",
  "jurisdiction" : [{
    "coding" : [{
      "system" : "urn:iso:std:iso:3166",
      "code" : "EE",
      "display" : "Estonia"
    }]
  }],
  "compose" : {
    "include" : [{
      "system" : "http://terminology.hl7.org/CodeSystem/practitioner-role"
    }]
  }
}