<?xml version="1.0" encoding="UTF-8"?>

<ValueSet xmlns="http://hl7.org/fhir">
  <id value="degree-license-certificate"/>
  <text>
    <status value="extensions"/><div xmlns="http://www.w3.org/1999/xhtml"><p class="res-header-id"><b>Generated Narrative: ValueSet degree-license-certificate</b></p><a name="degree-license-certificate"> </a><a name="hcdegree-license-certificate"> </a><a name="degree-license-certificate-en-US"> </a><ul><li>Include these codes as defined in <a href="http://terminology.hl7.org/5.5.0/CodeSystem-v2-0360.html"><code>http://terminology.hl7.org/CodeSystem/v2-0360</code></a><table class="none"><tr><td style="white-space:nowrap"><b>Code</b></td><td><b>Display</b></td><td><b>Definition</b></td><td><b>Estonian (et)</b></td></tr><tr><td><a href="http://terminology.hl7.org/5.5.0/CodeSystem-v2-0360.html#v2-0360-PN">PN</a></td><td style="color: #cccccc">Advanced Practice Nurse</td><td>Advanced Practice Nurse</td><td>Eriõde</td></tr><tr><td><a href="http://terminology.hl7.org/5.5.0/CodeSystem-v2-0360.html#v2-0360-RN">RN</a></td><td style="color: #cccccc">Registered Nurse</td><td>Registered Nurse</td><td>Õde</td></tr></table></li></ul></div>
  </text>
  <url value="https://fhir.ee/ValueSet/degree-license-certificate"/>
  <version value="0.0.1"/>
  <name value="EEBaseDegreeLicenseCertificate"/>
  <title value="Qualification"/>
  <status value="active"/>
  <experimental value="true"/>
  <date value="2024-07-18T18:00:34+03:00"/>
  <publisher value="HL7 Estonia"/>
  <contact>
    <name value="HL7 Estonia"/>
    <telecom>
      <system value="url"/>
      <value value="https://www.hl7.ee"/>
    </telecom>
  </contact>
  <description value="Qualification based on the education"/>
  <jurisdiction>
    <coding>
      <system value="urn:iso:std:iso:3166"/>
      <code value="EE"/>
      <display value="Estonia"/>
    </coding>
  </jurisdiction>
  <compose>
    <include>
      <system value="http://terminology.hl7.org/CodeSystem/v2-0360"/>
      <concept>
        <code value="PN"/>
        <designation>
          <language value="et"/>
          <value value="Eriõde"/>
        </designation>
      </concept>
      <concept>
        <code value="RN"/>
        <designation>
          <language value="et"/>
          <value value="Õde"/>
        </designation>
      </concept>
    </include>
  </compose>
</ValueSet>