{
  "resourceType" : "ValueSet",
  "id" : "organization-type",
  "text" : {
    "status" : "generated",
    "div" : "<div xmlns=\"http://www.w3.org/1999/xhtml\"><p class=\"res-header-id\"><b>Generated Narrative: ValueSet organization-type</b></p><a name=\"organization-type\"> </a><a name=\"hcorganization-type\"> </a><a name=\"organization-type-en-US\"> </a><ul><li>Include all codes defined in <a href=\"http://terminology.hl7.org/6.0.0/CodeSystem-organization-type.html\"><code>http://terminology.hl7.org/CodeSystem/organization-type</code></a></li></ul></div>"
  },
  "url" : "https://fhir.ee/ValueSet/organization-type",
  "version" : "0.0.1",
  "name" : "EEOrganizationType",
  "title" : "Organization Types",
  "status" : "active",
  "experimental" : false,
  "date" : "2024-07-19T09:47:10+03:00",
  "publisher" : "HL7 Estonia",
  "contact" : [{
    "name" : "HL7 Estonia",
    "telecom" : [{
      "system" : "url",
      "value" : "https://www.hl7.ee"
    }]
  }],
  "description" : "Organization Types",
  "jurisdiction" : [{
    "coding" : [{
      "system" : "urn:iso:std:iso:3166",
      "code" : "EE",
      "display" : "Estonia"
    }]
  }],
  "compose" : {
    "include" : [{
      "system" : "http://terminology.hl7.org/CodeSystem/organization-type"
    }]
  }
}