{
  "resourceType" : "ValueSet",
  "id" : "act-priority",
  "text" : {
    "status" : "generated",
    "div" : "<div xmlns=\"http://www.w3.org/1999/xhtml\"><p class=\"res-header-id\"><b>Generated Narrative: ValueSet act-priority</b></p><a name=\"act-priority\"> </a><a name=\"hcact-priority\"> </a><a name=\"act-priority-en-US\"> </a><ul><li>Import all the codes that are contained in <a href=\"http://terminology.hl7.org/5.5.0/ValueSet-v3-ActPriority.html\">ActPriority</a></li></ul></div>"
  },
  "url" : "https://fhir.ee/ValueSet/act-priority",
  "version" : "0.0.1",
  "name" : "EEActPriority",
  "title" : "Act Priority",
  "status" : "active",
  "experimental" : false,
  "date" : "2024-07-18T18:00:34+03:00",
  "publisher" : "HL7 Estonia",
  "contact" : [{
    "name" : "HL7 Estonia",
    "telecom" : [{
      "system" : "url",
      "value" : "https://www.hl7.ee"
    }]
  }],
  "description" : "Act Priority",
  "jurisdiction" : [{
    "coding" : [{
      "system" : "urn:iso:std:iso:3166",
      "code" : "EE",
      "display" : "Estonia"
    }]
  }],
  "compose" : {
    "include" : [{
      "valueSet" : ["http://terminology.hl7.org/ValueSet/v3-ActPriority"]
    }]
  }
}