<?xml version="1.0" encoding="UTF-8"?>

<ValueSet xmlns="http://hl7.org/fhir">
  <id value="ads-adr-id"/>
  <text>
    <status value="generated"/><div xmlns="http://www.w3.org/1999/xhtml"><p class="res-header-id"><b>Generated Narrative: ValueSet ads-adr-id</b></p><a name="ads-adr-id"> </a><a name="hcads-adr-id"> </a><a name="ads-adr-id-en-US"> </a><ul><li>Include all codes defined in <a href="CodeSystem-ads-adr-id.html"><code>https://fhir.ee/CodeSystem/ads-adr-id</code></a></li></ul></div>
  </text>
  <url value="https://fhir.ee/ValueSet/ads-adr-id"/>
  <version value="0.0.1"/>
  <name value="EEAdsAdrId"/>
  <title value="ADS AdrId"/>
  <status value="active"/>
  <experimental value="true"/>
  <date value="2024-07-18T18:00:34+03:00"/>
  <publisher value="HL7 Estonia"/>
  <contact>
    <name value="HL7 Estonia"/>
    <telecom>
      <system value="url"/>
      <value value="https://www.hl7.ee"/>
    </telecom>
  </contact>
  <description value="Address identifiers in the Estonian Address."/>
  <jurisdiction>
    <coding>
      <system value="urn:iso:std:iso:3166"/>
      <code value="EE"/>
      <display value="Estonia"/>
    </coding>
  </jurisdiction>
  <compose>
    <include>
      <system value="https://fhir.ee/CodeSystem/ads-adr-id"/>
    </include>
  </compose>
</ValueSet>