<?xml version="1.0" encoding="UTF-8"?>

<ValueSet xmlns="http://hl7.org/fhir">
  <id value="organization-identifier-domain"/>
  <text>
    <status value="extensions"/><div xmlns="http://www.w3.org/1999/xhtml"><p class="res-header-id"><b>Generated Narrative: ValueSet organization-identifier-domain</b></p><a name="organization-identifier-domain"> </a><a name="hcorganization-identifier-domain"> </a><a name="organization-identifier-domain-en-US"> </a><ul><li>Include these codes as defined in <a href="CodeSystem-identifier-domain.html"><code>https://fhir.ee/CodeSystem/identifier-domain</code></a><table class="none"><tr><td style="white-space:nowrap"><b>Code</b></td><td><b>Display</b></td><td><b>Definition</b></td></tr><tr><td><a href="CodeSystem-identifier-domain.html#identifier-domain-https.58.47.47fhir.46ee.47sid.47org.47est.47fi">https://fhir.ee/sid/org/est/fi</a></td><td style="color: #cccccc">License number provided by The National Institute for Health Development</td><td>Terviseameti litsentsi number</td></tr><tr><td><a href="CodeSystem-identifier-domain.html#identifier-domain-https.58.47.47fhir.46ee.47sid.47org.47est.47br">https://fhir.ee/sid/org/est/br</a></td><td style="color: #cccccc">Estonian Business Register Code</td><td>Äriregistri number</td></tr><tr><td><a href="CodeSystem-identifier-domain.html#identifier-domain-https.58.47.47fhir.46ee.47sid.47org.47vatin">https://fhir.ee/sid/org/vatin</a></td><td style="color: #cccccc">VAT identification number</td><td>KMKR</td></tr></table></li></ul></div>
  </text>
  <url value="https://fhir.ee/ValueSet/organization-identifier-domain"/>
  <version value="0.0.1"/>
  <name value="EEBaseOrganizationIdentifierDomain"/>
  <title value="Organization Identifier Domain"/>
  <status value="active"/>
  <experimental value="false"/>
  <date value="2024-07-18T18:00:34+03:00"/>
  <publisher value="HL7 Estonia"/>
  <contact>
    <name value="HL7 Estonia"/>
    <telecom>
      <system value="url"/>
      <value value="https://www.hl7.ee"/>
    </telecom>
  </contact>
  <description value="Identifier systems acceptable for organization identification"/>
  <jurisdiction>
    <coding>
      <system value="urn:iso:std:iso:3166"/>
      <code value="EE"/>
      <display value="Estonia"/>
    </coding>
  </jurisdiction>
  <compose>
    <include>
      <system value="https://fhir.ee/CodeSystem/identifier-domain"/>
      <concept>
        <code value="https://fhir.ee/sid/org/est/fi"/>
      </concept>
      <concept>
        <code value="https://fhir.ee/sid/org/est/br"/>
      </concept>
      <concept>
        <code value="https://fhir.ee/sid/org/vatin"/>
      </concept>
    </include>
  </compose>
</ValueSet>