{
  "resourceType" : "ValueSet",
  "id" : "date-accuracy-indicator",
  "text" : {
    "status" : "generated",
    "div" : "<div xmlns=\"http://www.w3.org/1999/xhtml\"><p class=\"res-header-id\"><b>Generated Narrative: ValueSet date-accuracy-indicator</b></p><a name=\"date-accuracy-indicator\"> </a><a name=\"hcdate-accuracy-indicator\"> </a><a name=\"date-accuracy-indicator-en-US\"> </a><ul><li>Include all codes defined in <a href=\"CodeSystem-date-accuracy-indicator.html\"><code>https://fhir.ee/CodeSystem/date-accuracy-indicator</code></a></li></ul></div>"
  },
  "url" : "https://fhir.ee/ValueSet/date-accuracy-indicator",
  "version" : "0.0.1",
  "name" : "EEDateAccuracyIndicator",
  "title" : "Date Accuracy Indicator",
  "status" : "active",
  "experimental" : true,
  "date" : "2024-07-19T09:47:10+03:00",
  "publisher" : "HL7 Estonia",
  "contact" : [{
    "name" : "HL7 Estonia",
    "telecom" : [{
      "system" : "url",
      "value" : "https://www.hl7.ee"
    }]
  }],
  "description" : "Date Accuracy Indicator",
  "jurisdiction" : [{
    "coding" : [{
      "system" : "urn:iso:std:iso:3166",
      "code" : "EE",
      "display" : "Estonia"
    }]
  }],
  "compose" : {
    "include" : [{
      "system" : "https://fhir.ee/CodeSystem/date-accuracy-indicator"
    }]
  }
}