{
  "resourceType" : "ValueSet",
  "id" : "ads-oid",
  "text" : {
    "status" : "generated",
    "div" : "<div xmlns=\"http://www.w3.org/1999/xhtml\"><p class=\"res-header-id\"><b>Generated Narrative: ValueSet ads-oid</b></p><a name=\"ads-oid\"> </a><a name=\"hcads-oid\"> </a><a name=\"ads-oid-en-US\"> </a><ul><li>Include all codes defined in <a href=\"CodeSystem-ads-oid.html\"><code>https://fhir.ee/CodeSystem/ads-oid</code></a></li></ul></div>"
  },
  "url" : "https://fhir.ee/ValueSet/ads-oid",
  "version" : "0.0.1",
  "name" : "EEAdsOid",
  "title" : "ADS Oid",
  "status" : "active",
  "experimental" : true,
  "date" : "2024-07-19T09:47:10+03:00",
  "publisher" : "HL7 Estonia",
  "contact" : [{
    "name" : "HL7 Estonia",
    "telecom" : [{
      "system" : "url",
      "value" : "https://www.hl7.ee"
    }]
  }],
  "description" : "Address objects in the Estonian Address System.",
  "jurisdiction" : [{
    "coding" : [{
      "system" : "urn:iso:std:iso:3166",
      "code" : "EE",
      "display" : "Estonia"
    }]
  }],
  "compose" : {
    "include" : [{
      "system" : "https://fhir.ee/CodeSystem/ads-oid"
    }]
  }
}