{
  "codeSystems" : [
    {
      "url" : "https://fhir.ee/ValueSet/act-priority",
      "version" : "0.0.1",
      "status" : "active",
      "name" : "EEActPriority",
      "title" : "Act Priority",
      "description" : "Act Priority",
      "systems" : ["http://terminology.hl7.org/CodeSystem/v3-ActPriority"]
    },
    {
      "url" : "https://fhir.ee/ValueSet/administrative-gender",
      "version" : "0.0.1",
      "status" : "active",
      "name" : "EEAdministrativeGender",
      "title" : "Administrative Gender",
      "description" : "Administrative Gender",
      "systems" : ["http://hl7.org/fhir/administrative-gender"]
    },
    {
      "url" : "https://fhir.ee/ValueSet/ads-adr-id",
      "version" : "0.0.1",
      "status" : "active",
      "name" : "EEAdsAdrId",
      "title" : "ADS AdrId",
      "description" : "Address identifiers in the Estonian Address.",
      "systems" : ["https://fhir.ee/CodeSystem/ads-adr-id"]
    },
    {
      "url" : "https://fhir.ee/ValueSet/ads-oid",
      "version" : "0.0.1",
      "status" : "active",
      "name" : "EEAdsOid",
      "title" : "ADS Oid",
      "description" : "Address objects in the Estonian Address System.",
      "systems" : ["https://fhir.ee/CodeSystem/ads-oid"]
    },
    {
      "url" : "https://fhir.ee/ValueSet/clinical-specialty",
      "version" : "0.0.1",
      "status" : "active",
      "name" : "EEClinicalSpecialty",
      "title" : "Clinical Specialty",
      "description" : "Clinical specialty (aka 'tegevusvaldkond' in Estonian)",
      "systems" : ["http://snomed.info/sct"]
    },
    {
      "url" : "https://fhir.ee/ValueSet/date-accuracy-indicator",
      "version" : "0.0.1",
      "status" : "active",
      "name" : "EEDateAccuracyIndicator",
      "title" : "Date Accuracy Indicator",
      "description" : "Date Accuracy Indicator",
      "systems" : ["https://fhir.ee/CodeSystem/date-accuracy-indicator"]
    },
    {
      "url" : "https://fhir.ee/ValueSet/degree-license-certificate",
      "version" : "0.0.1",
      "status" : "active",
      "name" : "EEBaseDegreeLicenseCertificate",
      "title" : "Qualification",
      "description" : "Qualification based on the education",
      "systems" : ["http://terminology.hl7.org/CodeSystem/v2-0360"]
    },
    {
      "url" : "https://fhir.ee/ValueSet/encounter-class",
      "version" : "0.0.1",
      "status" : "active",
      "name" : "EEEncounterClass",
      "title" : "Encounter Class",
      "description" : "This value set defines a set of codes that can be used to indicate the class of encounter: a specific code indicating class of service provided.",
      "systems" : ["http://terminology.hl7.org/CodeSystem/v3-ActCode"]
    },
    {
      "url" : "https://fhir.ee/ValueSet/eriala",
      "version" : "0.0.1",
      "status" : "active",
      "name" : "EEEriala",
      "title" : "Eriala",
      "description" : "Medre Specialty. TIS erialade loend.",
      "systems" : ["https://fhir.ee/CodeSystem/eriala"]
    },
    {
      "url" : "https://fhir.ee/ValueSet/identifier-domain",
      "version" : "0.0.1",
      "status" : "active",
      "name" : "EEBaseIdentifierDomain",
      "title" : "Identity System",
      "description" : "All identification systems have ever been used for identification.",
      "systems" : ["https://fhir.ee/CodeSystem/identifier-domain"]
    },
    {
      "url" : "https://fhir.ee/ValueSet/location-form",
      "version" : "0.0.1",
      "status" : "active",
      "name" : "EELocationForm",
      "title" : "Location Form",
      "description" : "Location Form",
      "systems" : [
        "http://terminology.hl7.org/CodeSystem/location-physical-type"
      ]
    },
    {
      "url" : "https://fhir.ee/ValueSet/mode-of-arrival",
      "version" : "0.0.1",
      "status" : "active",
      "name" : "EEModeOfArrival",
      "title" : "Mode Of Arrival",
      "description" : "Mode Of Arrival",
      "systems" : [
        "https://fhir.ee/CodeSystem/mode-of-arrival",
        "http://terminology.hl7.org/CodeSystem/v2-0430"
      ]
    },
    {
      "url" : "https://fhir.ee/ValueSet/observation-category",
      "version" : "0.0.1",
      "status" : "active",
      "name" : "EEObservationCategory",
      "title" : "Observation Category",
      "description" : "Observation category",
      "systems" : ["http://terminology.hl7.org/CodeSystem/observation-category"]
    },
    {
      "url" : "https://fhir.ee/ValueSet/occupation",
      "version" : "0.0.1",
      "status" : "active",
      "name" : "EEOccupation",
      "title" : "Occupation",
      "description" : "Classification of Occupations",
      "systems" : ["https://fhir.ee/CodeSystem/occupation"]
    },
    {
      "url" : "https://fhir.ee/ValueSet/organization-identifier-domain",
      "version" : "0.0.1",
      "status" : "active",
      "name" : "EEBaseOrganizationIdentifierDomain",
      "title" : "Organization Identifier Domain",
      "description" : "Identifier systems acceptable for organization identification",
      "systems" : ["https://fhir.ee/CodeSystem/identifier-domain"]
    },
    {
      "url" : "https://fhir.ee/ValueSet/organization-type",
      "version" : "0.0.1",
      "status" : "active",
      "name" : "EEOrganizationType",
      "title" : "Organization Types",
      "description" : "Organization Types",
      "systems" : ["http://terminology.hl7.org/CodeSystem/organization-type"]
    },
    {
      "url" : "https://fhir.ee/ValueSet/patient-identifier-domain",
      "version" : "0.0.1",
      "status" : "active",
      "name" : "EEBasePatientIdentifierDomain",
      "title" : "Patient Identifier Domain",
      "description" : "Identity systems acceptable for patient identification",
      "systems" : ["https://fhir.ee/CodeSystem/identifier-domain"]
    },
    {
      "url" : "https://fhir.ee/ValueSet/person-relationship",
      "version" : "0.0.1",
      "status" : "active",
      "name" : "EEPersonRelationship",
      "title" : "Person Relationship",
      "description" : "Suhe patsiendiga",
      "systems" : ["http://snomed.info/sct"]
    },
    {
      "url" : "https://fhir.ee/ValueSet/practitioner-identifier-domain",
      "version" : "0.0.1",
      "status" : "active",
      "name" : "EEBasePractitionerIdentifierDomain",
      "title" : "Practitioner Identifier Domain",
      "description" : "Identifier systems acceptable for practitioner identification",
      "systems" : ["https://fhir.ee/CodeSystem/identifier-domain"]
    },
    {
      "url" : "https://fhir.ee/ValueSet/practitioner-role",
      "version" : "0.0.1",
      "status" : "active",
      "name" : "EEPractitionerRole",
      "title" : "Practitioner Role",
      "description" : "The role of practitioner in the healthcare facility.",
      "systems" : ["http://terminology.hl7.org/CodeSystem/practitioner-role"]
    }
  ]
}
