<?xml version="1.0" encoding="UTF-8"?>

<ValueSet xmlns="http://hl7.org/fhir">
  <id value="practitioner-identifier-domain"/>
  <text>
    <status value="extensions"/><div xmlns="http://www.w3.org/1999/xhtml"><p class="res-header-id"><b>Generated Narrative: ValueSet practitioner-identifier-domain</b></p><a name="practitioner-identifier-domain"> </a><a name="hcpractitioner-identifier-domain"> </a><a name="practitioner-identifier-domain-en-US"> </a><ul><li>Include these codes as defined in <a href="CodeSystem-identifier-domain.html"><code>https://fhir.ee/CodeSystem/identifier-domain</code></a><table class="none"><tr><td style="white-space:nowrap"><b>Code</b></td><td><b>Display</b></td><td><b>Definition</b></td></tr><tr><td><a href="CodeSystem-identifier-domain.html#identifier-domain-https.58.47.47fhir.46ee.47sid.47pid.47est.47ni">https://fhir.ee/sid/pid/est/ni</a></td><td style="color: #cccccc">Estonian personal national identification code</td><td>Eesti isikukood</td></tr><tr><td><a href="CodeSystem-identifier-domain.html#identifier-domain-https.58.47.47fhir.46ee.47sid.47pro.47est.47pho">https://fhir.ee/sid/pro/est/pho</a></td><td style="color: #cccccc">Healthcare professional official ID provided by The National Institute for Health Development</td><td>Tervishoiutöötaja TAM kood</td></tr></table></li></ul></div>
  </text>
  <url value="https://fhir.ee/ValueSet/practitioner-identifier-domain"/>
  <version value="0.0.1"/>
  <name value="EEBasePractitionerIdentifierDomain"/>
  <title value="Practitioner Identifier Domain"/>
  <status value="active"/>
  <experimental value="false"/>
  <date value="2024-07-18T18:00:34+03:00"/>
  <publisher value="HL7 Estonia"/>
  <contact>
    <name value="HL7 Estonia"/>
    <telecom>
      <system value="url"/>
      <value value="https://www.hl7.ee"/>
    </telecom>
  </contact>
  <description value="Identifier systems acceptable for practitioner identification"/>
  <jurisdiction>
    <coding>
      <system value="urn:iso:std:iso:3166"/>
      <code value="EE"/>
      <display value="Estonia"/>
    </coding>
  </jurisdiction>
  <compose>
    <include>
      <system value="https://fhir.ee/CodeSystem/identifier-domain"/>
      <concept>
        <code value="https://fhir.ee/sid/pid/est/ni"/>
      </concept>
      <concept>
        <code value="https://fhir.ee/sid/pro/est/pho"/>
      </concept>
    </include>
  </compose>
</ValueSet>