<?xml version="1.0" encoding="UTF-8"?>

<ValueSet xmlns="http://hl7.org/fhir">
  <id value="practitioner-role"/>
  <text>
    <status value="generated"/><div xmlns="http://www.w3.org/1999/xhtml"><p class="res-header-id"><b>Generated Narrative: ValueSet practitioner-role</b></p><a name="practitioner-role"> </a><a name="hcpractitioner-role"> </a><a name="practitioner-role-en-US"> </a><ul><li>Include all codes defined in <a href="http://terminology.hl7.org/6.0.0/CodeSystem-practitioner-role.html"><code>http://terminology.hl7.org/CodeSystem/practitioner-role</code></a></li></ul></div>
  </text>
  <url value="https://fhir.ee/ValueSet/practitioner-role"/>
  <version value="0.0.1"/>
  <name value="EEPractitionerRole"/>
  <title value="Practitioner Role"/>
  <status value="active"/>
  <experimental value="false"/>
  <date value="2024-07-19T09:47:10+03:00"/>
  <publisher value="HL7 Estonia"/>
  <contact>
    <name value="HL7 Estonia"/>
    <telecom>
      <system value="url"/>
      <value value="https://www.hl7.ee"/>
    </telecom>
  </contact>
  <description value="The role of practitioner in the healthcare facility."/>
  <jurisdiction>
    <coding>
      <system value="urn:iso:std:iso:3166"/>
      <code value="EE"/>
      <display value="Estonia"/>
    </coding>
  </jurisdiction>
  <compose>
    <include>
      <system value="http://terminology.hl7.org/CodeSystem/practitioner-role"/>
    </include>
  </compose>
</ValueSet>