URL,Version,Status,OIDs,Name,Title,Descriptino,Uses,Used,Sources
https://fhir.ee/ValueSet/act-priority,0.0.1,active,,EEActPriority,Act Priority,"Act Priority",,
https://fhir.ee/ValueSet/administrative-gender,0.0.1,active,,EEAdministrativeGender,Administrative Gender,"Administrative Gender",,"hl7.fhir.r5.core"
https://fhir.ee/ValueSet/ads-adr-id,0.0.1,active,,EEAdsAdrId,ADS AdrId,"Address identifiers in the Estonian Address.",,"Internal"
https://fhir.ee/ValueSet/ads-oid,0.0.1,active,,EEAdsOid,ADS Oid,"Address objects in the Estonian Address System.",,"Internal"
https://fhir.ee/ValueSet/clinical-specialty,0.0.1,active,,EEClinicalSpecialty,Clinical Specialty,"Clinical specialty (aka 'tegevusvaldkond' in Estonian)",,"SCT"
https://fhir.ee/ValueSet/date-accuracy-indicator,0.0.1,active,,EEDateAccuracyIndicator,Date Accuracy Indicator,"Date Accuracy Indicator",,"Internal"
https://fhir.ee/ValueSet/degree-license-certificate,0.0.1,active,,EEBaseDegreeLicenseCertificate,Qualification,"Qualification based on the education",,"THO (V2)"
https://fhir.ee/ValueSet/encounter-class,0.0.1,active,,EEEncounterClass,Encounter Class,"This value set defines a set of codes that can be used to indicate the class of encounter: a specific code indicating class of service provided.",,
https://fhir.ee/ValueSet/eriala,0.0.1,active,,EEEriala,Eriala,"Medre Specialty. TIS erialade loend.",,"Internal"
https://fhir.ee/ValueSet/identifier-domain,0.0.1,active,,EEBaseIdentifierDomain,Identity System,"All identification systems have ever been used for identification.",,"Internal"
https://fhir.ee/ValueSet/location-form,0.0.1,active,,EELocationForm,Location Form,"Location Form",,"THO"
https://fhir.ee/ValueSet/mode-of-arrival,0.0.1,active,,EEModeOfArrival,Mode Of Arrival,"Mode Of Arrival",,"THO (V2),Internal"
https://fhir.ee/ValueSet/observation-category,0.0.1,active,,EEObservationCategory,Observation Category,"Observation category",,"THO"
https://fhir.ee/ValueSet/occupation,0.0.1,active,,EEOccupation,Occupation,"Classification of Occupations",,"Internal"
https://fhir.ee/ValueSet/organization-identifier-domain,0.0.1,active,,EEBaseOrganizationIdentifierDomain,Organization Identifier Domain,"Identifier systems acceptable for organization identification",,"Internal"
https://fhir.ee/ValueSet/organization-type,0.0.1,active,,EEOrganizationType,Organization Types,"Organization Types",,"THO"
https://fhir.ee/ValueSet/patient-identifier-domain,0.0.1,active,,EEBasePatientIdentifierDomain,Patient Identifier Domain,"Identity systems acceptable for patient identification",,"Internal"
https://fhir.ee/ValueSet/person-relationship,0.0.1,active,,EEPersonRelationship,Person Relationship,"Suhe patsiendiga",,"SCT"
https://fhir.ee/ValueSet/practitioner-identifier-domain,0.0.1,active,,EEBasePractitionerIdentifierDomain,Practitioner Identifier Domain,"Identifier systems acceptable for practitioner identification",,"Internal"
https://fhir.ee/ValueSet/practitioner-role,0.0.1,active,,EEPractitionerRole,Practitioner Role,"The role of practitioner in the healthcare facility.",,"THO"
