<?xml version="1.0" encoding="UTF-8"?>

<ValueSet xmlns="http://hl7.org/fhir">
  <id value="location-form"/>
  <text>
    <status value="generated"/><div xmlns="http://www.w3.org/1999/xhtml"><p class="res-header-id"><b>Generated Narrative: ValueSet location-form</b></p><a name="location-form"> </a><a name="hclocation-form"> </a><a name="location-form-en-US"> </a><ul><li>Include all codes defined in <a href="http://terminology.hl7.org/5.5.0/CodeSystem-location-physical-type.html"><code>http://terminology.hl7.org/CodeSystem/location-physical-type</code></a></li></ul></div>
  </text>
  <url value="https://fhir.ee/ValueSet/location-form"/>
  <version value="0.0.1"/>
  <name value="EELocationForm"/>
  <title value="Location Form"/>
  <status value="active"/>
  <experimental value="false"/>
  <date value="2024-07-18T18:00:34+03:00"/>
  <publisher value="HL7 Estonia"/>
  <contact>
    <name value="HL7 Estonia"/>
    <telecom>
      <system value="url"/>
      <value value="https://www.hl7.ee"/>
    </telecom>
  </contact>
  <description value="Location Form"/>
  <jurisdiction>
    <coding>
      <system value="urn:iso:std:iso:3166"/>
      <code value="EE"/>
      <display value="Estonia"/>
    </coding>
  </jurisdiction>
  <compose>
    <include>
      <system value="http://terminology.hl7.org/CodeSystem/location-physical-type"/>
    </include>
  </compose>
</ValueSet>