<?xml version="1.0" encoding="UTF-8"?>

<CodeSystem xmlns="http://hl7.org/fhir">
  <id value="education-level"/>
  <text>
    <status value="generated"/><div xmlns="http://www.w3.org/1999/xhtml"><p>This code system <code>https://fhir.ee/CodeSystem/education-level</code> defines the following codes:</p><table class="codes"><tr><td><b>Lvl</b></td><td style="white-space:nowrap"><b>Code</b></td><td><b>Display</b></td><td><b>Definition</b></td><td><b>Estonian (et)</b></td></tr><tr><td>1</td><td style="white-space:nowrap">0<a name="education-level-0"> </a></td><td>Less than primary education, pre-primary education</td><td>Alusharidus (koolieelne haridus) või alghariduseta</td><td>Hariduseta, alusharidus</td></tr><tr><td>1</td><td style="white-space:nowrap">1<a name="education-level-1"> </a></td><td>Basic education (grades 1-6 of basic school)</td><td>Põhiharidus (põhikooli 1.-6. klass)</td><td>Algharidus</td></tr><tr><td>1</td><td style="white-space:nowrap">2<a name="education-level-2"> </a></td><td>Basic education (grades 7-9 of basic school)</td><td>Põhiharidus (põhikooli 7.-9. klass)</td><td>Põhiharidus</td></tr><tr><td>1</td><td style="white-space:nowrap">3<a name="education-level-3"> </a></td><td>Upper secondary education</td><td>Keskharidus</td><td>Üldkeskharidus</td></tr><tr><td>2</td><td style="white-space:nowrap">  34<a name="education-level-34"> </a></td><td>General secondary education</td><td>Üldkeskharidus (gümnaasiumi 10.-12. klass)</td><td>Keskeriharidus keskhariduse baasil</td></tr><tr><td>2</td><td style="white-space:nowrap">  35<a name="education-level-35"> </a></td><td>Vocational secondary education (incl. secondary special or technical education), based on basic education</td><td>Kutsekeskharidus (sh keskeri- või tehnikumiharidus) põhihariduse baasil</td><td>Kutsehariduse omandamine koos põhihariduse omandamisega</td></tr><tr><td>1</td><td style="white-space:nowrap">4<a name="education-level-4"> </a></td><td>Vocational secondary education or vocational courses based on secondary education</td><td>Kutsekeskharidus või kutseõpe keskhariduse baasil</td><td>Kutsekeskharidus</td></tr><tr><td>1</td><td style="white-space:nowrap">5<a name="education-level-5"> </a></td><td>Vocational secondary education and a technical education based on secondary education</td><td>Keskeri- ja tehnikumiharidus keskhariduse baasil</td><td/></tr><tr><td>1</td><td style="white-space:nowrap">6<a name="education-level-6"> </a></td><td>Bachelor's or equivalent level education (professional higher education and vocational higher education, diploma courses)</td><td>Bakalaureus või sellega võrdsustatud haridus (rakendus- ja kutsekõrgharidus, diplomiõpe)</td><td>Bakalaureus või sellega võrdsustatud, rakenduskõrgharidus</td></tr><tr><td>1</td><td style="white-space:nowrap">7<a name="education-level-7"> </a></td><td>Master's or equivalent level education</td><td>Magister või sellega võrdsustatud haridus</td><td>Magister või sellega võrdsustatud haridus</td></tr><tr><td>1</td><td style="white-space:nowrap">8<a name="education-level-8"> </a></td><td>Doctoral or equivalent level education</td><td>Doktor või sellega võrdsustatud haridus</td><td>Doktor või sellega võrdsustatud haridus</td></tr><tr><td>1</td><td style="white-space:nowrap">9<a name="education-level-9"> </a></td><td>Not elsewhere classified</td><td>Mujal liigitamata</td><td/></tr></table></div>
  </text>
  <url value="https://fhir.ee/CodeSystem/education-level"/>
  <version value="0.2.0"/>
  <name value="EEMPIEducationLevel"/>
  <title value="Education level"/>
  <status value="active"/>
  <experimental value="false"/>
  <date value="2023-05-30T09:50:45+03:00"/>
  <publisher value="TEHIK"/>
  <contact>
    <name value="TEHIK"/>
    <telecom>
      <system value="url"/>
      <value value="https://tehik.ee"/>
    </telecom>
  </contact>
  <description value="Patsiendi kõrgeim haridustase"/>
  <jurisdiction>
    <coding>
      <system value="urn:iso:std:iso:3166"/>
      <code value="EE"/>
      <display value="Estonia"/>
    </coding>
  </jurisdiction>
  <caseSensitive value="false"/>
  <hierarchyMeaning value="is-a"/>
  <content value="complete"/>
  <count value="12"/>
  <concept>
    <code value="0"/>
    <display value="Less than primary education, pre-primary education"/>
    <definition value="Alusharidus (koolieelne haridus) või alghariduseta"/>
    <designation>
      <language value="et"/>
      <value value="Hariduseta, alusharidus"/>
    </designation>
  </concept>
  <concept>
    <code value="1"/>
    <display value="Basic education (grades 1-6 of basic school)"/>
    <definition value="Põhiharidus (põhikooli 1.-6. klass)"/>
    <designation>
      <language value="et"/>
      <value value="Algharidus"/>
    </designation>
  </concept>
  <concept>
    <code value="2"/>
    <display value="Basic education (grades 7-9 of basic school)"/>
    <definition value="Põhiharidus (põhikooli 7.-9. klass)"/>
    <designation>
      <language value="et"/>
      <value value="Põhiharidus"/>
    </designation>
  </concept>
  <concept>
    <code value="3"/>
    <display value="Upper secondary education"/>
    <definition value="Keskharidus"/>
    <designation>
      <language value="et"/>
      <value value="Üldkeskharidus"/>
    </designation>
    <concept>
      <code value="34"/>
      <display value="General secondary education"/>
      <definition value="Üldkeskharidus (gümnaasiumi 10.-12. klass)"/>
      <designation>
        <language value="et"/>
        <value value="Keskeriharidus keskhariduse baasil"/>
      </designation>
    </concept>
    <concept>
      <code value="35"/>
      <display value="Vocational secondary education (incl. secondary special or technical education), based on basic education"/>
      <definition value="Kutsekeskharidus (sh keskeri- või tehnikumiharidus) põhihariduse baasil"/>
      <designation>
        <language value="et"/>
        <value value="Kutsehariduse omandamine koos põhihariduse omandamisega"/>
      </designation>
    </concept>
  </concept>
  <concept>
    <code value="4"/>
    <display value="Vocational secondary education or vocational courses based on secondary education"/>
    <definition value="Kutsekeskharidus või kutseõpe keskhariduse baasil"/>
    <designation>
      <language value="et"/>
      <value value="Kutsekeskharidus"/>
    </designation>
  </concept>
  <concept>
    <code value="5"/>
    <display value="Vocational secondary education and a technical education based on secondary education"/>
    <definition value="Keskeri- ja tehnikumiharidus keskhariduse baasil"/>
  </concept>
  <concept>
    <code value="6"/>
    <display value="Bachelor's or equivalent level education (professional higher education and vocational higher education, diploma courses)"/>
    <definition value="Bakalaureus või sellega võrdsustatud haridus (rakendus- ja kutsekõrgharidus, diplomiõpe)"/>
    <designation>
      <language value="et"/>
      <value value="Bakalaureus või sellega võrdsustatud, rakenduskõrgharidus"/>
    </designation>
  </concept>
  <concept>
    <code value="7"/>
    <display value="Master's or equivalent level education"/>
    <definition value="Magister või sellega võrdsustatud haridus"/>
    <designation>
      <language value="et"/>
      <value value="Magister või sellega võrdsustatud haridus"/>
    </designation>
  </concept>
  <concept>
    <code value="8"/>
    <display value="Doctoral or equivalent level education"/>
    <definition value="Doktor või sellega võrdsustatud haridus"/>
    <designation>
      <language value="et"/>
      <value value="Doktor või sellega võrdsustatud haridus"/>
    </designation>
  </concept>
  <concept>
    <code value="9"/>
    <display value="Not elsewhere classified"/>
    <definition value="Mujal liigitamata"/>
  </concept>
</CodeSystem>