<?xml version="1.0" encoding="UTF-8"?>

<Bundle xmlns="http://hl7.org/fhir">
  <id value="410a1f30-c48d-4036-9d61-304d7d4c72c1"/>
  <meta>
    <lastUpdated value="2023-05-30T09:50:45.264+03:00"/>
  </meta>
  <type value="collection"/>
  <entry>
    <fullUrl value="https://fhir.ee/ValueSet/legal-status"/>
    <resource>
      <ValueSet>
        <text>
          <status value="generated"/>
          <div xmlns="http://www.w3.org/1999/xhtml">
            <p>This value set contains 3 concepts</p>
            <p style="border: black 1px dotted; background-color: #EEEEEE; padding: 8px; margin-bottom: 8px">Expansion based on 
              <a href="CodeSystem-legal-status.html">Legal Status v0.2.0 (CodeSystem)</a>
            </p>
            <table class="codes">
              <tr>
                <td style="white-space:nowrap">
                  <b>Code</b>
                </td>
                <td>
                  <b>System</b>
                </td>
                <td>
                  <b>Display</b>
                </td>
              </tr>
              <tr>
                <td style="white-space:nowrap">
                  <a name="https---fhir.ee-CodeSystem-legal-status-T0"> </a>  
                  <a href="CodeSystem-legal-status.html#legal-status-T0">T0</a>
                </td>
                <td>https://fhir.ee/CodeSystem/legal-status</td>
                <td>Teovõimeline</td>
              </tr>
              <tr>
                <td style="white-space:nowrap">
                  <a name="https---fhir.ee-CodeSystem-legal-status-T1"> </a>  
                  <a href="CodeSystem-legal-status.html#legal-status-T1">T1</a>
                </td>
                <td>https://fhir.ee/CodeSystem/legal-status</td>
                <td>Piiratud teovõimega valimisõiguseta</td>
              </tr>
              <tr>
                <td style="white-space:nowrap">
                  <a name="https---fhir.ee-CodeSystem-legal-status-T3"> </a>  
                  <a href="CodeSystem-legal-status.html#legal-status-T3">T3</a>
                </td>
                <td>https://fhir.ee/CodeSystem/legal-status</td>
                <td>Piiratud teovõimega valimisõigusega</td>
              </tr>
            </table>
          </div>
        </text>
        <url value="https://fhir.ee/ValueSet/legal-status"/>
        <version value="0.2.0"/>
        <name value="EEMPILegalStatus"/>
        <title value="Legal Status"/>
        <status value="active"/>
        <experimental value="false"/>
        <date value="2023-05-30T09:50:45+03:00"/>
        <jurisdiction>
          <coding>
            <system value="urn:iso:std:iso:3166"/>
            <code value="EE"/>
            <display value="Estonia"/>
          </coding>
        </jurisdiction>
        <expansion>
          <identifier value="urn:uuid:6d215408-e8a4-4472-b6bc-568276eaefe4"/>
          <timestamp value="2023-05-30T09:51:05+03:00"/>
          <total value="3"/>
          <parameter>
            <name value="excludeNested"/>
            <valueBoolean value="false"/>
          </parameter>
          <parameter>
            <name value="version"/>
            <valueUri value="https://fhir.ee/CodeSystem/legal-status|0.2.0"/>
          </parameter>
          <contains>
            <system value="https://fhir.ee/CodeSystem/legal-status"/>
            <code value="T0"/>
            <display value="Teovõimeline"/>
          </contains>
          <contains>
            <system value="https://fhir.ee/CodeSystem/legal-status"/>
            <code value="T1"/>
            <display value="Piiratud teovõimega valimisõiguseta"/>
          </contains>
          <contains>
            <system value="https://fhir.ee/CodeSystem/legal-status"/>
            <code value="T3"/>
            <display value="Piiratud teovõimega valimisõigusega"/>
          </contains>
        </expansion>
      </ValueSet>
    </resource>
  </entry>
  <entry>
    <fullUrl value="https://fhir.ee/ValueSet/ee-mpi-person-relationship"/>
    <resource>
      <ValueSet>
        <text>
          <status value="generated"/>
          <div xmlns="http://www.w3.org/1999/xhtml">
            <p>This value set contains 5 concepts</p>
            <p style="border: black 1px dotted; background-color: #EEEEEE; padding: 8px; margin-bottom: 8px">Expansion based on SNOMED CT International edition 31-Jan 2023</p>
            <table class="codes">
              <tr>
                <td style="white-space:nowrap">
                  <b>Code</b>
                </td>
                <td>
                  <b>System</b>
                </td>
                <td>
                  <b>Display</b>
                </td>
              </tr>
              <tr>
                <td style="white-space:nowrap">
                  <a name="http---snomed.info-sct-72705000"> </a>  
                  <a href="http://snomed.info/id/72705000">72705000</a>
                </td>
                <td>http://snomed.info/sct</td>
                <td>Mother</td>
              </tr>
              <tr>
                <td style="white-space:nowrap">
                  <a name="http---snomed.info-sct-66839005"> </a>  
                  <a href="http://snomed.info/id/66839005">66839005</a>
                </td>
                <td>http://snomed.info/sct</td>
                <td>Father</td>
              </tr>
              <tr>
                <td style="white-space:nowrap">
                  <a name="http---snomed.info-sct-67822003"> </a>  
                  <a href="http://snomed.info/id/67822003">67822003</a>
                </td>
                <td>http://snomed.info/sct</td>
                <td>Child</td>
              </tr>
              <tr>
                <td style="white-space:nowrap">
                  <a name="http---snomed.info-sct-127848009"> </a>  
                  <a href="http://snomed.info/id/127848009">127848009</a>
                </td>
                <td>http://snomed.info/sct</td>
                <td>Spouse</td>
              </tr>
              <tr>
                <td style="white-space:nowrap">
                  <a name="http---snomed.info-sct-444210007"> </a>  
                  <a href="http://snomed.info/id/444210007">444210007</a>
                </td>
                <td>http://snomed.info/sct</td>
                <td>Cohabitee in relationship with subject (person)</td>
              </tr>
            </table>
          </div>
        </text>
        <url value="https://fhir.ee/ValueSet/ee-mpi-person-relationship"/>
        <version value="0.2.0"/>
        <name value="EEMPIPersonRelationship"/>
        <title value="Person Relationship"/>
        <status value="active"/>
        <experimental value="false"/>
        <date value="2023-05-30T09:50:45+03:00"/>
        <jurisdiction>
          <coding>
            <system value="urn:iso:std:iso:3166"/>
            <code value="EE"/>
            <display value="Estonia"/>
          </coding>
        </jurisdiction>
        <expansion>
          <identifier value="urn:uuid:01d9e8b5-2a59-4c87-b99e-a90e717d6d94"/>
          <timestamp value="2023-05-30T09:51:07+03:00"/>
          <total value="5"/>
          <parameter>
            <name value="excludeNested"/>
            <valueBoolean value="false"/>
          </parameter>
          <parameter>
            <name value="limitedExpansion"/>
            <valueBoolean value="true"/>
          </parameter>
          <parameter>
            <name value="version"/>
            <valueUri value="http://snomed.info/sct|http://snomed.info/sct/900000000000207008/version/20230131"/>
          </parameter>
          <contains>
            <system value="http://snomed.info/sct"/>
            <code value="72705000"/>
            <display value="Mother"/>
          </contains>
          <contains>
            <system value="http://snomed.info/sct"/>
            <code value="66839005"/>
            <display value="Father"/>
          </contains>
          <contains>
            <system value="http://snomed.info/sct"/>
            <code value="67822003"/>
            <display value="Child"/>
          </contains>
          <contains>
            <system value="http://snomed.info/sct"/>
            <code value="127848009"/>
            <display value="Spouse"/>
          </contains>
          <contains>
            <system value="http://snomed.info/sct"/>
            <code value="444210007"/>
            <display value="Cohabitee in relationship with subject (person)"/>
          </contains>
        </expansion>
      </ValueSet>
    </resource>
  </entry>
  <entry>
    <fullUrl value="https://fhir.ee/ValueSet/disability-level"/>
    <resource>
      <ValueSet>
        <text>
          <status value="generated"/>
          <div xmlns="http://www.w3.org/1999/xhtml">
            <p>This value set contains 3 concepts</p>
            <p style="border: black 1px dotted; background-color: #EEEEEE; padding: 8px; margin-bottom: 8px">Expansion based on 
              <a href="CodeSystem-disability-level.html">Disability level v0.2.0 (CodeSystem)</a>
            </p>
            <table class="codes">
              <tr>
                <td style="white-space:nowrap">
                  <b>Code</b>
                </td>
                <td>
                  <b>System</b>
                </td>
                <td>
                  <b>Display</b>
                </td>
              </tr>
              <tr>
                <td style="white-space:nowrap">
                  <a name="https---fhir.ee-CodeSystem-disability-level-keskmine"> </a>  
                  <a href="CodeSystem-disability-level.html#disability-level-keskmine">keskmine</a>
                </td>
                <td>https://fhir.ee/CodeSystem/disability-level</td>
                <td>Keskmine puue</td>
              </tr>
              <tr>
                <td style="white-space:nowrap">
                  <a name="https---fhir.ee-CodeSystem-disability-level-raske"> </a>  
                  <a href="CodeSystem-disability-level.html#disability-level-raske">raske</a>
                </td>
                <td>https://fhir.ee/CodeSystem/disability-level</td>
                <td>Raske puue</td>
              </tr>
              <tr>
                <td style="white-space:nowrap">
                  <a name="https---fhir.ee-CodeSystem-disability-level-sygav"> </a>  
                  <a href="CodeSystem-disability-level.html#disability-level-sygav">sygav</a>
                </td>
                <td>https://fhir.ee/CodeSystem/disability-level</td>
                <td>Sügav puue</td>
              </tr>
            </table>
          </div>
        </text>
        <url value="https://fhir.ee/ValueSet/disability-level"/>
        <version value="0.2.0"/>
        <name value="EEMPIDisabilityLevel"/>
        <title value="Disability level"/>
        <status value="active"/>
        <experimental value="false"/>
        <date value="2023-05-30T09:50:45+03:00"/>
        <jurisdiction>
          <coding>
            <system value="urn:iso:std:iso:3166"/>
            <code value="EE"/>
            <display value="Estonia"/>
          </coding>
        </jurisdiction>
        <expansion>
          <identifier value="urn:uuid:50095ccb-de5c-47a5-b770-764142629b31"/>
          <timestamp value="2023-05-30T09:51:07+03:00"/>
          <total value="3"/>
          <parameter>
            <name value="excludeNested"/>
            <valueBoolean value="false"/>
          </parameter>
          <parameter>
            <name value="version"/>
            <valueUri value="https://fhir.ee/CodeSystem/disability-level|0.2.0"/>
          </parameter>
          <contains>
            <system value="https://fhir.ee/CodeSystem/disability-level"/>
            <code value="keskmine"/>
            <display value="Keskmine puue"/>
          </contains>
          <contains>
            <system value="https://fhir.ee/CodeSystem/disability-level"/>
            <code value="raske"/>
            <display value="Raske puue"/>
          </contains>
          <contains>
            <system value="https://fhir.ee/CodeSystem/disability-level"/>
            <code value="sygav"/>
            <display value="Sügav puue"/>
          </contains>
        </expansion>
      </ValueSet>
    </resource>
  </entry>
  <entry>
    <fullUrl value="https://fhir.ee/ValueSet/power-of-attorney"/>
    <resource>
      <ValueSet>
        <text>
          <status value="generated"/>
          <div xmlns="http://www.w3.org/1999/xhtml">
            <p>This value set contains 8 concepts</p>
            <p style="border: black 1px dotted; background-color: #EEEEEE; padding: 8px; margin-bottom: 8px">Expansion based on 
              <a href="CodeSystem-power-of-attorney.html">PowerOfAttorney Status v0.2.0 (CodeSystem)</a>
            </p>
            <table class="codes">
              <tr>
                <td style="white-space:nowrap">
                  <b>Code</b>
                </td>
                <td>
                  <b>System</b>
                </td>
                <td>
                  <b>Display</b>
                </td>
              </tr>
              <tr>
                <td style="white-space:nowrap">
                  <a name="https---fhir.ee-CodeSystem-power-of-attorney-H9"> </a>  
                  <a href="CodeSystem-power-of-attorney.html#power-of-attorney-H9">H9</a>
                </td>
                <td>https://fhir.ee/CodeSystem/power-of-attorney</td>
                <td>Lapse eraldamine vanemast</td>
              </tr>
              <tr>
                <td style="white-space:nowrap">
                  <a name="https---fhir.ee-CodeSystem-power-of-attorney-H11"> </a>  
                  <a href="CodeSystem-power-of-attorney.html#power-of-attorney-H11">H11</a>
                </td>
                <td>https://fhir.ee/CodeSystem/power-of-attorney</td>
                <td>Osaline isikuhooldusõigus</td>
              </tr>
              <tr>
                <td style="white-space:nowrap">
                  <a name="https---fhir.ee-CodeSystem-power-of-attorney-H21"> </a>  
                  <a href="CodeSystem-power-of-attorney.html#power-of-attorney-H21">H21</a>
                </td>
                <td>https://fhir.ee/CodeSystem/power-of-attorney</td>
                <td>Osaline varahooldusõigus</td>
              </tr>
              <tr>
                <td style="white-space:nowrap">
                  <a name="https---fhir.ee-CodeSystem-power-of-attorney-H12"> </a>  
                  <a href="CodeSystem-power-of-attorney.html#power-of-attorney-H12">H12</a>
                </td>
                <td>https://fhir.ee/CodeSystem/power-of-attorney</td>
                <td>Piiratud isikuhooldusõigus</td>
              </tr>
              <tr>
                <td style="white-space:nowrap">
                  <a name="https---fhir.ee-CodeSystem-power-of-attorney-H22"> </a>  
                  <a href="CodeSystem-power-of-attorney.html#power-of-attorney-H22">H22</a>
                </td>
                <td>https://fhir.ee/CodeSystem/power-of-attorney</td>
                <td>Piiratud varahooldusõigus</td>
              </tr>
              <tr>
                <td style="white-space:nowrap">
                  <a name="https---fhir.ee-CodeSystem-power-of-attorney-H10"> </a>  
                  <a href="CodeSystem-power-of-attorney.html#power-of-attorney-H10">H10</a>
                </td>
                <td>https://fhir.ee/CodeSystem/power-of-attorney</td>
                <td>Täielik isikuhooldusõigus</td>
              </tr>
              <tr>
                <td style="white-space:nowrap">
                  <a name="https---fhir.ee-CodeSystem-power-of-attorney-H20"> </a>  
                  <a href="CodeSystem-power-of-attorney.html#power-of-attorney-H20">H20</a>
                </td>
                <td>https://fhir.ee/CodeSystem/power-of-attorney</td>
                <td>Täielik varahooldusõigus</td>
              </tr>
              <tr>
                <td style="white-space:nowrap">
                  <a name="https---fhir.ee-CodeSystem-power-of-attorney-H19"> </a>  
                  <a href="CodeSystem-power-of-attorney.html#power-of-attorney-H19">H19</a>
                </td>
                <td>https://fhir.ee/CodeSystem/power-of-attorney</td>
                <td>Vanema õigused</td>
              </tr>
            </table>
          </div>
        </text>
        <url value="https://fhir.ee/ValueSet/power-of-attorney"/>
        <version value="0.2.0"/>
        <name value="EEMPIPowerOfAttorney"/>
        <title value="PowerOfAttorney Status"/>
        <status value="active"/>
        <experimental value="false"/>
        <date value="2023-05-30T09:50:45+03:00"/>
        <jurisdiction>
          <coding>
            <system value="urn:iso:std:iso:3166"/>
            <code value="EE"/>
            <display value="Estonia"/>
          </coding>
        </jurisdiction>
        <expansion>
          <identifier value="urn:uuid:71d5a455-6d31-4b6a-9b95-b3f3f36f30ea"/>
          <timestamp value="2023-05-30T09:51:07+03:00"/>
          <total value="8"/>
          <parameter>
            <name value="excludeNested"/>
            <valueBoolean value="false"/>
          </parameter>
          <parameter>
            <name value="version"/>
            <valueUri value="https://fhir.ee/CodeSystem/power-of-attorney|0.2.0"/>
          </parameter>
          <contains>
            <system value="https://fhir.ee/CodeSystem/power-of-attorney"/>
            <code value="H9"/>
            <display value="Lapse eraldamine vanemast"/>
          </contains>
          <contains>
            <system value="https://fhir.ee/CodeSystem/power-of-attorney"/>
            <code value="H11"/>
            <display value="Osaline isikuhooldusõigus"/>
          </contains>
          <contains>
            <system value="https://fhir.ee/CodeSystem/power-of-attorney"/>
            <code value="H21"/>
            <display value="Osaline varahooldusõigus"/>
          </contains>
          <contains>
            <system value="https://fhir.ee/CodeSystem/power-of-attorney"/>
            <code value="H12"/>
            <display value="Piiratud isikuhooldusõigus"/>
          </contains>
          <contains>
            <system value="https://fhir.ee/CodeSystem/power-of-attorney"/>
            <code value="H22"/>
            <display value="Piiratud varahooldusõigus"/>
          </contains>
          <contains>
            <system value="https://fhir.ee/CodeSystem/power-of-attorney"/>
            <code value="H10"/>
            <display value="Täielik isikuhooldusõigus"/>
          </contains>
          <contains>
            <system value="https://fhir.ee/CodeSystem/power-of-attorney"/>
            <code value="H20"/>
            <display value="Täielik varahooldusõigus"/>
          </contains>
          <contains>
            <system value="https://fhir.ee/CodeSystem/power-of-attorney"/>
            <code value="H19"/>
            <display value="Vanema õigused"/>
          </contains>
        </expansion>
      </ValueSet>
    </resource>
  </entry>
  <entry>
    <fullUrl value="https://fhir.ee/ValueSet/job-type"/>
    <resource>
      <ValueSet>
        <text>
          <status value="generated"/>
          <div xmlns="http://www.w3.org/1999/xhtml">
            <p>This value set contains 4 concepts</p>
            <p style="border: black 1px dotted; background-color: #EEEEEE; padding: 8px; margin-bottom: 8px">Expansion based on SNOMED CT International edition 31-Jan 2023</p>
            <table class="codes">
              <tr>
                <td style="white-space:nowrap">
                  <b>Code</b>
                </td>
                <td>
                  <b>System</b>
                </td>
                <td>
                  <b>Display</b>
                </td>
              </tr>
              <tr>
                <td style="white-space:nowrap">
                  <a name="http---snomed.info-sct-160923008"> </a>  
                  <a href="http://snomed.info/id/160923008">160923008</a>
                </td>
                <td>http://snomed.info/sct</td>
                <td>Sedentary job</td>
              </tr>
              <tr>
                <td style="white-space:nowrap">
                  <a name="http---snomed.info-sct-266961004"> </a>  
                  <a href="http://snomed.info/id/266961004">266961004</a>
                </td>
                <td>http://snomed.info/sct</td>
                <td>Shift worker</td>
              </tr>
              <tr>
                <td style="white-space:nowrap">
                  <a name="http---snomed.info-sct-276066008"> </a>  
                  <a href="http://snomed.info/id/276066008">276066008</a>
                </td>
                <td>http://snomed.info/sct</td>
                <td>Night shift worker</td>
              </tr>
              <tr>
                <td style="white-space:nowrap">
                  <a name="http---snomed.info-sct-276067004"> </a>  
                  <a href="http://snomed.info/id/276067004">276067004</a>
                </td>
                <td>http://snomed.info/sct</td>
                <td>Rotating shift worker</td>
              </tr>
            </table>
          </div>
        </text>
        <url value="https://fhir.ee/ValueSet/job-type"/>
        <version value="0.2.0"/>
        <name value="EEMPIJobType"/>
        <title value="JobType"/>
        <status value="active"/>
        <experimental value="true"/>
        <date value="2023-05-30T09:50:45+03:00"/>
        <jurisdiction>
          <coding>
            <system value="urn:iso:std:iso:3166"/>
            <code value="EE"/>
            <display value="Estonia"/>
          </coding>
        </jurisdiction>
        <expansion>
          <extension url="http://hl7.org/fhir/StructureDefinition/valueset-unclosed">
            <valueBoolean value="true"/>
          </extension>
          <identifier value="urn:uuid:150a8c02-41d1-4305-86d6-9e70bd06b1a6"/>
          <timestamp value="2023-05-30T09:51:11+03:00"/>
          <total value="4"/>
          <parameter>
            <name value="excludeNested"/>
            <valueBoolean value="false"/>
          </parameter>
          <parameter>
            <name value="limitedExpansion"/>
            <valueBoolean value="true"/>
          </parameter>
          <parameter>
            <name value="version"/>
            <valueUri value="http://snomed.info/sct|http://snomed.info/sct/900000000000207008/version/20230131"/>
          </parameter>
          <contains>
            <system value="http://snomed.info/sct"/>
            <code value="160923008"/>
            <display value="Sedentary job"/>
          </contains>
          <contains>
            <system value="http://snomed.info/sct"/>
            <code value="266961004"/>
            <display value="Shift worker"/>
          </contains>
          <contains>
            <system value="http://snomed.info/sct"/>
            <code value="276066008"/>
            <display value="Night shift worker"/>
          </contains>
          <contains>
            <system value="http://snomed.info/sct"/>
            <code value="276067004"/>
            <display value="Rotating shift worker"/>
          </contains>
        </expansion>
      </ValueSet>
    </resource>
  </entry>
  <entry>
    <fullUrl value="https://fhir.ee/ValueSet/education-level"/>
    <resource>
      <ValueSet>
        <text>
          <status value="generated"/>
          <div xmlns="http://www.w3.org/1999/xhtml">
            <p>This value set contains 12 concepts</p>
            <p style="border: black 1px dotted; background-color: #EEEEEE; padding: 8px; margin-bottom: 8px">Expansion based on 
              <a href="CodeSystem-education-level.html">Education level v0.2.0 (CodeSystem)</a>
            </p>
            <table class="codes">
              <tr>
                <td>
                  <b>Level</b>
                </td>
                <td style="white-space:nowrap">
                  <b>Code</b>
                </td>
                <td>
                  <b>System</b>
                </td>
                <td>
                  <b>Display</b>
                </td>
                <td>
                  <b>Definition</b>
                </td>
              </tr>
              <tr>
                <td>
                  <a name="https---fhir.ee-CodeSystem-education-level-0"> </a>1
                </td>
                <td style="white-space:nowrap">  
                  <a href="CodeSystem-education-level.html#education-level-0">0</a>
                </td>
                <td>https://fhir.ee/CodeSystem/education-level</td>
                <td>Less than primary education, pre-primary education</td>
                <td>
                  <div>
                    <p>Alusharidus (koolieelne haridus) või alghariduseta</p>

                  </div>
                </td>
              </tr>
              <tr>
                <td>
                  <a name="https---fhir.ee-CodeSystem-education-level-1"> </a>1
                </td>
                <td style="white-space:nowrap">  
                  <a href="CodeSystem-education-level.html#education-level-1">1</a>
                </td>
                <td>https://fhir.ee/CodeSystem/education-level</td>
                <td>Basic education (grades 1-6 of basic school)</td>
                <td>
                  <div>
                    <p>Põhiharidus (põhikooli 1.-6. klass)</p>

                  </div>
                </td>
              </tr>
              <tr>
                <td>
                  <a name="https---fhir.ee-CodeSystem-education-level-2"> </a>1
                </td>
                <td style="white-space:nowrap">  
                  <a href="CodeSystem-education-level.html#education-level-2">2</a>
                </td>
                <td>https://fhir.ee/CodeSystem/education-level</td>
                <td>Basic education (grades 7-9 of basic school)</td>
                <td>
                  <div>
                    <p>Põhiharidus (põhikooli 7.-9. klass)</p>

                  </div>
                </td>
              </tr>
              <tr>
                <td>
                  <a name="https---fhir.ee-CodeSystem-education-level-3"> </a>1
                </td>
                <td style="white-space:nowrap">  
                  <a href="CodeSystem-education-level.html#education-level-3">3</a>
                </td>
                <td>https://fhir.ee/CodeSystem/education-level</td>
                <td>Upper secondary education</td>
                <td>
                  <div>
                    <p>Keskharidus</p>

                  </div>
                </td>
              </tr>
              <tr>
                <td>
                  <a name="https---fhir.ee-CodeSystem-education-level-34"> </a>2
                </td>
                <td style="white-space:nowrap">    
                  <a href="CodeSystem-education-level.html#education-level-34">34</a>
                </td>
                <td>https://fhir.ee/CodeSystem/education-level</td>
                <td>General secondary education</td>
                <td>
                  <div>
                    <p>Üldkeskharidus (gümnaasiumi 10.-12. klass)</p>

                  </div>
                </td>
              </tr>
              <tr>
                <td>
                  <a name="https---fhir.ee-CodeSystem-education-level-35"> </a>2
                </td>
                <td style="white-space:nowrap">    
                  <a href="CodeSystem-education-level.html#education-level-35">35</a>
                </td>
                <td>https://fhir.ee/CodeSystem/education-level</td>
                <td>Vocational secondary education (incl. secondary special or technical education), based on basic education</td>
                <td>
                  <div>
                    <p>Kutsekeskharidus (sh keskeri- või tehnikumiharidus) põhihariduse baasil</p>

                  </div>
                </td>
              </tr>
              <tr>
                <td>
                  <a name="https---fhir.ee-CodeSystem-education-level-4"> </a>1
                </td>
                <td style="white-space:nowrap">  
                  <a href="CodeSystem-education-level.html#education-level-4">4</a>
                </td>
                <td>https://fhir.ee/CodeSystem/education-level</td>
                <td>Vocational secondary education or vocational courses based on secondary education</td>
                <td>
                  <div>
                    <p>Kutsekeskharidus või kutseõpe keskhariduse baasil</p>

                  </div>
                </td>
              </tr>
              <tr>
                <td>
                  <a name="https---fhir.ee-CodeSystem-education-level-5"> </a>1
                </td>
                <td style="white-space:nowrap">  
                  <a href="CodeSystem-education-level.html#education-level-5">5</a>
                </td>
                <td>https://fhir.ee/CodeSystem/education-level</td>
                <td>Vocational secondary education and a technical education based on secondary education</td>
                <td>
                  <div>
                    <p>Keskeri- ja tehnikumiharidus keskhariduse baasil</p>

                  </div>
                </td>
              </tr>
              <tr>
                <td>
                  <a name="https---fhir.ee-CodeSystem-education-level-6"> </a>1
                </td>
                <td style="white-space:nowrap">  
                  <a href="CodeSystem-education-level.html#education-level-6">6</a>
                </td>
                <td>https://fhir.ee/CodeSystem/education-level</td>
                <td>Bachelor's or equivalent level education (professional higher education and vocational higher education, diploma courses)</td>
                <td>
                  <div>
                    <p>Bakalaureus või sellega võrdsustatud haridus (rakendus- ja kutsekõrgharidus, diplomiõpe)</p>

                  </div>
                </td>
              </tr>
              <tr>
                <td>
                  <a name="https---fhir.ee-CodeSystem-education-level-7"> </a>1
                </td>
                <td style="white-space:nowrap">  
                  <a href="CodeSystem-education-level.html#education-level-7">7</a>
                </td>
                <td>https://fhir.ee/CodeSystem/education-level</td>
                <td>Master's or equivalent level education</td>
                <td>
                  <div>
                    <p>Magister või sellega võrdsustatud haridus</p>

                  </div>
                </td>
              </tr>
              <tr>
                <td>
                  <a name="https---fhir.ee-CodeSystem-education-level-8"> </a>1
                </td>
                <td style="white-space:nowrap">  
                  <a href="CodeSystem-education-level.html#education-level-8">8</a>
                </td>
                <td>https://fhir.ee/CodeSystem/education-level</td>
                <td>Doctoral or equivalent level education</td>
                <td>
                  <div>
                    <p>Doktor või sellega võrdsustatud haridus</p>

                  </div>
                </td>
              </tr>
              <tr>
                <td>
                  <a name="https---fhir.ee-CodeSystem-education-level-9"> </a>1
                </td>
                <td style="white-space:nowrap">  
                  <a href="CodeSystem-education-level.html#education-level-9">9</a>
                </td>
                <td>https://fhir.ee/CodeSystem/education-level</td>
                <td>Not elsewhere classified</td>
                <td>
                  <div>
                    <p>Mujal liigitamata</p>

                  </div>
                </td>
              </tr>
            </table>
          </div>
        </text>
        <url value="https://fhir.ee/ValueSet/education-level"/>
        <version value="0.2.0"/>
        <name value="EEMPIEducationLevel"/>
        <title value="Education Level"/>
        <status value="active"/>
        <experimental value="false"/>
        <date value="2023-05-30T09:50:45+03:00"/>
        <jurisdiction>
          <coding>
            <system value="urn:iso:std:iso:3166"/>
            <code value="EE"/>
            <display value="Estonia"/>
          </coding>
        </jurisdiction>
        <expansion>
          <identifier value="urn:uuid:7c47e258-1ccc-4d5d-bd17-0eb5abe3f335"/>
          <timestamp value="2023-05-30T09:51:14+03:00"/>
          <total value="12"/>
          <parameter>
            <name value="excludeNested"/>
            <valueBoolean value="false"/>
          </parameter>
          <parameter>
            <name value="version"/>
            <valueUri value="https://fhir.ee/CodeSystem/education-level|0.2.0"/>
          </parameter>
          <contains>
            <system value="https://fhir.ee/CodeSystem/education-level"/>
            <code value="0"/>
            <display value="Less than primary education, pre-primary education"/>
          </contains>
          <contains>
            <system value="https://fhir.ee/CodeSystem/education-level"/>
            <code value="1"/>
            <display value="Basic education (grades 1-6 of basic school)"/>
          </contains>
          <contains>
            <system value="https://fhir.ee/CodeSystem/education-level"/>
            <code value="2"/>
            <display value="Basic education (grades 7-9 of basic school)"/>
          </contains>
          <contains>
            <system value="https://fhir.ee/CodeSystem/education-level"/>
            <code value="3"/>
            <display value="Upper secondary education"/>
            <contains>
              <system value="https://fhir.ee/CodeSystem/education-level"/>
              <code value="34"/>
              <display value="General secondary education"/>
            </contains>
            <contains>
              <system value="https://fhir.ee/CodeSystem/education-level"/>
              <code value="35"/>
              <display value="Vocational secondary education (incl. secondary special or technical education), based on basic education"/>
            </contains>
          </contains>
          <contains>
            <system value="https://fhir.ee/CodeSystem/education-level"/>
            <code value="4"/>
            <display value="Vocational secondary education or vocational courses based on secondary education"/>
          </contains>
          <contains>
            <system value="https://fhir.ee/CodeSystem/education-level"/>
            <code value="5"/>
            <display value="Vocational secondary education and a technical education based on secondary education"/>
          </contains>
          <contains>
            <system value="https://fhir.ee/CodeSystem/education-level"/>
            <code value="6"/>
            <display value="Bachelor's or equivalent level education (professional higher education and vocational higher education, diploma courses)"/>
          </contains>
          <contains>
            <system value="https://fhir.ee/CodeSystem/education-level"/>
            <code value="7"/>
            <display value="Master's or equivalent level education"/>
          </contains>
          <contains>
            <system value="https://fhir.ee/CodeSystem/education-level"/>
            <code value="8"/>
            <display value="Doctoral or equivalent level education"/>
          </contains>
          <contains>
            <system value="https://fhir.ee/CodeSystem/education-level"/>
            <code value="9"/>
            <display value="Not elsewhere classified"/>
          </contains>
        </expansion>
      </ValueSet>
    </resource>
  </entry>
  <entry>
    <fullUrl value="https://fhir.ee/ValueSet/guardian-status"/>
    <resource>
      <ValueSet>
        <text>
          <status value="generated"/>
          <div xmlns="http://www.w3.org/1999/xhtml">
            <p>This value set contains 2 concepts</p>
            <p style="border: black 1px dotted; background-color: #EEEEEE; padding: 8px; margin-bottom: 8px">Expansion based on SNOMED CT International edition 31-Jan 2023</p>
            <table class="codes">
              <tr>
                <td style="white-space:nowrap">
                  <b>Code</b>
                </td>
                <td>
                  <b>System</b>
                </td>
                <td>
                  <b>Display</b>
                </td>
              </tr>
              <tr>
                <td style="white-space:nowrap">
                  <a name="http---snomed.info-sct-58626002"> </a>  
                  <a href="http://snomed.info/id/58626002">58626002</a>
                </td>
                <td>http://snomed.info/sct</td>
                <td>Legal guardian</td>
              </tr>
              <tr>
                <td style="white-space:nowrap">
                  <a name="http---snomed.info-sct-365569001"> </a>  
                  <a href="http://snomed.info/id/365569001">365569001</a>
                </td>
                <td>http://snomed.info/sct</td>
                <td>Finding of wardship</td>
              </tr>
            </table>
          </div>
        </text>
        <url value="https://fhir.ee/ValueSet/guardian-status"/>
        <version value="0.2.0"/>
        <name value="EEMPIGuardianStatus"/>
        <title value="Guardian Status"/>
        <status value="active"/>
        <experimental value="true"/>
        <date value="2023-05-30T09:50:45+03:00"/>
        <jurisdiction>
          <coding>
            <system value="urn:iso:std:iso:3166"/>
            <code value="EE"/>
            <display value="Estonia"/>
          </coding>
        </jurisdiction>
        <expansion>
          <identifier value="urn:uuid:577a9f89-8265-4f81-9cbf-35a2c326bb80"/>
          <timestamp value="2023-05-30T09:51:14+03:00"/>
          <total value="2"/>
          <parameter>
            <name value="excludeNested"/>
            <valueBoolean value="false"/>
          </parameter>
          <parameter>
            <name value="limitedExpansion"/>
            <valueBoolean value="true"/>
          </parameter>
          <parameter>
            <name value="version"/>
            <valueUri value="http://snomed.info/sct|http://snomed.info/sct/900000000000207008/version/20230131"/>
          </parameter>
          <contains>
            <system value="http://snomed.info/sct"/>
            <code value="58626002"/>
            <display value="Legal guardian"/>
          </contains>
          <contains>
            <system value="http://snomed.info/sct"/>
            <code value="365569001"/>
            <display value="Finding of wardship"/>
          </contains>
        </expansion>
      </ValueSet>
    </resource>
  </entry>
  <entry>
    <fullUrl value="https://fhir.ee/ValueSet/ee-mpi-person-relationship-class"/>
    <resource>
      <ValueSet>
        <text>
          <status value="generated"/>
          <div xmlns="http://www.w3.org/1999/xhtml">
            <p>This value set contains 4 concepts</p>
            <p style="border: black 1px dotted; background-color: #EEEEEE; padding: 8px; margin-bottom: 8px">Expansion based on 
              <a href="http://terminology.hl7.org/5.0.0/CodeSystem-v3-RoleClass.html">RoleClass v3.1.0 (CodeSystem)</a>
            </p>
            <table class="codes">
              <tr>
                <td style="white-space:nowrap">
                  <b>Code</b>
                </td>
                <td>
                  <b>System</b>
                </td>
                <td>
                  <b>Display</b>
                </td>
                <td>
                  <b>Definition</b>
                </td>
              </tr>
              <tr>
                <td style="white-space:nowrap">
                  <a name="http---terminology.hl7.org-CodeSystem-v3-RoleClass-ECON"> </a>  
                  <a href="http://terminology.hl7.org/5.0.0/CodeSystem-v3-RoleClass.html#v3-RoleClass-ECON">ECON</a>
                </td>
                <td>http://terminology.hl7.org/CodeSystem/v3-RoleClass</td>
                <td>emergency contact</td>
                <td>
                  <div>
                    <p>An entity to be contacted in the event of an emergency.</p>

                  </div>
                </td>
              </tr>
              <tr>
                <td style="white-space:nowrap">
                  <a name="http---terminology.hl7.org-CodeSystem-v3-RoleClass-GUARD"> </a>  
                  <a href="http://terminology.hl7.org/5.0.0/CodeSystem-v3-RoleClass.html#v3-RoleClass-GUARD">GUARD</a>
                </td>
                <td>http://terminology.hl7.org/CodeSystem/v3-RoleClass</td>
                <td>guardian</td>
                <td>
                  <div>
                    <p>Guardian of a ward</p>

                  </div>
                </td>
              </tr>
              <tr>
                <td style="white-space:nowrap">
                  <a name="http---terminology.hl7.org-CodeSystem-v3-RoleClass-DEPEN"> </a>  
                  <a href="http://terminology.hl7.org/5.0.0/CodeSystem-v3-RoleClass.html#v3-RoleClass-DEPEN">DEPEN</a>
                </td>
                <td>http://terminology.hl7.org/CodeSystem/v3-RoleClass</td>
                <td>dependent</td>
                <td>
                  <div>
                    <p>
                      <strong>Description:</strong> A role played by a person covered under a policy or program based on an association with a subscriber, which is recognized by the policy holder.
                    </p>

                    <p>
                      <strong>Note:</strong> The party playing the role of a dependent is not a claimant in the sense conveyed by the RoleClassCoveredParty CLAIM (claimant). However, a dependent may make a claim under a policy, e.g., a dependent under a health insurance policy may become the claimant for coverage under that policy for wellness examines or if injured and there is no liable third party. In the case of a dependent making a claim, a role type code INSCLM (insured claimant) subtypes the class to indicate that the dependent has filed a claim for services covered under the health insurance policy.
                    </p>

                    <p>
                      <strong>Example:</strong> The dependent has an association with the subscriber such as a financial dependency or personal relationship such as that of a spouse, or a natural or adopted child. The policy holder may be required by law to recognize certain associations or may have discretion about the associations. For example, a policy holder may dictate the criteria for the dependent status of adult children who are students, such as requiring full time enrollment, or may recognize domestic partners as dependents. Under certain circumstances, the dependent may be under the indirect authority of a responsible party acting as a surrogate for the subscriber, for example, if the subscriber is differently abled or deceased, a guardian ad Lidem or estate executor may be appointed to assume the subscriberaTMs legal standing in the relationship with the dependent.
                    </p>

                  </div>
                </td>
              </tr>
              <tr>
                <td style="white-space:nowrap">
                  <a name="http---terminology.hl7.org-CodeSystem-v3-RoleClass-NOK"> </a>  
                  <a href="http://terminology.hl7.org/5.0.0/CodeSystem-v3-RoleClass.html#v3-RoleClass-NOK">NOK</a>
                </td>
                <td>http://terminology.hl7.org/CodeSystem/v3-RoleClass</td>
                <td>next of kin</td>
                <td>
                  <div>
                    <p>An individual designated for notification as the next of kin for a given entity.</p>

                  </div>
                </td>
              </tr>
            </table>
          </div>
        </text>
        <url value="https://fhir.ee/ValueSet/ee-mpi-person-relationship-class"/>
        <version value="0.2.0"/>
        <name value="EEMPIPersonRelationshipClass"/>
        <title value="Person Relationship Class"/>
        <status value="active"/>
        <experimental value="false"/>
        <date value="2023-05-30T09:50:45+03:00"/>
        <jurisdiction>
          <coding>
            <system value="urn:iso:std:iso:3166"/>
            <code value="EE"/>
            <display value="Estonia"/>
          </coding>
        </jurisdiction>
        <expansion>
          <identifier value="urn:uuid:9a1f4239-6b37-4266-9703-88c85e8619d1"/>
          <timestamp value="2023-05-30T09:51:14+03:00"/>
          <total value="4"/>
          <parameter>
            <name value="excludeNested"/>
            <valueBoolean value="false"/>
          </parameter>
          <parameter>
            <name value="version"/>
            <valueUri value="http://terminology.hl7.org/CodeSystem/v3-RoleClass|3.1.0"/>
          </parameter>
          <contains>
            <system value="http://terminology.hl7.org/CodeSystem/v3-RoleClass"/>
            <code value="ECON"/>
            <display value="emergency contact"/>
          </contains>
          <contains>
            <system value="http://terminology.hl7.org/CodeSystem/v3-RoleClass"/>
            <code value="GUARD"/>
            <display value="guardian"/>
          </contains>
          <contains>
            <system value="http://terminology.hl7.org/CodeSystem/v3-RoleClass"/>
            <code value="DEPEN"/>
            <display value="dependent"/>
          </contains>
          <contains>
            <system value="http://terminology.hl7.org/CodeSystem/v3-RoleClass"/>
            <code value="NOK"/>
            <display value="next of kin"/>
          </contains>
        </expansion>
      </ValueSet>
    </resource>
  </entry>
</Bundle>