{
  "resourceType" : "Observation",
  "id" : "EducationLevel",
  "meta" : {
    "profile" : ["https://fhir.ee/StructureDefinition/ee-mpi-socialhistory-education-level"]
  },
  "text" : {
    "status" : "generated",
    "div" : "<div xmlns=\"http://www.w3.org/1999/xhtml\"><p><b>Generated Narrative: Observation</b><a name=\"EducationLevel\"> </a></p><div style=\"display: inline-block; background-color: #d9e0e7; padding: 6px; margin: 4px; border: 1px solid #8da1b4; border-radius: 5px; line-height: 60%\"><p style=\"margin-bottom: 0px\">Resource Observation &quot;EducationLevel&quot; </p><p style=\"margin-bottom: 0px\">Profile: <a href=\"StructureDefinition-ee-mpi-socialhistory-education-level.html\">EE MPI SocialHistory Education Level</a></p></div><p><b>status</b>: final</p><p><b>category</b>: Social history <span style=\"background: LightGoldenRodYellow; margin: 4px; border: 1px solid khaki\"> (<a href=\"http://terminology.hl7.org/5.0.0/CodeSystem-observation-category.html\">Observation Category Codes</a>#social-history)</span></p><p><b>code</b>: Highest level of education <span style=\"background: LightGoldenRodYellow; margin: 4px; border: 1px solid khaki\"> (<a href=\"https://loinc.org/\">LOINC</a>#82589-3; <a href=\"https://browser.ihtsdotools.org/\">SNOMED CT</a>#105421008)</span></p><p><b>subject</b>: <a href=\"Patient-pat1.html\">Patient/pat1</a> &quot; BOSSENKO&quot;</p><p><b>issued</b>: 21 Jun 1995, 01:00:00</p><p><b>value</b>: Doctoral or equivalent level education <span style=\"background: LightGoldenRodYellow; margin: 4px; border: 1px solid khaki\"> (<a href=\"CodeSystem-education-level.html\">Education level</a>#8)</span></p></div>"
  },
  "status" : "final",
  "category" : [{
    "coding" : [{
      "system" : "http://terminology.hl7.org/CodeSystem/observation-category",
      "code" : "social-history",
      "display" : "Social history"
    }]
  }],
  "code" : {
    "coding" : [{
      "system" : "http://loinc.org",
      "code" : "82589-3"
    },
    {
      "system" : "http://snomed.info/sct",
      "code" : "105421008"
    }]
  },
  "subject" : {
    "reference" : "Patient/pat1"
  },
  "issued" : "1995-06-21T00:00:00+02:00",
  "valueCodeableConcept" : {
    "coding" : [{
      "system" : "https://fhir.ee/CodeSystem/education-level",
      "code" : "8"
    }]
  }
}