{
  "resourceType" : "Organization",
  "id" : "Org1",
  "text" : {
    "status" : "generated",
    "div" : "<div xmlns=\"http://www.w3.org/1999/xhtml\"><p><b>Generated Narrative: Organization</b><a name=\"Org1\"> </a></p><div style=\"display: inline-block; background-color: #d9e0e7; padding: 6px; margin: 4px; border: 1px solid #8da1b4; border-radius: 5px; line-height: 60%\"><p style=\"margin-bottom: 0px\">Resource Organization &quot;Org1&quot; </p></div><p><b>identifier</b>: id:\u00a014379569</p><p><b>name</b>: Kodality General Hospital</p><p><b>alias</b>: Kodality</p><h3>Contacts</h3><table class=\"grid\"><tr><td>-</td><td><b>Telecom</b></td><td><b>Address</b></td></tr><tr><td>*</td><td><a href=\"mailto:info@kodality.com\">info@kodality.com</a></td><td>Valukoja 10 Tallinn </td></tr></table></div>"
  },
  "identifier" : [{
    "system" : "https://fhir.ee/sid/org/est/br",
    "value" : "14379569"
  }],
  "name" : "Kodality General Hospital",
  "alias" : ["Kodality"],
  "contact" : [{
    "telecom" : [{
      "system" : "email",
      "value" : "info@kodality.com"
    }],
    "address" : {
      "line" : ["Valukoja 10"],
      "city" : "Tallinn"
    }
  }]
}