<?xml version="1.0" encoding="UTF-8"?>

<Patient xmlns="http://hl7.org/fhir">
  <id value="pat-newborn"/>
  <meta>
    <profile value="https://fhir.ee/StructureDefinition/ee-mpi-patient-newborn"/>
  </meta>
  <text>
    <status value="generated"/><div xmlns="http://www.w3.org/1999/xhtml"><p style="border: 1px #661aff solid; background-color: #e6e6ff; padding: 10px;"><b>Maasikas (TEMP)</b> male, DoB: 2007-12-12 ( id: 50712121111)</p><hr/><table class="grid"><tr><td style="background-color: #f3f5da" title="Record is active">Active:</td><td>true</td><td style="background-color: #f3f5da" title="Known multipleBirth status of Patient">Multiple Birth:</td><td colspan="3">1</td></tr></table></div>
  </text>
  <identifier>
    <system value="https://fhir.ee/sid/pid/est/ni"/>
    <value value="50712121111"/>
  </identifier>
  <active value="true"/>
  <name>
    <use value="temp"/>
    <family value="Maasikas"/>
  </name>
  <gender value="male"/>
  <birthDate value="2007-12-12"/>
  <multipleBirthInteger value="1"/>
</Patient>