{
  "resourceType" : "Patient",
  "id" : "pat1",
  "meta" : {
    "profile" : ["https://fhir.ee/StructureDefinition/ee-mpi-patient-verified"]
  },
  "text" : {
    "status" : "generated",
    "div" : "<div xmlns=\"http://www.w3.org/1999/xhtml\"><p style=\"border: 1px #661aff solid; background-color: #e6e6ff; padding: 10px;\"><b>Igor Bossenko (OFFICIAL)</b> male, DoB: 1973-02-10 ( id:\u00a037302102711)</p><hr/><table class=\"grid\"><tr><td style=\"background-color: #f3f5da\" title=\"Record is active\">Active:</td><td colspan=\"3\">true</td></tr><tr><td style=\"background-color: #f3f5da\" title=\"Other Ids (see the one above)\">Other Ids:</td><td colspan=\"3\"><ul><li>id:\u00a031002736540023</li><li>id:\u00a0K0307337\u00a0(period:\u00a0(?) --&gt; 2023-12-28)</li><li>id:\u00a082746127612</li><li>id:\u00a0123e4567-e89b-12d3-a456-426614174000</li></ul></td></tr><tr><td style=\"background-color: #f3f5da\" title=\"Ways to contact the Patient\">Contact Detail:</td><td colspan=\"3\">Valukoja 10, Tallinn(WORK)</td></tr></table></div>"
  },
  "identifier" : [{
    "system" : "https://fhir.ee/sid/pid/est/ni",
    "value" : "37302102711"
  },
  {
    "system" : "https://fhir.ee/sid/pid/uzb/ni",
    "value" : "31002736540023"
  },
  {
    "system" : "https://fhir.ee/sid/pid/est/ppn",
    "value" : "K0307337",
    "period" : {
      "end" : "2023-12-28"
    },
    "assigner" : {
      "display" : "Estonian Police and Board Agency"
    }
  },
  {
    "system" : "https://fhir.ee/sid/pid/est/mr",
    "value" : "82746127612"
  },
  {
    "system" : "https://fhir.ee/sid/pid/est/prn/90006399",
    "value" : "123e4567-e89b-12d3-a456-426614174000"
  }],
  "active" : true,
  "name" : [{
    "use" : "official",
    "family" : "Bossenko",
    "given" : ["Igor"]
  }],
  "gender" : "male",
  "birthDate" : "1973-02-10",
  "address" : [{
    "extension" : [{
      "url" : "https://fhir.ee/StructureDefinition/ee-ads",
      "valueCoding" : {
        "system" : "https://fhir.ee/CodeSystem/ee-ads",
        "code" : "2280361"
      }
    }],
    "use" : "work",
    "text" : "Valukoja 10, Tallinn",
    "postalCode" : "14215",
    "country" : "EE"
  }]
}