<?xml version="1.0" encoding="UTF-8"?>

<RelatedPerson xmlns="http://hl7.org/fhir">
  <id value="relpat12"/>
  <meta>
    <profile value="https://fhir.ee/StructureDefinition/ee-mpi-related-person"/>
  </meta>
  <text>
    <status value="generated"/><div xmlns="http://www.w3.org/1999/xhtml"><p><b>Generated Narrative: RelatedPerson</b><a name="relpat12"> </a></p><div style="display: inline-block; background-color: #d9e0e7; padding: 6px; margin: 4px; border: 1px solid #8da1b4; border-radius: 5px; line-height: 60%"><p style="margin-bottom: 0px">Resource RelatedPerson &quot;relpat12&quot; </p><p style="margin-bottom: 0px">Profile: <a href="StructureDefinition-ee-mpi-related-person.html">EE MPI Related Person</a></p></div><p><b>active</b>: true</p><p><b>patient</b>: <a href="Patient-pat1.html">Patient/pat1</a> &quot; BOSSENKO&quot;</p><p><b>relationship</b>: Spouse <span style="background: LightGoldenRodYellow; margin: 4px; border: 1px solid khaki"> (<a href="https://browser.ihtsdotools.org/">SNOMED CT</a>#127848009)</span>, Emergency Contact <span style="background: LightGoldenRodYellow; margin: 4px; border: 1px solid khaki"> (<a href="http://terminology.hl7.org/5.0.0/CodeSystem-v3-RoleClass.html">RoleClass</a>#ECON)</span></p><p><b>name</b>: Wife of Igor</p><p><b>period</b>: 1995-06-22 --&gt; (ongoing)</p></div>
  </text>
  <active value="true"/>
  <patient>
    <reference value="Patient/pat1"/>
  </patient>
  <relationship>
    <coding>
      <system value="http://snomed.info/sct"/>
      <code value="127848009"/>
      <display value="Spouse"/>
    </coding>
  </relationship>
  <relationship>
    <coding>
      <system value="http://terminology.hl7.org/CodeSystem/v3-RoleClass"/>
      <code value="ECON"/>
      <display value="Emergency Contact"/>
    </coding>
  </relationship>
  <name>
    <text value="Wife of Igor"/>
  </name>
  <period>
    <start value="1995-06-22"/>
  </period>
</RelatedPerson>