{
  "package": "hl7.fhir.ee.mpi",
  "version": "1.0.0",
  "fhirVersion": "5.0.0",
  "jurisdiction": "EE",
  "extensions": [],
  "profiles": {
    "Patient": [
      {
        "url": "https://fhir.ee/StructureDefinition/ee-mpi-patient",
        "title": "EE MPI Patient"
      },
      {
        "url": "https://fhir.ee/StructureDefinition/ee-mpi-patient-newborn",
        "title": "EE MPI Patient Newborn"
      },
      {
        "url": "https://fhir.ee/StructureDefinition/ee-mpi-patient-stillborn",
        "title": "EE MPI Patient Stillborn"
      },
      {
        "url": "https://fhir.ee/StructureDefinition/ee-mpi-patient-unknown",
        "title": "EE MPI Patient Unknown"
      },
      {
        "url": "https://fhir.ee/StructureDefinition/ee-mpi-patient-verified",
        "title": "EE MPI Patient Verified"
      }
    ],
    "RelatedPerson": [
      {
        "url": "https://fhir.ee/StructureDefinition/ee-mpi-related-person",
        "title": "EE MPI Related Person"
      }
    ],
    "Observation": [
      {
        "url": "https://fhir.ee/StructureDefinition/ee-mpi-socialhistory-disability",
        "title": "EE MPI SocialHistory Disability"
      },
      {
        "url": "https://fhir.ee/StructureDefinition/ee-mpi-socialhistory-education-level",
        "title": "EE MPI SocialHistory Education Level"
      },
      {
        "url": "https://fhir.ee/StructureDefinition/ee-mpi-socialhistory-legal-guardian-status",
        "title": "EE MPI SocialHistory Legal Guardian Status"
      },
      {
        "url": "https://fhir.ee/StructureDefinition/ee-mpi-socialhistory-legal-status",
        "title": "EE MPI SocialHistory Legal Status"
      },
      {
        "url": "https://fhir.ee/StructureDefinition/ee-mpi-socialhistory-marital-status",
        "title": "EE MPI SocialHistory Marital Status"
      },
      {
        "url": "https://fhir.ee/StructureDefinition/ee-mpi-socialhistory-occupation",
        "title": "EE MPI SocialHistory Occupation"
      },
      {
        "url": "https://fhir.ee/StructureDefinition/ee-mpi-socialhistory-power-of-attorney",
        "title": "EE MPI SocialHistory Power Of Attorney"
      }
    ]
  },
  "usage": {
    "http://hl7.org/fhir/StructureDefinition/elementdefinition-bestpractice": [
      "StructureDefinition.snapshot.element.constraint"
    ],
    "http://hl7.org/fhir/StructureDefinition/elementdefinition-bestpractice-explanation": [
      "StructureDefinition.snapshot.element.constraint"
    ],
    "http://hl7.org/fhir/StructureDefinition/elementdefinition-bindingName": [
      "StructureDefinition.snapshot.element.binding"
    ],
    "http://hl7.org/fhir/StructureDefinition/elementdefinition-isCommonBinding": [
      "StructureDefinition.snapshot.element.binding"
    ],
    "http://hl7.org/fhir/StructureDefinition/elementdefinition-translatable": [
      "StructureDefinition.snapshot.element"
    ],
    "http://hl7.org/fhir/StructureDefinition/patient-birthTime": [
      "Patient.birthDate"
    ],
    "http://hl7.org/fhir/StructureDefinition/regex": [
      "StructureDefinition.snapshot.element.type"
    ],
    "http://hl7.org/fhir/StructureDefinition/structuredefinition-display-hint": [
      "StructureDefinition.snapshot.element"
    ],
    "http://hl7.org/fhir/StructureDefinition/structuredefinition-explicit-type-name": [
      "StructureDefinition.snapshot.element"
    ],
    "http://hl7.org/fhir/StructureDefinition/structuredefinition-fhir-type": [
      "StructureDefinition.snapshot.element.type"
    ],
    "http://hl7.org/fhir/StructureDefinition/structuredefinition-fmm": [
      "OperationDefinition"
    ],
    "http://hl7.org/fhir/StructureDefinition/structuredefinition-hierarchy": [
      "StructureDefinition.snapshot.element.type"
    ],
    "http://hl7.org/fhir/StructureDefinition/structuredefinition-standards-status": [
      "OperationDefinition",
      "StructureDefinition.snapshot.element"
    ],
    "http://hl7.org/fhir/tools/StructureDefinition/binding-definition": [
      "StructureDefinition.snapshot.element.binding"
    ],
    "http://hl7.org/fhir/tools/StructureDefinition/ig-internal-dependency": [
      "ImplementationGuide.definition"
    ],
    "http://hl7.org/fhir/tools/StructureDefinition/ig-parameter": [
      "ImplementationGuide.definition"
    ],
    "http://hl7.org/fhir/tools/StructureDefinition/implementationguide-dependency-comment": [
      "ImplementationGuide.dependsOn"
    ],
    "http://hl7.org/fhir/tools/StructureDefinition/no-binding": [
      "StructureDefinition.snapshot.element"
    ],
    "http://hl7.org/fhir/tools/StructureDefinition/resource-information": [
      "ImplementationGuide.definition.resource"
    ],
    "https://fhir.ee/StructureDefinition/ee-ads": [
      "Patient.address"
    ],
    "https://fhir.ee/StructureDefinition/ee-date-accuracy-indicator": [
      "Patient.birthDate",
      "Patient.deceased[x]"
    ],
    "https://fhir.ee/StructureDefinition/ee-patient-age": [
      "Patient.birthDate"
    ]
  }
}