{"resourceType":"CodeSystem","id":"ee-mode-of-arrival","text":{"status":"generated","div":"<div xmlns=\"http://www.w3.org/1999/xhtml\"><p>This code system <code>https://fhir.ee/CodeSystem/ee-mode-of-arrival</code> defines the following code:</p><table class=\"codes\"><tr><td style=\"white-space:nowrap\"><b>Code</b></td><td><b>Display</b></td><td><b>Definition</b></td></tr><tr><td style=\"white-space:nowrap\">PV<a name=\"ee-mode-of-arrival-PV\"> </a></td><td>Police Vehicle</td><td>Police Vehicle</td></tr></table></div>"},"url":"https://fhir.ee/CodeSystem/ee-mode-of-arrival","version":"0.9.0","name":"EEBaseModeOfArrival","title":"Mode Of Arrival","status":"draft","experimental":false,"date":"2023-05-12T10:59:05+00:00","publisher":"HL7 Estonia","contact":[{"name":"HL7 Estonia","telecom":[{"system":"url","value":"https://www.hl7.ee"}]}],"description":"The content of this code system is intended to supplement HL7's code system arrivalMode (version 2.1.0) with one additional code ('PV') for using in ValueSets","jurisdiction":[{"coding":[{"system":"urn:iso:std:iso:3166","code":"EE","display":"Estonia"}]}],"purpose":"Underlying Master Code System for V2 table 0430 (Mode of Arrival Code)","caseSensitive":false,"content":"complete","count":1,"concept":[{"code":"PV","display":"Police Vehicle","definition":"Police Vehicle"}]}