{"resourceType":"NamingSystem","id":"ads","text":{"status":"generated","div":"<div xmlns=\"http://www.w3.org/1999/xhtml\"><h3>Summary</h3><table class=\"grid\"><tr><td>Defining URL</td><td>https://fhir.ee/NamingSystem/ads</td></tr><tr><td>Version</td><td>0.9.0</td></tr><tr><td>Name</td><td>ADS</td></tr><tr><td>Title</td><td>Estonian Address Data System</td></tr><tr><td>Status</td><td>draft</td></tr><tr><td>Definition</td><td><div><p>The national identifier of Estonian address data. ADS.</p>\n</div></td></tr><tr><td>Publisher</td><td>HL7 Estonia</td></tr></table><h3>Identifiers</h3><table class=\"grid\"><tr><td><b>Type</b></td><td><b>Value</b></td><td><b>Preferred</b></td></tr><tr><td>URI</td><td>https://fhir.ee/sid/ads</td><td>true</td></tr></table></div>"},"url":"https://fhir.ee/NamingSystem/ads","version":"0.9.0","name":"ADS","title":"Estonian Address Data System","status":"draft","kind":"identifier","date":"2022-11-05T11:45:29.0437162+00:00","publisher":"HL7 Estonia","contact":[{"name":"HL7 Estonia","telecom":[{"system":"url","value":"https://www.hl7.ee"}]}],"description":"The national identifier of Estonian address data. ADS.","jurisdiction":[{"coding":[{"system":"urn:iso:std:iso:3166","code":"EE","display":"Estonia"}]}],"usage":"ADS extension is used in resources which include the address element.","uniqueId":[{"type":"uri","value":"https://fhir.ee/sid/ads","preferred":true}]}