{"resourceType":"NamingSystem","id":"org-est-fi","text":{"status":"generated","div":"<div xmlns=\"http://www.w3.org/1999/xhtml\"><h3>Summary</h3><table class=\"grid\"><tr><td>Defining URL</td><td>https://fhir.ee/NamingSystem/org-est-fi</td></tr><tr><td>Version</td><td>0.9.0</td></tr><tr><td>Name</td><td>MedreOrganizationLicense</td></tr><tr><td>Title</td><td>Estonian Health Facility ID</td></tr><tr><td>Status</td><td>draft</td></tr><tr><td>Definition</td><td><div><p>The license number of Estonian health care facilities registered at The National Institute for Health Development.</p>\n</div></td></tr><tr><td>Publisher</td><td>HL7 Estonia</td></tr></table><h3>Identifiers</h3><table class=\"grid\"><tr><td><b>Type</b></td><td><b>Value</b></td><td><b>Preferred</b></td></tr><tr><td>URI</td><td>https://fhir.ee/sid/org/est/fi</td><td>true</td></tr></table></div>"},"url":"https://fhir.ee/NamingSystem/org-est-fi","version":"0.9.0","name":"MedreOrganizationLicense","title":"Estonian Health Facility ID","status":"draft","kind":"identifier","date":"2022-11-14T18:39:08.4689312+00:00","publisher":"HL7 Estonia","contact":[{"name":"HL7 Estonia","telecom":[{"system":"url","value":"https://www.hl7.ee"}]}],"type":{"coding":[{"system":"http://terminology.hl7.org/CodeSystem/v2-0203","code":"FI"}]},"description":"The license number of Estonian health care facilities registered at The National Institute for Health Development.","jurisdiction":[{"coding":[{"system":"urn:iso:std:iso:3166","code":"EE","display":"Estonia"}]}],"usage":"Used in resources defining the identifier for a facility or business.","uniqueId":[{"type":"uri","value":"https://fhir.ee/sid/org/est/fi","preferred":true}]}