{"resourceType":"ValueSet","id":"ee-mode-of-arrival","text":{"status":"generated","div":"<div xmlns=\"http://www.w3.org/1999/xhtml\"><p>This value set includes codes based on the following rules:</p><ul><li>Import all the codes that are contained in <a href=\"http://terminology.hl7.org/5.0.0/ValueSet-v2-0430.html\">hl7VS-modeOfArrivalCode</a></li><li>Include all codes defined in <a href=\"CodeSystem-ee-mode-of-arrival.html\"><code>https://fhir.ee/CodeSystem/ee-mode-of-arrival</code></a></li></ul></div>"},"url":"https://fhir.ee/ValueSet/ee-mode-of-arrival","version":"0.9.0","name":"EEBaseModeOfArrival","title":"Mode Of Arrival","status":"active","experimental":false,"date":"2023-05-12T10:59:05+00:00","publisher":"HL7 Estonia","contact":[{"name":"HL7 Estonia","telecom":[{"system":"url","value":"https://www.hl7.ee"}]}],"description":"Mode Of Arrival","jurisdiction":[{"coding":[{"system":"urn:iso:std:iso:3166","code":"EE","display":"Estonia"}]}],"copyright":"This value set includes content from HL7 Terminology, which is copyright © 2002+ HL7","compose":{"include":[{"valueSet":["http://terminology.hl7.org/ValueSet/v2-0430"]},{"system":"https://fhir.ee/CodeSystem/ee-mode-of-arrival"}]}}