{"resourceType":"ValueSet","id":"ee-clinical-specialty","text":{"status":"generated","div":"<div xmlns=\"http://www.w3.org/1999/xhtml\"><ul><li>Include codes from <a href=\"http://www.snomed.org/\"><code>http://snomed.info/sct</code></a> where concept  descends from  394658006 (Clinical specialties)</li></ul></div>"},"url":"https://fhir.ee/ValueSet/ee-clinical-specialty","version":"0.9.0","name":"EEBaseClinicalSpecialty","title":"Clinical specialty","status":"active","experimental":true,"date":"2023-05-12T10:59:05+00:00","publisher":"HL7 Estonia","contact":[{"name":"HL7 Estonia","telecom":[{"system":"url","value":"https://www.hl7.ee"}]}],"description":"Clinical specialty (aka 'tegevusvaldkond' in Estonian)","jurisdiction":[{"coding":[{"system":"urn:iso:std:iso:3166","code":"EE","display":"Estonia"}]}],"copyright":"This value set includes content from SNOMED CT, which is copyright © 2002+ International Health Terminology Standards Development Organisation (IHTSDO), and distributed by agreement between IHTSDO and HL7. Implementer use of SNOMED CT is not covered by this agreement","compose":{"include":[{"system":"http://snomed.info/sct","filter":[{"property":"concept","op":"descendent-of","value":"394658006"}]}]}}