<?xml version="1.0" encoding="UTF-8"?>

<Observation xmlns="http://hl7.org/fhir">
  <id value="PowerOfAttorney"/>
  <meta>
    <profile value="https://fhir.ee/StructureDefinition/ee-mpi-socialhistory-power-of-attorney"/>
  </meta>
  <text>
    <status value="generated"/><div xmlns="http://www.w3.org/1999/xhtml"><p><b>Generated Narrative: Observation</b><a name="PowerOfAttorney"> </a></p><div style="display: inline-block; background-color: #d9e0e7; padding: 6px; margin: 4px; border: 1px solid #8da1b4; border-radius: 5px; line-height: 60%"><p style="margin-bottom: 0px">Resource Observation &quot;PowerOfAttorney&quot; </p><p style="margin-bottom: 0px">Profile: <a href="StructureDefinition-ee-mpi-socialhistory-power-of-attorney.html">EE MPI SocialHistory Power Of Attorney</a></p></div><p><b>status</b>: final</p><p><b>code</b>: Power of attorney observable <span style="background: LightGoldenRodYellow; margin: 4px; border: 1px solid khaki"> (<a href="https://browser.ihtsdotools.org/">SNOMED CT</a>#186063005)</span></p><p><b>subject</b>: <a href="Patient-pat1.html">Patient/pat1</a> &quot; BOSSENKO&quot;</p><p><b>effective</b>: 2021-11-23 --&gt; (ongoing)</p><p><b>performer</b>: <a href="RelatedPerson-relpat12.html">RelatedPerson/relpat12</a> &quot;&quot;</p><p><b>value</b>: Täielik isikuhooldusõigus <span style="background: LightGoldenRodYellow; margin: 4px; border: 1px solid khaki"> (<a href="CodeSystem-power-of-attorney.html">PowerOfAttorney Status</a>#H10)</span></p></div>
  </text>
  <status value="final"/>
  <code>
    <coding>
      <system value="http://snomed.info/sct"/>
      <code value="186063005"/>
      <display value="Power of attorney observable"/>
    </coding>
  </code>
  <subject>
    <reference value="Patient/pat1"/>
  </subject>
  <effectivePeriod>
    <start value="2021-11-23"/>
  </effectivePeriod>
  <performer>
    <reference value="RelatedPerson/relpat12"/>
  </performer>
  <valueCodeableConcept>
    <coding>
      <system value="https://fhir.ee/CodeSystem/power-of-attorney"/>
      <code value="H10"/>
      <display value="Täielik isikuhooldusõigus"/>
    </coding>
  </valueCodeableConcept>
</Observation>