{
  "resourceType" : "Organization",
  "id" : "ehif",
  "meta" : {
    "profile" : ["https://fhir.ee/StructureDefinition/ee-organization"]
  },
  "text" : {
    "status" : "generated",
    "div" : "<div xmlns=\"http://www.w3.org/1999/xhtml\"><p><b>Generated Narrative: Organization</b><a name=\"ehif\"> </a></p><div style=\"display: inline-block; background-color: #d9e0e7; padding: 6px; margin: 4px; border: 1px solid #8da1b4; border-radius: 5px; line-height: 60%\"><p style=\"margin-bottom: 0px\">Resource Organization &quot;ehif&quot; </p><p style=\"margin-bottom: 0px\">Profile: <a href=\"StructureDefinition-ee-organization.html\">EEBase Organization</a></p></div><p><b>identifier</b>: id:\u00a074000091</p><p><b>active</b>: true</p><p><b>name</b>: Eesti Tervisekassa</p><p><b>alias</b>: EHIF</p><h3>Contacts</h3><table class=\"grid\"><tr><td>-</td><td><b>Telecom</b></td><td><b>Address</b></td></tr><tr><td>*</td><td><a href=\"mailto:info@tervisekassa.ee\">info@tervisekassa.ee</a></td><td>Lastekodu 88 Tallinn EE (WORK)</td></tr></table></div>"
  },
  "identifier" : [{
    "system" : "https://fhir.ee/sid/org/est/br",
    "value" : "74000091"
  }],
  "active" : true,
  "name" : "Eesti Tervisekassa",
  "alias" : ["EHIF"],
  "contact" : [{
    "telecom" : [{
      "system" : "email",
      "value" : "info@tervisekassa.ee"
    }],
    "address" : {
      "use" : "work",
      "line" : ["Lastekodu 88"],
      "city" : "Tallinn",
      "country" : "EE"
    }
  }]
}