{
  "resourceType" : "Organization",
  "id" : "rh",
  "meta" : {
    "profile" : ["https://fhir.ee/StructureDefinition/ee-organization"]
  },
  "text" : {
    "status" : "generated",
    "div" : "<div xmlns=\"http://www.w3.org/1999/xhtml\"><p><b>Generated Narrative: Organization</b><a name=\"rh\"> </a></p><div style=\"display: inline-block; background-color: #d9e0e7; padding: 6px; margin: 4px; border: 1px solid #8da1b4; border-radius: 5px; line-height: 60%\"><p style=\"margin-bottom: 0px\">Resource Organization &quot;rh&quot; </p><p style=\"margin-bottom: 0px\">Profile: <a href=\"StructureDefinition-ee-organization.html\">EEBase Organization</a></p></div><p><b>identifier</b>: id:\u00a010856624</p><p><b>active</b>: true</p><p><b>name</b>: Rakvere Haigla</p><p><b>alias</b>: RH</p><h3>Contacts</h3><table class=\"grid\"><tr><td>-</td><td><b>Telecom</b></td><td><b>Address</b></td></tr><tr><td>*</td><td><a href=\"mailto:info@rh.ee\">info@rh.ee</a></td><td>Lõuna põik 1 Rakvere Lääne-Viru EE (WORK)</td></tr></table></div>"
  },
  "identifier" : [{
    "system" : "https://fhir.ee/sid/org/est/br",
    "value" : "10856624"
  }],
  "active" : true,
  "name" : "Rakvere Haigla",
  "alias" : ["RH"],
  "contact" : [{
    "telecom" : [{
      "system" : "email",
      "value" : "info@rh.ee"
    }],
    "address" : {
      "use" : "work",
      "line" : ["Lõuna põik 1"],
      "city" : "Rakvere",
      "state" : "Lääne-Viru",
      "country" : "EE"
    }
  }]
}