{
  "resourceType" : "ValueSet",
  "id" : "ee-observation-category",
  "text" : {
    "status" : "generated",
    "div" : "<div xmlns=\"http://www.w3.org/1999/xhtml\"><ul><li>Include all codes defined in <a href=\"http://terminology.hl7.org/5.0.0/CodeSystem-observation-category.html\"><code>http://terminology.hl7.org/CodeSystem/observation-category</code></a></li></ul></div>"
  },
  "url" : "https://fhir.ee/ValueSet/ee-observation-category",
  "version" : "1.0.0",
  "name" : "EEBaseObservationCategory",
  "title" : "Observation Category",
  "status" : "active",
  "experimental" : true,
  "date" : "2023-05-29T20:07:00+03:00",
  "publisher" : "HL7 Estonia",
  "contact" : [{
    "name" : "HL7 Estonia",
    "telecom" : [{
      "system" : "url",
      "value" : "https://www.hl7.ee"
    }]
  }],
  "description" : "Observation category",
  "jurisdiction" : [{
    "coding" : [{
      "system" : "urn:iso:std:iso:3166",
      "code" : "EE",
      "display" : "Estonia"
    }]
  }],
  "compose" : {
    "include" : [{
      "system" : "http://terminology.hl7.org/CodeSystem/observation-category"
    }]
  }
}