{
  "resourceType" : "ValueSet",
  "id" : "ee-practitioner-identity",
  "text" : {
    "status" : "extensions",
    "div" : "<div xmlns=\"http://www.w3.org/1999/xhtml\"><ul><li>Include these codes as defined in <a href=\"CodeSystem-ee-identity-system.html\"><code>https://fhir.ee/CodeSystem/ee-identity-system</code></a><table class=\"none\"><tr><td style=\"white-space:nowrap\"><b>Code</b></td><td><b>Display</b></td><td><b>Definition</b></td></tr><tr><td><a href=\"CodeSystem-ee-identity-system.html#ee-identity-system-https.58.47.47fhir.46ee.47sid.47pid.47est.47ni\">https://fhir.ee/sid/pid/est/ni</a></td><td>Estonian personal national identification code</td><td>Eesti isikukood</td></tr><tr><td><a href=\"CodeSystem-ee-identity-system.html#ee-identity-system-https.58.47.47fhir.46ee.47sid.47pro.47est.47pho\">https://fhir.ee/sid/pro/est/pho</a></td><td>Healthcare professional official ID provided by The National Institute for Health Development</td><td>Tervishoiutöötaja TAM kood</td></tr></table></li></ul></div>"
  },
  "url" : "https://fhir.ee/ValueSet/ee-practitioner-identity",
  "version" : "1.0.0",
  "name" : "EEBasePractitionerIdentity",
  "title" : "Practitioner Identity System",
  "status" : "active",
  "experimental" : false,
  "date" : "2023-05-29T20:07:00+03:00",
  "publisher" : "HL7 Estonia",
  "contact" : [{
    "name" : "HL7 Estonia",
    "telecom" : [{
      "system" : "url",
      "value" : "https://www.hl7.ee"
    }]
  }],
  "description" : "Identity systems acceptable for practitioner identification",
  "jurisdiction" : [{
    "coding" : [{
      "system" : "urn:iso:std:iso:3166",
      "code" : "EE",
      "display" : "Estonia"
    }]
  }],
  "compose" : {
    "include" : [{
      "system" : "https://fhir.ee/CodeSystem/ee-identity-system",
      "concept" : [{
        "code" : "https://fhir.ee/sid/pid/est/ni"
      },
      {
        "code" : "https://fhir.ee/sid/pro/est/pho"
      }]
    }]
  }
}