{
  "resourceType" : "ValueSet",
  "id" : "ee-act-priority",
  "text" : {
    "status" : "generated",
    "div" : "<div xmlns=\"http://www.w3.org/1999/xhtml\"><ul><li>Import all the codes that are contained in <a href=\"http://terminology.hl7.org/5.0.0/ValueSet-v3-ActPriority.html\">ActPriority</a></li></ul></div>"
  },
  "url" : "https://fhir.ee/ValueSet/ee-act-priority",
  "version" : "1.0.0",
  "name" : "EEBaseActPriority",
  "title" : "Act Priority",
  "status" : "active",
  "experimental" : false,
  "date" : "2023-05-29T20:07:00+03:00",
  "publisher" : "HL7 Estonia",
  "contact" : [{
    "name" : "HL7 Estonia",
    "telecom" : [{
      "system" : "url",
      "value" : "https://www.hl7.ee"
    }]
  }],
  "description" : "Act Priority",
  "jurisdiction" : [{
    "coding" : [{
      "system" : "urn:iso:std:iso:3166",
      "code" : "EE",
      "display" : "Estonia"
    }]
  }],
  "compose" : {
    "include" : [{
      "valueSet" : ["http://terminology.hl7.org/ValueSet/v3-ActPriority"]
    }]
  }
}