[
  {
    "id" : "ee.fhir.mpi",
    "type" : "ImplementationGuide",
    "url" : "https://fhir.ee/mpi/ImplementationGuide/ee.fhir.mpi",
    "version" : "1.1.1",
    "name" : "EEMPI"
  },
  {
    "id" : "patient-disability",
    "type" : "OperationDefinition",
    "url" : "https://fhir.ee/mpi/OperationDefinition/patient-disability",
    "version" : "1.1.1",
    "name" : "EEMPIPatientDisability"
  },
  {
    "id" : "patient-education",
    "type" : "OperationDefinition",
    "url" : "https://fhir.ee/mpi/OperationDefinition/patient-education",
    "version" : "1.1.1",
    "name" : "EEMPIPatientEducationStatus"
  },
  {
    "id" : "patient-foreign",
    "type" : "OperationDefinition",
    "url" : "https://fhir.ee/mpi/OperationDefinition/patient-foreign",
    "version" : "1.1.1",
    "name" : "EEMPIPatientForeignSearch"
  },
  {
    "id" : "patient-generate-mrn",
    "type" : "OperationDefinition",
    "url" : "https://fhir.ee/mpi/OperationDefinition/patient-generate-mrn",
    "version" : "1.1.1",
    "name" : "EEMPIPatientGenerateMRN"
  },
  {
    "id" : "patient-incapacity-for-work",
    "type" : "OperationDefinition",
    "url" : "https://fhir.ee/mpi/OperationDefinition/patient-incapacity-for-work",
    "version" : "1.1.1",
    "name" : "EEMPIPatientIncapacityForWork"
  },
  {
    "id" : "patient-legal-guardian",
    "type" : "OperationDefinition",
    "url" : "https://fhir.ee/mpi/OperationDefinition/patient-legal-guardian",
    "version" : "1.1.1",
    "name" : "EEMPIPatientLegalGuardianStatus"
  },
  {
    "id" : "patient-link",
    "type" : "OperationDefinition",
    "url" : "https://fhir.ee/mpi/OperationDefinition/patient-link",
    "version" : "1.1.1",
    "name" : "EEMPIPatientLink"
  },
  {
    "id" : "patient-lookup",
    "type" : "OperationDefinition",
    "url" : "https://fhir.ee/mpi/OperationDefinition/patient-lookup",
    "version" : "1.1.1",
    "name" : "EEMPIPatientLookup"
  },
  {
    "id" : "patient-occupation",
    "type" : "OperationDefinition",
    "url" : "https://fhir.ee/mpi/OperationDefinition/patient-occupation",
    "version" : "1.1.1",
    "name" : "EEMPIPatientOccupation"
  },
  {
    "id" : "patient-power-of-attorney",
    "type" : "OperationDefinition",
    "url" : "https://fhir.ee/mpi/OperationDefinition/patient-power-of-attorney",
    "version" : "1.1.1",
    "name" : "EEMPIPatientPowerOfAttorneyStatus"
  },
  {
    "id" : "patient-unlink",
    "type" : "OperationDefinition",
    "url" : "https://fhir.ee/mpi/OperationDefinition/patient-unlink",
    "version" : "1.1.1",
    "name" : "EEMPIPatientUnlink"
  },
  {
    "id" : "ee-mpi-patient",
    "type" : "StructureDefinition",
    "url" : "https://fhir.ee/mpi/StructureDefinition/ee-mpi-patient",
    "version" : "1.1.1",
    "name" : "EEMPIPatient"
  },
  {
    "id" : "ee-mpi-patient-newborn",
    "type" : "StructureDefinition",
    "url" : "https://fhir.ee/mpi/StructureDefinition/ee-mpi-patient-newborn",
    "version" : "1.1.1",
    "name" : "EEMPIPatientNewborn"
  },
  {
    "id" : "ee-mpi-patient-stillborn",
    "type" : "StructureDefinition",
    "url" : "https://fhir.ee/mpi/StructureDefinition/ee-mpi-patient-stillborn",
    "version" : "1.1.1",
    "name" : "EEMPIPatientStillborn"
  },
  {
    "id" : "ee-mpi-patient-unknown",
    "type" : "StructureDefinition",
    "url" : "https://fhir.ee/mpi/StructureDefinition/ee-mpi-patient-unknown",
    "version" : "1.1.1",
    "name" : "EEMPIPatientUnknown"
  },
  {
    "id" : "ee-mpi-patient-verified",
    "type" : "StructureDefinition",
    "url" : "https://fhir.ee/mpi/StructureDefinition/ee-mpi-patient-verified",
    "version" : "1.1.1",
    "name" : "EEMPIPatientVerified"
  },
  {
    "id" : "ee-mpi-related-person",
    "type" : "StructureDefinition",
    "url" : "https://fhir.ee/mpi/StructureDefinition/ee-mpi-related-person",
    "version" : "1.1.1",
    "name" : "MPIRelatedPerson"
  },
  {
    "id" : "ee-mpi-socialhistory-disability",
    "type" : "StructureDefinition",
    "url" : "https://fhir.ee/mpi/StructureDefinition/ee-mpi-socialhistory-disability",
    "version" : "1.1.1",
    "name" : "EEMPISocialHistoryDisability"
  },
  {
    "id" : "ee-mpi-socialhistory-education-level",
    "type" : "StructureDefinition",
    "url" : "https://fhir.ee/mpi/StructureDefinition/ee-mpi-socialhistory-education-level",
    "version" : "1.1.1",
    "name" : "EEMPISocialHistoryEducationLevel"
  },
  {
    "id" : "ee-mpi-socialhistory-incapacity-for-work",
    "type" : "StructureDefinition",
    "url" : "https://fhir.ee/mpi/StructureDefinition/ee-mpi-socialhistory-incapacity-for-work",
    "version" : "1.1.1",
    "name" : "EEMPISocialHistoryIncapacityForWork"
  },
  {
    "id" : "ee-mpi-socialhistory-legal-guardian-status",
    "type" : "StructureDefinition",
    "url" : "https://fhir.ee/mpi/StructureDefinition/ee-mpi-socialhistory-legal-guardian-status",
    "version" : "1.1.1",
    "name" : "EEMPISocialHistoryLegalGuardianStatus"
  },
  {
    "id" : "ee-mpi-socialhistory-legal-status",
    "type" : "StructureDefinition",
    "url" : "https://fhir.ee/mpi/StructureDefinition/ee-mpi-socialhistory-legal-status",
    "version" : "1.1.1",
    "name" : "EEMPISocialHistoryLegalStatus"
  },
  {
    "id" : "ee-mpi-socialhistory-marital-status",
    "type" : "StructureDefinition",
    "url" : "https://fhir.ee/mpi/StructureDefinition/ee-mpi-socialhistory-marital-status",
    "version" : "1.1.1",
    "name" : "EEMPISocialHistoryMaritalStatus"
  },
  {
    "id" : "ee-mpi-socialhistory-occupation",
    "type" : "StructureDefinition",
    "url" : "https://fhir.ee/mpi/StructureDefinition/ee-mpi-socialhistory-occupation",
    "version" : "1.1.1",
    "name" : "EEMPISocialHistoryOccupation"
  },
  {
    "id" : "ee-mpi-socialhistory-power-of-attorney",
    "type" : "StructureDefinition",
    "url" : "https://fhir.ee/mpi/StructureDefinition/ee-mpi-socialhistory-power-of-attorney",
    "version" : "1.1.1",
    "name" : "EEMPISocialHistoryPowerOfAttorney"
  }
]
