{
  "codeSystems" : [
    {
      "url" : "http://terminology.hl7.org/CodeSystem/v3-MaritalStatus",
      "version" : "3.0.0",
      "status" : "active",
      "name" : "MaritalStatus",
      "title" : "MaritalStatus",
      "description" : "\\* \\* \\* No description supplied \\* \\* \\*\r\n\r\n*Open Issue:* The specific meanings of these codes can vary somewhat by jurisdiction and implementation so caution should be used when determining equivalency.\r\n\r\n*Open Issue:* fixing and completion of the hierarchy and proper good definitions of all the concepts is badly needed.",
      "oids" : ["2.16.840.1.113883.5.2"],
      "uses" : {
      },
      "http://hl7.org/fhir/R5/valueset-marital-status.html" : "Marital Status Codes"
    },
    {
      "url" : "http://terminology.hl7.org/CodeSystem/v3-NullFlavor",
      "version" : "3.0.0",
      "status" : "active",
      "name" : "NullFlavor",
      "title" : "NullFlavor",
      "description" : "A collection of codes specifying why a valid value is not present.",
      "oids" : ["2.16.840.1.113883.5.1008"],
      "uses" : {
      },
      "http://hl7.org/fhir/R5/valueset-marital-status.html" : "Marital Status Codes"
    },
    {
      "url" : "http://terminology.hl7.org/CodeSystem/v3-RoleClass",
      "version" : "4.0.0",
      "status" : "active",
      "name" : "RoleClass",
      "title" : "RoleClass",
      "description" : "Codes for the Role class hierarchy. The values in this hierarchy, represent a Role which is an association or relationship between two entities - the entity that plays the role and the entity that scopes the role. Roles names are derived from the name of the playing entity in that role.\r\n\r\nThe role hierarchy stems from three core concepts, or abstract domains:\r\n\r\n *  **RoleClassOntological** is an abstract domain that collects roles in which the playing entity is defined or specified by the scoping entity.\r\n *  **RoleClassPartitive** collects roles in which the playing entity is in some sense a \"part\" of the scoping entity.\r\n *  **RoleClassAssociative** collects all of the remaining forms of association between the playing entity and the scoping entity. This set of roles is further partitioned between:\r\n    \r\n     *  **RoleClassPassive** which are roles in which the playing entity is used, known, treated, handled, built, or destroyed, etc. under the auspices of the scoping entity. The playing entity is passive in these roles in that the role exists without an agreement from the playing entity.\r\n     *  **RoleClassMutualRelationship** which are relationships based on mutual behavior of the two entities. The basis of these relationship may be formal agreements or they may be *de facto* behavior. Thus, this sub-domain is further divided into:\r\n        \r\n         *  **RoleClassRelationshipFormal** in which the relationship is formally defined, frequently by a contract or agreement.\r\n         *  **Personal relationship** which inks two people in a personal relationship.\r\n\r\nThe hierarchy discussed above is represented In the current vocabulary tables as a set of abstract domains, with the exception of the \"Personal relationship\" which is a leaf concept.\r\n\r\n*OpenIssue:* Description copied from Concept Domain of same name. Must be verified.",
      "oids" : ["2.16.840.1.113883.5.110"],
      "uses" : {
      },
      "https://fhir.ee/packages/terminology/0.2.2/site/ValueSet-isiku-seos-patsiendiga.html" : "Isiku seos patsiendiga"
    },
    {
      "url" : "https://fhir.ee/CodeSystem/hooldusoiguse-liik",
      "version" : "0.2.2",
      "status" : "active",
      "name" : "HooldusoiguseLiik",
      "title" : "Hooldusõiguse liik",
      "description" : "Hooldusõiguse liik",
      "uses" : {
      },
      "https://fhir.ee/packages/terminology/0.2.2/site/ValueSet-hooldusoiguse-liik.html" : "Hooldusõiguse liik"
    },
    {
      "url" : "https://fhir.ee/CodeSystem/occupation",
      "version" : "0.2.2",
      "status" : "active",
      "name" : "EEOccupation",
      "title" : "Classification of Occupations",
      "description" : "Estonian Edition of International Standard Classification of Occupations. Based on ISCO-88",
      "uses" : {
      },
      "https://fhir.ee/packages/terminology/0.2.2/site/ValueSet-occupation.html" : "Occupation"
    },
    {
      "url" : "https://fhir.ee/CodeSystem/omandatud-korgeim-haridus",
      "version" : "0.2.2",
      "status" : "active",
      "name" : "OmandatudKorgeimHaridus",
      "title" : "Omandatud kõrgeim haridus",
      "description" : "Omandatud kõrgeim haridustase",
      "uses" : {
      },
      "https://fhir.ee/packages/terminology/0.2.2/site/ValueSet-omandatud-korgeim-haridus.html" : "Omandatud kõrgeim haridus"
    },
    {
      "url" : "https://fhir.ee/CodeSystem/puude-raskusaste",
      "version" : "0.2.2",
      "status" : "active",
      "name" : "PuudeRaskusaste",
      "title" : "Puude raskusaste",
      "description" : "Puude raskusaste",
      "uses" : {
      },
      "https://fhir.ee/packages/terminology/0.2.2/site/ValueSet-puude-raskusaste.html" : "Puude raskusaste"
    },
    {
      "url" : "https://fhir.ee/CodeSystem/teovoime-staatus",
      "version" : "0.2.2",
      "status" : "active",
      "name" : "TeovoimeStaatus",
      "title" : "Teovõime staatus",
      "description" : "The legal status that applies to the patient. The legal status indicates the basis on which the patient is staying in a healthcare organization. This can be either voluntary or involuntary, however the legal status is always determined by a judge. A patient can also receive healthcare based on a forensic status.",
      "uses" : {
      },
      "https://fhir.ee/packages/terminology/0.2.2/site/ValueSet-teovoime-staatus.html" : "Teovõime staatus"
    },
    {
      "url" : "https://fhir.ee/CodeSystem/tootamise-liik",
      "version" : "0.2.2",
      "status" : "draft",
      "name" : "TootamiseLiik",
      "title" : "Töötamise liik",
      "description" : null,
      "uses" : {
      },
      "https://fhir.ee/packages/terminology/0.2.2/site/ValueSet-tootamise-liik.html" : "Töötamise liik"
    },
    {
      "url" : "https://fhir.ee/CodeSystem/toovoime-liik",
      "version" : "0.2.2",
      "status" : "active",
      "name" : "ToovoimeLiik",
      "title" : "Töövõime liik",
      "description" : "Töövõime liik",
      "uses" : {
      },
      "https://fhir.ee/packages/terminology/0.2.2/site/ValueSet-toovoime-liik.html" : "Töövõime liik"
    }
  ]
}
