<?xml version="1.0" encoding="UTF-8"?>

<Observation xmlns="http://hl7.org/fhir">
  <id value="Disability"/>
  <meta>
    <profile value="https://fhir.ee/mpi/StructureDefinition/ee-mpi-socialhistory-disability"/>
  </meta>
  <text>
    <status value="generated"/><div xmlns="http://www.w3.org/1999/xhtml"><p class="res-header-id"><b>Generated Narrative: Observation Disability</b></p><a name="Disability"> </a><a name="hcDisability"> </a><a name="Disability-en-US"> </a><p><b>status</b>: Final</p><p><b>category</b>: <span title="Codes:{http://terminology.hl7.org/CodeSystem/observation-category social-history}">Social history</span></p><p><b>code</b>: <span title="Codes:{http://loinc.org 95377-8}">Disability type</span></p><p><b>subject</b>: <a href="Patient-pat1.html">Igor Bossenko (official) Male, DoB: 1973-02-10 ( https://fhir.ee/sid/pid/est/ni#Estonian Personal National Identification Code#37302102711)</a></p><p><b>effective</b>: 2021-11-23 --&gt; (ongoing)</p><p><b>performer</b>: <a href="Organization-Org1.html">Organization General Hospital</a></p><p><b>value</b>: <span title="Codes:{https://fhir.ee/CodeSystem/puude-raskusaste keskmine}">Keskmine puue</span></p></div>
  </text>
  <status value="final"/>
  <category>
    <coding>
      <system value="http://terminology.hl7.org/CodeSystem/observation-category"/>
      <code value="social-history"/>
      <display value="Social history"/>
    </coding>
  </category>
  <code>
    <coding>
      <system value="http://loinc.org"/>
      <code value="95377-8"/>
      <display value="Disability type"/>
    </coding>
  </code>
  <subject>
    <reference value="Patient/pat1"/>
  </subject>
  <effectivePeriod>
    <start value="2021-11-23"/>
  </effectivePeriod>
  <performer>
    <reference value="Organization/Org1"/>
  </performer>
  <valueCodeableConcept>
    <coding>
      <system value="https://fhir.ee/CodeSystem/puude-raskusaste"/>
      <code value="keskmine"/>
      <display value="Keskmine puue"/>
    </coding>
  </valueCodeableConcept>
</Observation>