<?xml version="1.0" encoding="UTF-8"?>

<Observation xmlns="http://hl7.org/fhir">
  <id value="LegalStatus"/>
  <meta>
    <profile value="https://fhir.ee/mpi/StructureDefinition/ee-mpi-socialhistory-legal-status"/>
  </meta>
  <text>
    <status value="generated"/><div xmlns="http://www.w3.org/1999/xhtml"><p class="res-header-id"><b>Generated Narrative: Observation LegalStatus</b></p><a name="LegalStatus"> </a><a name="hcLegalStatus"> </a><a name="LegalStatus-en-US"> </a><p><b>status</b>: Final</p><p><b>category</b>: <span title="Codes:{http://terminology.hl7.org/CodeSystem/observation-category social-history}">Social history</span></p><p><b>code</b>: <span title="Codes:{http://snomed.info/sct 8625004}">Legal status</span></p><p><b>subject</b>: <a href="Patient-pat1.html">Igor Bossenko (official) Male, DoB: 1973-02-10 ( https://fhir.ee/sid/pid/est/ni#Estonian Personal National Identification Code#37302102711)</a></p><p><b>effective</b>: 2021-11-23 --&gt; (ongoing)</p><p><b>performer</b>: <a href="RelatedPerson-relpat12.html">RelatedPerson Wife of Igor</a></p><p><b>value</b>: <span title="Codes:{https://fhir.ee/CodeSystem/teovoime-staatus T0}">Teovõimeline</span></p></div>
  </text>
  <status value="final"/>
  <category>
    <coding>
      <system value="http://terminology.hl7.org/CodeSystem/observation-category"/>
      <code value="social-history"/>
      <display value="Social history"/>
    </coding>
  </category>
  <code>
    <coding>
      <system value="http://snomed.info/sct"/>
      <code value="8625004"/>
      <display value="Legal status"/>
    </coding>
  </code>
  <subject>
    <reference value="Patient/pat1"/>
  </subject>
  <effectivePeriod>
    <start value="2021-11-23"/>
  </effectivePeriod>
  <performer>
    <reference value="RelatedPerson/relpat12"/>
  </performer>
  <valueCodeableConcept>
    <coding>
      <system value="https://fhir.ee/CodeSystem/teovoime-staatus"/>
      <code value="T0"/>
      <display value="Teovõimeline"/>
    </coding>
  </valueCodeableConcept>
</Observation>