<?xml version="1.0" encoding="UTF-8"?>

<Organization xmlns="http://hl7.org/fhir">
  <id value="Org1"/>
  <text>
    <status value="generated"/><div xmlns="http://www.w3.org/1999/xhtml"><p class="res-header-id"><b>Generated Narrative: Organization Org1</b></p><a name="Org1"> </a><a name="hcOrg1"> </a><a name="Org1-en-US"> </a><p><b>identifier</b>: <code>https://fhir.ee/sid/org/est/br</code>/1234567</p><p><b>name</b>: General Hospital</p><p><b>alias</b>: Hospital</p><h3>Contacts</h3><table class="grid"><tr><td style="display: none">-</td><td><b>Telecom</b></td><td><b>Address</b></td></tr><tr><td style="display: none">*</td><td><a href="mailto:info@hospital.ee">info@hospital.ee</a></td><td>Ravi 10 Tallinn </td></tr></table></div>
  </text>
  <identifier>
    <system value="https://fhir.ee/sid/org/est/br"/>
    <value value="1234567"/>
  </identifier>
  <name value="General Hospital"/>
  <alias value="Hospital"/>
  <contact>
    <telecom>
      <system value="email"/>
      <value value="info@hospital.ee"/>
    </telecom>
    <address>
      <line value="Ravi 10"/>
      <city value="Tallinn"/>
    </address>
  </contact>
</Organization>