{
  "resourceType" : "Patient",
  "id" : "pat-newborn",
  "meta" : {
    "profile" : ["https://fhir.ee/mpi/StructureDefinition/ee-mpi-patient-newborn"]
  },
  "text" : {
    "status" : "generated",
    "div" : "<div xmlns=\"http://www.w3.org/1999/xhtml\"><p class=\"res-header-id\"><b>Generated Narrative: Patient pat-newborn</b></p><a name=\"pat-newborn\"> </a><a name=\"hcpat-newborn\"> </a><a name=\"pat-newborn-en-US\"> </a><p style=\"border: 1px #661aff solid; background-color: #e6e6ff; padding: 10px;\">Maasikas (temp) Male, DoB: 2007-12-12 ( https://fhir.ee/sid/pid/est/ni#Estonian Personal National Identification Code#50712121111)</p><hr/><table class=\"grid\"><tr><td style=\"background-color: #f3f5da\" title=\"Record is active\">Active:</td><td>true</td><td style=\"background-color: #f3f5da\" title=\"Known multipleBirth status of Patient\">Multiple Birth:</td><td colspan=\"3\">1</td></tr></table></div>"
  },
  "identifier" : [{
    "system" : "https://fhir.ee/sid/pid/est/ni",
    "value" : "50712121111"
  }],
  "active" : true,
  "name" : [{
    "use" : "temp",
    "family" : "Maasikas"
  }],
  "gender" : "male",
  "birthDate" : "2007-12-12",
  "multipleBirthInteger" : 1
}