<?xml version="1.0" encoding="UTF-8"?>

<RelatedPerson xmlns="http://hl7.org/fhir">
  <id value="relpat11"/>
  <meta>
    <profile value="https://fhir.ee/mpi/StructureDefinition/ee-mpi-related-person"/>
  </meta>
  <text>
    <status value="generated"/><div xmlns="http://www.w3.org/1999/xhtml"><p class="res-header-id"><b>Generated Narrative: RelatedPerson relpat11</b></p><a name="relpat11"> </a><a name="hcrelpat11"> </a><a name="relpat11-en-US"> </a><p><b>identifier</b>: <a href="https://fhir.ee/packages/terminology/0.2.2/site/NamingSystem-pid-est-ni.html" title="The personal national identification code of Estonian citizens and residents.">Estonian Personal National Identification Code</a>/39510212711</p><p><b>active</b>: true</p><p><b>patient</b>: <a href="Patient-pat1.html">Igor Bossenko (official) Male, DoB: 1973-02-10 ( https://fhir.ee/sid/pid/est/ni#Estonian Personal National Identification Code#37302102711)</a></p><p><b>relationship</b>: <span title="Codes:{http://snomed.info/sct 67822003}">Child</span></p><p><b>name</b>: Son of Igor</p><p><b>period</b>: 1995-10-21 --&gt; (ongoing)</p></div>
  </text>
  <identifier>
    <system value="https://fhir.ee/sid/pid/est/ni"/>
    <value value="39510212711"/>
  </identifier>
  <active value="true"/>
  <patient>
    <reference value="Patient/pat1"/>
  </patient>
  <relationship>
    <coding>
      <system value="http://snomed.info/sct"/>
      <code value="67822003"/>
      <display value="Child"/>
    </coding>
  </relationship>
  <name>
    <text value="Son of Igor"/>
  </name>
  <period>
    <start value="1995-10-21"/>
  </period>
</RelatedPerson>