<?xml version="1.0" encoding="UTF-8"?><CodeSystem xmlns="http://hl7.org/fhir"><id value="ee-occupation"/><text><status value="generated"/><div xmlns="http://www.w3.org/1999/xhtml"><p>This code system <code>https://fhir.ee/CodeSystem/ee-occupation</code> provides a fragment that includes following codes:</p><table class="codes"><tr><td style="white-space:nowrap"><b>Code</b></td><td><b>Display</b></td></tr><tr><td style="white-space:nowrap">22122501<a name="ee-occupation-22122501"> </a></td><td>Pediaater</td></tr><tr><td style="white-space:nowrap">22121101<a name="ee-occupation-22121101"> </a></td><td>Allergoloog-immunoloog</td></tr><tr><td style="white-space:nowrap">22120901<a name="ee-occupation-22120901"> </a></td><td>Kardioloog</td></tr><tr><td style="white-space:nowrap">22210502<a name="ee-occupation-22210502"> </a></td><td>Õde</td></tr></table></div></text><url value="https://fhir.ee/CodeSystem/ee-occupation"/><version value="1.0.0"/><name value="EEBaseOccupation"/><title value="Classification of Occupations"/><status value="active"/><experimental value="true"/><date value="2023-05-29T20:07:00+03:00"/><publisher value="HL7 Estonia"/><contact><name value="HL7 Estonia"/><telecom><system value="url"/><value value="https://www.hl7.ee"/></telecom></contact><description value="Estonian Edition of International Standard Classification of Occupations. Based on ISCO-88"/><jurisdiction><coding><system value="urn:iso:std:iso:3166"/><code value="EE"/><display value="Estonia"/></coding></jurisdiction><caseSensitive value="false"/><content value="fragment"/><concept><code value="22122501"/><display value="Pediaater"/></concept><concept><code value="22121101"/><display value="Allergoloog-immunoloog"/></concept><concept><code value="22120901"/><display value="Kardioloog"/></concept><concept><code value="22210502"/><display value="Õde"/></concept></CodeSystem>