<?xml version="1.0" encoding="UTF-8"?><CodeSystem xmlns="http://hl7.org/fhir"><id value="ee-ads"/><text><status value="generated"/><div xmlns="http://www.w3.org/1999/xhtml"><p>This code system <code>https://fhir.ee/CodeSystem/ee-ads</code> provides a fragment that includes following code:</p><table class="codes"><tr><td style="white-space:nowrap"><b>Code</b></td><td><b>Display</b></td></tr><tr><td style="white-space:nowrap">2280361<a name="ee-ads-2280361"> </a></td><td>Harju maakond, Tallinn, Lasnamäe linnaosa, Valukoja tn 10</td></tr></table></div></text><url value="https://fhir.ee/CodeSystem/ee-ads"/><version value="1.0.0"/><name value="EEBaseADS"/><title value="ADS"/><status value="active"/><experimental value="true"/><date value="2023-05-29T20:07:00+03:00"/><publisher value="HL7 Estonia"/><contact><name value="HL7 Estonia"/><telecom><system value="url"/><value value="https://www.hl7.ee"/></telecom></contact><description value="Estonian Address Data System."/><jurisdiction><coding><system value="urn:iso:std:iso:3166"/><code value="EE"/><display value="Estonia"/></coding></jurisdiction><caseSensitive value="false"/><content value="fragment"/><concept><code value="2280361"/><display value="Harju maakond, Tallinn, Lasnamäe linnaosa, Valukoja tn 10"/></concept></CodeSystem>