<?xml version="1.0" encoding="UTF-8"?><ImplementationGuide xmlns="http://hl7.org/fhir"><id value="hl7.fhir.ee.base"/><text><status value="extensions"/><div xmlns="http://www.w3.org/1999/xhtml"><h2>EEBase</h2><p>The official URL for this implementation guide is: </p><pre>https://fhir.ee/ImplementationGuide/hl7.fhir.ee.base</pre><div><p>Eesti FHIR standardi baas juurutusjuhend</p>
</div></div></text><url value="https://fhir.ee/ImplementationGuide/hl7.fhir.ee.base"/><version value="1.0.0"/><name value="EEBase"/><title value="Estonian Base Implementation Guide"/><status value="draft"/><date value="2023-05-29T20:07:00+03:00"/><publisher value="HL7 Estonia"/><contact><name value="HL7 Estonia"/><telecom><system value="url"/><value value="https://www.hl7.ee"/></telecom></contact><description value="Eesti FHIR standardi baas juurutusjuhend"/><jurisdiction><coding><system value="urn:iso:std:iso:3166"/><code value="EE"/><display value="Estonia"/></coding></jurisdiction><packageId value="hl7.fhir.ee.base"/><license value="Apache-2.0"/><fhirVersion value="5.0.0"/><dependsOn id="hl7tx"><extension url="http://hl7.org/fhir/tools/StructureDefinition/implementationguide-dependency-comment"><valueMarkdown value="Automatically added as a dependency - all IGs depend on HL7 Terminology"/></extension><uri value="http://terminology.hl7.org/ImplementationGuide/hl7.terminology"/><packageId value="hl7.terminology.r5"/><version value="5.0.0"/></dependsOn><dependsOn id="hl7_fhir_uv_extensions"><uri value="http://hl7.org/fhir/extensions/ImplementationGuide/hl7.fhir.uv.extensions"/><packageId value="hl7.fhir.uv.extensions"/><version value="current"/></dependsOn><definition><extension url="http://hl7.org/fhir/tools/StructureDefinition/ig-parameter"><extension url="code"><valueString value="copyrightyear"/></extension><extension url="value"><valueString value="2023+"/></extension></extension><extension url="http://hl7.org/fhir/tools/StructureDefinition/ig-parameter"><extension url="code"><valueString value="releaselabel"/></extension><extension url="value"><valueString value="ballot"/></extension></extension><extension url="http://hl7.org/fhir/tools/StructureDefinition/ig-parameter"><extension url="code"><valueString value="autoload-resources"/></extension><extension url="value"><valueString value="true"/></extension></extension><extension url="http://hl7.org/fhir/tools/StructureDefinition/ig-parameter"><extension url="code"><valueString value="path-liquid"/></extension><extension url="value"><valueString value="template/liquid"/></extension></extension><extension url="http://hl7.org/fhir/tools/StructureDefinition/ig-parameter"><extension url="code"><valueString value="path-liquid"/></extension><extension url="value"><valueString value="input/liquid"/></extension></extension><extension url="http://hl7.org/fhir/tools/StructureDefinition/ig-parameter"><extension url="code"><valueString value="path-qa"/></extension><extension url="value"><valueString value="temp/qa"/></extension></extension><extension url="http://hl7.org/fhir/tools/StructureDefinition/ig-parameter"><extension url="code"><valueString value="path-temp"/></extension><extension url="value"><valueString value="temp/pages"/></extension></extension><extension url="http://hl7.org/fhir/tools/StructureDefinition/ig-parameter"><extension url="code"><valueString value="path-output"/></extension><extension url="value"><valueString value="output"/></extension></extension><extension url="http://hl7.org/fhir/tools/StructureDefinition/ig-parameter"><extension url="code"><valueString value="path-suppressed-warnings"/></extension><extension url="value"><valueString value="input/ignoreWarnings.txt"/></extension></extension><extension url="http://hl7.org/fhir/tools/StructureDefinition/ig-parameter"><extension url="code"><valueString value="path-history"/></extension><extension url="value"><valueString value="https://fhir.ee/history.html"/></extension></extension><extension url="http://hl7.org/fhir/tools/StructureDefinition/ig-parameter"><extension url="code"><valueString value="template-html"/></extension><extension url="value"><valueString value="template-page.html"/></extension></extension><extension url="http://hl7.org/fhir/tools/StructureDefinition/ig-parameter"><extension url="code"><valueString value="template-md"/></extension><extension url="value"><valueString value="template-page-md.html"/></extension></extension><extension url="http://hl7.org/fhir/tools/StructureDefinition/ig-parameter"><extension url="code"><valueString value="apply-contact"/></extension><extension url="value"><valueString value="true"/></extension></extension><extension url="http://hl7.org/fhir/tools/StructureDefinition/ig-parameter"><extension url="code"><valueString value="apply-context"/></extension><extension url="value"><valueString value="true"/></extension></extension><extension url="http://hl7.org/fhir/tools/StructureDefinition/ig-parameter"><extension url="code"><valueString value="apply-copyright"/></extension><extension url="value"><valueString value="true"/></extension></extension><extension url="http://hl7.org/fhir/tools/StructureDefinition/ig-parameter"><extension url="code"><valueString value="apply-jurisdiction"/></extension><extension url="value"><valueString value="true"/></extension></extension><extension url="http://hl7.org/fhir/tools/StructureDefinition/ig-parameter"><extension url="code"><valueString value="apply-license"/></extension><extension url="value"><valueString value="true"/></extension></extension><extension url="http://hl7.org/fhir/tools/StructureDefinition/ig-parameter"><extension url="code"><valueString value="apply-publisher"/></extension><extension url="value"><valueString value="true"/></extension></extension><extension url="http://hl7.org/fhir/tools/StructureDefinition/ig-parameter"><extension url="code"><valueString value="apply-version"/></extension><extension url="value"><valueString value="true"/></extension></extension><extension url="http://hl7.org/fhir/tools/StructureDefinition/ig-parameter"><extension url="code"><valueString value="active-tables"/></extension><extension url="value"><valueString value="true"/></extension></extension><extension url="http://hl7.org/fhir/tools/StructureDefinition/ig-parameter"><extension url="code"><valueString value="fmm-definition"/></extension><extension url="value"><valueString value="http://hl7.org/fhir/versions.html#maturity"/></extension></extension><extension url="http://hl7.org/fhir/tools/StructureDefinition/ig-parameter"><extension url="code"><valueString value="propagate-status"/></extension><extension url="value"><valueString value="true"/></extension></extension><extension url="http://hl7.org/fhir/tools/StructureDefinition/ig-parameter"><extension url="code"><valueString value="excludelogbinaryformat"/></extension><extension url="value"><valueString value="true"/></extension></extension><extension url="http://hl7.org/fhir/tools/StructureDefinition/ig-parameter"><extension url="code"><valueString value="tabbed-snapshots"/></extension><extension url="value"><valueString value="true"/></extension></extension><extension url="http://hl7.org/fhir/tools/StructureDefinition/ig-internal-dependency"><valueCode value="hl7.fhir.uv.tools#current"/></extension><grouping id="-str-profile"><name value="Structures: Resource Profiles"/><description value="These define constraints on FHIR resources for systems conforming to this implementation guide."/></grouping><grouping id="-str-datatype"><name value="Structures: Data Type Profiles"/><description value="These define constraints on FHIR data types for systems conforming to this implementation guide."/></grouping><grouping id="-str-extension"><name value="Structures: Extension Definitions"/><description value="These define constraints on FHIR data types for systems conforming to this implementation guide."/></grouping><grouping id="-term-valueset"><name value="Terminology: Value Sets"/><description value="These define sets of codes used by systems conforming to this implementation guide."/></grouping><grouping id="-term-codesystem"><name value="Terminology: Code Systems"/><description value="These define new code systems used by systems conforming to this implementation guide."/></grouping><grouping id="-term-namingsystem"><name value="Terminology: Naming Systems"/><description value="These define identifier and/or code system identities used by systems conforming to this implementation guide."/></grouping><grouping id="-ex-example"><name value="Example: Example Instances"/><description value="These are example instances that show what data produced and consumed by systems conforming with this implementation guide might look like."/></grouping><resource><extension url="http://hl7.org/fhir/StructureDefinition/implementationguide-page"><valueUri value="StructureDefinition-ee-address.html"/></extension><reference><reference value="StructureDefinition/ee-address"/></reference><name value="EEBase Address"/><description value="EEBase Address Type"/><isExample value="false"/><groupingId value="-str-datatype"/></resource><resource><extension url="http://hl7.org/fhir/StructureDefinition/implementationguide-page"><valueUri value="StructureDefinition-ee-encounter.html"/></extension><reference><reference value="StructureDefinition/ee-encounter"/></reference><name value="EEBase Encounter"/><description value="Encounter is an interaction between a patient and healthcare provider(s) to provide healthcare service(s) or assess a patient's health status. There are many types of encounters (such as ambulatory, inpatient, home visits, emergency and the like) which is the reason why the resource encompasses the lifecycle from pre-admission to the actual encounter (for ambulatory encounters) and admission, stay and discharge (for inpatient encounters). Encounter is primarily used to record information about the actual activities that occurred, where Appointment is used to record planned activities."/><isExample value="false"/><groupingId value="-str-profile"/></resource><resource><extension url="http://hl7.org/fhir/StructureDefinition/implementationguide-page"><valueUri value="StructureDefinition-ee-episode-of-care.html"/></extension><reference><reference value="StructureDefinition/ee-episode-of-care"/></reference><name value="EEBase EpisodeOfCare"/><description value="An association between a patient and an organization/healthcare provider(s) over a period of time. The managing organization assumes a level of responsibility for the patient during this time. EpisodeOfCare acts as a container resource that links a series of Encounters together for problems/issues (specific condition)."/><isExample value="false"/><groupingId value="-str-profile"/></resource><resource><extension url="http://hl7.org/fhir/StructureDefinition/implementationguide-page"><valueUri value="StructureDefinition-ee-healthcare-service.html"/></extension><reference><reference value="StructureDefinition/ee-healthcare-service"/></reference><name value="EEBase HealthcareService"/><description value="HealthcareService resource describes the details of a single healthcare service or category of services that are provided by an organization at a location. The location of the services could be virtual, as with telemedicine services."/><isExample value="false"/><groupingId value="-str-profile"/></resource><resource><extension url="http://hl7.org/fhir/StructureDefinition/implementationguide-page"><valueUri value="StructureDefinition-ee-location.html"/></extension><reference><reference value="StructureDefinition/ee-location"/></reference><name value="EEBase Location"/><description value="Location resource gives details and position information of a physical place where services are provided, and also where resources and participants may be stored, found, contained or accomodated."/><isExample value="false"/><groupingId value="-str-profile"/></resource><resource><extension url="http://hl7.org/fhir/StructureDefinition/implementationguide-page"><valueUri value="StructureDefinition-ee-observation.html"/></extension><reference><reference value="StructureDefinition/ee-observation"/></reference><name value="EEBase Observation"/><description value="Observation represents one of the most important and central units of healthcare data exchange - different kinds of observations varying from clinical findings and measurements to social history. The resource is designed to cover a wide variety of use cases and as a result, at its simplest, a resource instance can consist of only a code, value, and status flag. The granularity of instance highly depends on the use case, therefore the minimal viable data considered is a decision that needs to be made during profiling process."/><isExample value="false"/><groupingId value="-str-profile"/></resource><resource><extension url="http://hl7.org/fhir/StructureDefinition/implementationguide-page"><valueUri value="StructureDefinition-ee-organization.html"/></extension><reference><reference value="StructureDefinition/ee-organization"/></reference><name value="EEBase Organization"/><description value=" Organization is a resource intended for documenting information related to an entity that has been formed for the purpose of achieving some form of collective action. 'Organization' as such has a narrower definition in context of EEBase - in order to be conformant to EEBaseOrganization profile, an organization MUST be registered as a business. Yet, Organization could be used for documenting contact information and/or providing support for other resources that need to reference organizations."/><isExample value="false"/><groupingId value="-str-profile"/></resource><resource><extension url="http://hl7.org/fhir/StructureDefinition/implementationguide-page"><valueUri value="StructureDefinition-ee-patient.html"/></extension><reference><reference value="StructureDefinition/ee-patient"/></reference><name value="EEBase Patient"/><description value="Patient is a FHIR resource intended for documenting demographical and/or administrative information about the individual on the receiving end of healthcare services. In context of Estonian healthcare data exchange, the patient MUST be identifiable by Person Identity System."/><isExample value="false"/><groupingId value="-str-profile"/></resource><resource><extension url="http://hl7.org/fhir/StructureDefinition/implementationguide-page"><valueUri value="StructureDefinition-ee-practitioner.html"/></extension><reference><reference value="StructureDefinition/ee-practitioner"/></reference><name value="EEBase Practitioner"/><description value="This profile defines the EE Base constraints and extensions on the Practitioner resource for the minimal set of data to query and retrieve practitioner information. The profile defines a structure that localises core concepts, including identifiers and terminology, for use in an Estonian context for practitioner."/><isExample value="false"/><groupingId value="-str-profile"/></resource><resource><extension url="http://hl7.org/fhir/StructureDefinition/implementationguide-page"><valueUri value="StructureDefinition-ee-practitioner-role.html"/></extension><reference><reference value="StructureDefinition/ee-practitioner-role"/></reference><name value="EEBase PractitionerRole"/><description value="PractitionerRole resource allows exchange of specific set of roles, specialties and services that a practitioner may perform at an organisation for a period of time. EEBase PractitionerRole profile defines the constraints and extensions for the minimal set of data to query and retrieve information for practitioner role in Estonian context."/><isExample value="false"/><groupingId value="-str-profile"/></resource><resource><extension url="http://hl7.org/fhir/StructureDefinition/implementationguide-page"><valueUri value="StructureDefinition-ee-related-person.html"/></extension><reference><reference value="StructureDefinition/ee-related-person"/></reference><name value="EEBase RelatedPerson"/><description value="This profile builds on RelatedPerson resource. The profile allows information exchange about a person that is involved in the care for a patient, but who is not the target of healthcare, nor has a formal responsibility in the care process."/><isExample value="false"/><groupingId value="-str-profile"/></resource><resource><extension url="http://hl7.org/fhir/StructureDefinition/implementationguide-page"><valueUri value="StructureDefinition-ee-ads.html"/></extension><reference><reference value="StructureDefinition/ee-ads"/></reference><name value="EEBase ADS"/><description value="EEBase ADS extension"/><isExample value="false"/><groupingId value="-str-extension"/></resource><resource><extension url="http://hl7.org/fhir/StructureDefinition/implementationguide-page"><valueUri value="StructureDefinition-ee-date-accuracy-indicator.html"/></extension><reference><reference value="StructureDefinition/ee-date-accuracy-indicator"/></reference><name value="EEBase Date Accuracy Indicator"/><description value="This extension applies to the [date](http://hl7.org/fhir/datatypes.html#date) and [dateTime](http://hl7.org/fhir/datatypes.html#dateTime) data types and is used to represent the accuracy of the associated date."/><isExample value="false"/><groupingId value="-str-extension"/></resource><resource><extension url="http://hl7.org/fhir/StructureDefinition/implementationguide-page"><valueUri value="StructureDefinition-ee-ehak.html"/></extension><reference><reference value="StructureDefinition/ee-ehak"/></reference><name value="EEBase EHAK"/><description value="EEBase EHAK extension"/><isExample value="false"/><groupingId value="-str-extension"/></resource><resource><extension url="http://hl7.org/fhir/StructureDefinition/implementationguide-page"><valueUri value="StructureDefinition-ee-mode-of-arrival.html"/></extension><reference><reference value="StructureDefinition/ee-mode-of-arrival"/></reference><name value="EEBase ModeOfArrival"/><description value="The method that the patient arrived at the facility."/><isExample value="false"/><groupingId value="-str-extension"/></resource><resource><extension url="http://hl7.org/fhir/StructureDefinition/implementationguide-page"><valueUri value="StructureDefinition-ee-patient-age.html"/></extension><reference><reference value="StructureDefinition/ee-patient-age"/></reference><name value="EEBase PatientAge"/><description value="Patient age measure and unit"/><isExample value="false"/><groupingId value="-str-extension"/></resource><resource><extension url="http://hl7.org/fhir/StructureDefinition/implementationguide-page"><valueUri value="ValueSet-ee-ads.html"/></extension><reference><reference value="ValueSet/ee-ads"/></reference><name value="ADS"/><description value="Estonian Address Data System."/><isExample value="false"/><groupingId value="-term-valueset"/></resource><resource><extension url="http://hl7.org/fhir/StructureDefinition/implementationguide-page"><valueUri value="ValueSet-ee-act-priority.html"/></extension><reference><reference value="ValueSet/ee-act-priority"/></reference><name value="Act Priority"/><description value="Act Priority"/><isExample value="false"/><groupingId value="-term-valueset"/></resource><resource><extension url="http://hl7.org/fhir/StructureDefinition/implementationguide-page"><valueUri value="ValueSet-ee-administrative-gender.html"/></extension><reference><reference value="ValueSet/ee-administrative-gender"/></reference><name value="Administrative Gender"/><description value="Administrative Gender"/><isExample value="false"/><groupingId value="-term-valueset"/></resource><resource><extension url="http://hl7.org/fhir/StructureDefinition/implementationguide-page"><valueUri value="ValueSet-ee-clinical-specialty.html"/></extension><reference><reference value="ValueSet/ee-clinical-specialty"/></reference><name value="Clinical Specialty"/><description value="Clinical specialty (aka 'tegevusvaldkond' in Estonian)"/><isExample value="false"/><groupingId value="-term-valueset"/></resource><resource><extension url="http://hl7.org/fhir/StructureDefinition/implementationguide-page"><valueUri value="ValueSet-ee-date-accuracy-indicator.html"/></extension><reference><reference value="ValueSet/ee-date-accuracy-indicator"/></reference><name value="Date Accuracy Indicator"/><description value="Date Accuracy Indicator"/><isExample value="false"/><groupingId value="-term-valueset"/></resource><resource><extension url="http://hl7.org/fhir/StructureDefinition/implementationguide-page"><valueUri value="ValueSet-ee-degree-license-certificate.html"/></extension><reference><reference value="ValueSet/ee-degree-license-certificate"/></reference><name value="Qualification"/><description value="Qualification based on the education"/><isExample value="false"/><groupingId value="-term-valueset"/></resource><resource><extension url="http://hl7.org/fhir/StructureDefinition/implementationguide-page"><valueUri value="ValueSet-ee-encounter-class.html"/></extension><reference><reference value="ValueSet/ee-encounter-class"/></reference><name value="Encounter Class"/><description value="This value set defines a set of codes that can be used to indicate the class of encounter: a specific code indicating class of service provided."/><isExample value="false"/><groupingId value="-term-valueset"/></resource><resource><extension url="http://hl7.org/fhir/StructureDefinition/implementationguide-page"><valueUri value="ValueSet-ee-identity-system.html"/></extension><reference><reference value="ValueSet/ee-identity-system"/></reference><name value="Identity System"/><description value="All identification systems have ever been used for identification."/><isExample value="false"/><groupingId value="-term-valueset"/></resource><resource><extension url="http://hl7.org/fhir/StructureDefinition/implementationguide-page"><valueUri value="ValueSet-ee-location-form.html"/></extension><reference><reference value="ValueSet/ee-location-form"/></reference><name value="Location Form"/><description value="Location Form"/><isExample value="false"/><groupingId value="-term-valueset"/></resource><resource><extension url="http://hl7.org/fhir/StructureDefinition/implementationguide-page"><valueUri value="ValueSet-ee-medre-specialty.html"/></extension><reference><reference value="ValueSet/ee-medre-specialty"/></reference><name value="Medre Specialty"/><description value="Medre specialty (aka 'TAM eriala' in Estonian)."/><isExample value="false"/><groupingId value="-term-valueset"/></resource><resource><extension url="http://hl7.org/fhir/StructureDefinition/implementationguide-page"><valueUri value="ValueSet-ee-mode-of-arrival.html"/></extension><reference><reference value="ValueSet/ee-mode-of-arrival"/></reference><name value="Mode Of Arrival"/><description value="Mode Of Arrival"/><isExample value="false"/><groupingId value="-term-valueset"/></resource><resource><extension url="http://hl7.org/fhir/StructureDefinition/implementationguide-page"><valueUri value="ValueSet-ee-observation-category.html"/></extension><reference><reference value="ValueSet/ee-observation-category"/></reference><name value="Observation Category"/><description value="Observation category"/><isExample value="false"/><groupingId value="-term-valueset"/></resource><resource><extension url="http://hl7.org/fhir/StructureDefinition/implementationguide-page"><valueUri value="ValueSet-ee-occupation.html"/></extension><reference><reference value="ValueSet/ee-occupation"/></reference><name value="Occupation"/><description value="Classification of Occupations"/><isExample value="false"/><groupingId value="-term-valueset"/></resource><resource><extension url="http://hl7.org/fhir/StructureDefinition/implementationguide-page"><valueUri value="ValueSet-ee-organization-identity.html"/></extension><reference><reference value="ValueSet/ee-organization-identity"/></reference><name value="Organization Identity System"/><description value="Identity systems acceptable for organization identification"/><isExample value="false"/><groupingId value="-term-valueset"/></resource><resource><extension url="http://hl7.org/fhir/StructureDefinition/implementationguide-page"><valueUri value="ValueSet-ee-organization-type.html"/></extension><reference><reference value="ValueSet/ee-organization-type"/></reference><name value="Organization Types"/><description value="Organization Types"/><isExample value="false"/><groupingId value="-term-valueset"/></resource><resource><extension url="http://hl7.org/fhir/StructureDefinition/implementationguide-page"><valueUri value="ValueSet-ee-patient-identity.html"/></extension><reference><reference value="ValueSet/ee-patient-identity"/></reference><name value="Person Identity System"/><description value="Identity systems acceptable for patient identification"/><isExample value="false"/><groupingId value="-term-valueset"/></resource><resource><extension url="http://hl7.org/fhir/StructureDefinition/implementationguide-page"><valueUri value="ValueSet-ee-person-relationship.html"/></extension><reference><reference value="ValueSet/ee-person-relationship"/></reference><name value="Person Relationship"/><description value="Person relationship"/><isExample value="false"/><groupingId value="-term-valueset"/></resource><resource><extension url="http://hl7.org/fhir/StructureDefinition/implementationguide-page"><valueUri value="ValueSet-ee-practitioner-identity.html"/></extension><reference><reference value="ValueSet/ee-practitioner-identity"/></reference><name value="Practitioner Identity System"/><description value="Identity systems acceptable for practitioner identification"/><isExample value="false"/><groupingId value="-term-valueset"/></resource><resource><extension url="http://hl7.org/fhir/StructureDefinition/implementationguide-page"><valueUri value="ValueSet-ee-practitioner-role.html"/></extension><reference><reference value="ValueSet/ee-practitioner-role"/></reference><name value="Practitioner Role"/><description value="The role of practitioner in the healthcare facility."/><isExample value="false"/><groupingId value="-term-valueset"/></resource><resource><extension url="http://hl7.org/fhir/StructureDefinition/implementationguide-page"><valueUri value="CodeSystem-ee-ads.html"/></extension><reference><reference value="CodeSystem/ee-ads"/></reference><name value="ADS"/><description value="Estonian Address Data System."/><isExample value="false"/><groupingId value="-term-codesystem"/></resource><resource><extension url="http://hl7.org/fhir/StructureDefinition/implementationguide-page"><valueUri value="CodeSystem-ee-date-accuracy-indicator.html"/></extension><reference><reference value="CodeSystem/ee-date-accuracy-indicator"/></reference><name value="Date Accuracy Indicator"/><description value="The Date Accuracy Indicator code system defines concepts that indicate the accuracy of components of a reported date. The concepts defined in this code system are equivalent to those defined in the METeOR value domains for Date—accuracy indicator, code AAA (http://meteor.aihw.gov.au/content/index.phtml/itemId/294429)."/><isExample value="false"/><groupingId value="-term-codesystem"/></resource><resource><extension url="http://hl7.org/fhir/StructureDefinition/implementationguide-page"><valueUri value="CodeSystem-ee-identity-system.html"/></extension><reference><reference value="CodeSystem/ee-identity-system"/></reference><name value="Identity System"/><description value="Description of the identity system concepts acceptable for entity identification"/><isExample value="false"/><groupingId value="-term-codesystem"/></resource><resource><extension url="http://hl7.org/fhir/StructureDefinition/implementationguide-page"><valueUri value="CodeSystem-ee-medre-specialty.html"/></extension><reference><reference value="CodeSystem/ee-medre-specialty"/></reference><name value="Medre Specialty"/><description value="Medre specialty (aka 'TAM erialade loend' in Estonian)"/><isExample value="false"/><groupingId value="-term-codesystem"/></resource><resource><extension url="http://hl7.org/fhir/StructureDefinition/implementationguide-page"><valueUri value="CodeSystem-ee-mode-of-arrival.html"/></extension><reference><reference value="CodeSystem/ee-mode-of-arrival"/></reference><name value="Mode Of Arrival"/><description value="The content of this code system is intended to supplement HL7's code system arrivalMode (version 2.1.0) with one additional code ('PV') for using in ValueSets"/><isExample value="false"/><groupingId value="-term-codesystem"/></resource><resource><extension url="http://hl7.org/fhir/StructureDefinition/implementationguide-page"><valueUri value="CodeSystem-ee-occupation.html"/></extension><reference><reference value="CodeSystem/ee-occupation"/></reference><name value="Classification of Occupations"/><description value="Estonian Edition of International Standard Classification of Occupations. Based on ISCO-88"/><isExample value="false"/><groupingId value="-term-codesystem"/></resource><resource><extension url="http://hl7.org/fhir/StructureDefinition/implementationguide-page"><valueUri value="Observation-BloodPressure.html"/></extension><reference><reference value="Observation/BloodPressure"/></reference><name value="Vital Signs - Blood pressure observation"/><description value="Blood Pressure example"/><profile value="https://fhir.ee/StructureDefinition/ee-observation"/><groupingId value="-ex-example"/></resource><resource><extension url="http://hl7.org/fhir/StructureDefinition/implementationguide-page"><valueUri value="Practitioner-D98765.html"/></extension><reference><reference value="Practitioner/D98765"/></reference><name value="PractitionerD98765"/><description value="Practitioner D98765"/><profile value="https://fhir.ee/StructureDefinition/ee-practitioner"/><groupingId value="-ex-example"/></resource><resource><extension url="http://hl7.org/fhir/StructureDefinition/implementationguide-page"><valueUri value="Practitioner-D99876.html"/></extension><reference><reference value="Practitioner/D99876"/></reference><name value="PractitionerD99876"/><description value="Practitioner D99876"/><profile value="https://fhir.ee/StructureDefinition/ee-practitioner"/><groupingId value="-ex-example"/></resource><resource><extension url="http://hl7.org/fhir/StructureDefinition/implementationguide-page"><valueUri value="RelatedPerson-Doe2Doe.html"/></extension><reference><reference value="RelatedPerson/Doe2Doe"/></reference><name value="Doe2Doe"/><description value="Jane Doe is a wife of John Doe"/><profile value="https://fhir.ee/StructureDefinition/ee-related-person"/><groupingId value="-ex-example"/></resource><resource><extension url="http://hl7.org/fhir/StructureDefinition/implementationguide-page"><valueUri value="Encounter-EncounterPatient1.html"/></extension><reference><reference value="Encounter/EncounterPatient1"/></reference><name value="Inpatient encounter of Mart Mets"/><description value="Inpatient encounter of Mart Mets"/><profile value="https://fhir.ee/StructureDefinition/ee-encounter"/><groupingId value="-ex-example"/></resource><resource><extension url="http://hl7.org/fhir/StructureDefinition/implementationguide-page"><valueUri value="HealthcareService-HealthcareServiceExample.html"/></extension><reference><reference value="HealthcareService/HealthcareServiceExample"/></reference><name value="Healthcare Service Example"/><description value="Healthcare Service Example"/><profile value="https://fhir.ee/StructureDefinition/ee-healthcare-service"/><groupingId value="-ex-example"/></resource><resource><extension url="http://hl7.org/fhir/StructureDefinition/implementationguide-page"><valueUri value="RelatedPerson-Mets2Meri.html"/></extension><reference><reference value="RelatedPerson/Mets2Meri"/></reference><name value="Mets2Meri"/><description value="Mari Meri is an emergency contact of Mart Mets"/><profile value="https://fhir.ee/StructureDefinition/ee-related-person"/><groupingId value="-ex-example"/></resource><resource><extension url="http://hl7.org/fhir/StructureDefinition/implementationguide-page"><valueUri value="Practitioner-N98765.html"/></extension><reference><reference value="Practitioner/N98765"/></reference><name value="PractitionerN98765"/><description value="Practitioner N98765"/><profile value="https://fhir.ee/StructureDefinition/ee-practitioner"/><groupingId value="-ex-example"/></resource><resource><extension url="http://hl7.org/fhir/StructureDefinition/implementationguide-page"><valueUri value="Practitioner-N99876.html"/></extension><reference><reference value="Practitioner/N99876"/></reference><name value="PractitionerN99876"/><description value="Practitioner N99876"/><profile value="https://fhir.ee/StructureDefinition/ee-practitioner"/><groupingId value="-ex-example"/></resource><resource><extension url="http://hl7.org/fhir/StructureDefinition/implementationguide-page"><valueUri value="PractitionerRole-PractRoleD98765.html"/></extension><reference><reference value="PractitionerRole/PractRoleD98765"/></reference><name value="PractitionerRoleD98765"/><description value="PractitionerRole D98765"/><profile value="https://fhir.ee/StructureDefinition/ee-practitioner-role"/><groupingId value="-ex-example"/></resource><resource><extension url="http://hl7.org/fhir/StructureDefinition/implementationguide-page"><valueUri value="PractitionerRole-PractRoleD99876.html"/></extension><reference><reference value="PractitionerRole/PractRoleD99876"/></reference><name value="PractitionerRoleD99876"/><description value="PractitionerRole D99876"/><profile value="https://fhir.ee/StructureDefinition/ee-practitioner-role"/><groupingId value="-ex-example"/></resource><resource><extension url="http://hl7.org/fhir/StructureDefinition/implementationguide-page"><valueUri value="PractitionerRole-PractRoleN98765.html"/></extension><reference><reference value="PractitionerRole/PractRoleN98765"/></reference><name value="PractitionerRoleN98765"/><description value="PractitionerRole N98765"/><profile value="https://fhir.ee/StructureDefinition/ee-practitioner-role"/><groupingId value="-ex-example"/></resource><resource><extension url="http://hl7.org/fhir/StructureDefinition/implementationguide-page"><valueUri value="PractitionerRole-PractRoleN99876.html"/></extension><reference><reference value="PractitionerRole/PractRoleN99876"/></reference><name value="PractitionerRoleN99876"/><description value="PractitionerRole N99876"/><profile value="https://fhir.ee/StructureDefinition/ee-practitioner-role"/><groupingId value="-ex-example"/></resource><resource><extension url="http://hl7.org/fhir/StructureDefinition/implementationguide-page"><valueUri value="NamingSystem-ads.html"/></extension><reference><reference value="NamingSystem/ads"/></reference><name value="ads"/><description value="The national identifier of Estonian address data. ADS."/><isExample value="false"/><groupingId value="-term-namingsystem"/></resource><resource><extension url="http://hl7.org/fhir/StructureDefinition/implementationguide-page"><valueUri value="NamingSystem-ehak.html"/></extension><reference><reference value="NamingSystem/ehak"/></reference><name value="ehak"/><description value="The national code system of Estonian administrative and settlement data. EHAK."/><isExample value="false"/><groupingId value="-term-namingsystem"/></resource><resource><extension url="http://hl7.org/fhir/StructureDefinition/implementationguide-page"><valueUri value="Organization-ehif.html"/></extension><reference><reference value="Organization/ehif"/></reference><name value="OrganizationTervisekassa"/><description value="Organization Tervisekassa"/><profile value="https://fhir.ee/StructureDefinition/ee-organization"/><groupingId value="-ex-example"/></resource><resource><extension url="http://hl7.org/fhir/StructureDefinition/implementationguide-page"><valueUri value="EpisodeOfCare-eoc1.html"/></extension><reference><reference value="EpisodeOfCare/eoc1"/></reference><name value="Episode of Care example"/><description value="Episode of care care example"/><profile value="https://fhir.ee/StructureDefinition/ee-episode-of-care"/><groupingId value="-ex-example"/></resource><resource><extension url="http://hl7.org/fhir/StructureDefinition/implementationguide-page"><valueUri value="Organization-itk.html"/></extension><reference><reference value="Organization/itk"/></reference><name value="OrganizationITK"/><description value="Organization ITK"/><profile value="https://fhir.ee/StructureDefinition/ee-organization"/><groupingId value="-ex-example"/></resource><resource><extension url="http://hl7.org/fhir/StructureDefinition/implementationguide-page"><valueUri value="Location-itk-ed.html"/></extension><reference><reference value="Location/itk-ed"/></reference><name value="ITK ED"/><description value="Location of the Emergency Department at ITK"/><profile value="https://fhir.ee/StructureDefinition/ee-location"/><groupingId value="-ex-example"/></resource><resource><extension url="http://hl7.org/fhir/StructureDefinition/implementationguide-page"><valueUri value="NamingSystem-org-est-br.html"/></extension><reference><reference value="NamingSystem/org-est-br"/></reference><name value="org-est-br"/><description value="The identification code of organization in the Estonian Business Register."/><isExample value="false"/><groupingId value="-term-namingsystem"/></resource><resource><extension url="http://hl7.org/fhir/StructureDefinition/implementationguide-page"><valueUri value="NamingSystem-org-est-fi.html"/></extension><reference><reference value="NamingSystem/org-est-fi"/></reference><name value="org-est-fi"/><description value="The license number of Estonian health care facilities registered at The National Institute for Health Development."/><isExample value="false"/><groupingId value="-term-namingsystem"/></resource><resource><extension url="http://hl7.org/fhir/StructureDefinition/implementationguide-page"><valueUri value="NamingSystem-org-vatin.html"/></extension><reference><reference value="NamingSystem/org-vatin"/></reference><name value="org-vatin"/><description value="VAT identification number."/><isExample value="false"/><groupingId value="-term-namingsystem"/></resource><resource><extension url="http://hl7.org/fhir/StructureDefinition/implementationguide-page"><valueUri value="Patient-pat1.html"/></extension><reference><reference value="Patient/pat1"/></reference><name value="Mart Mets (verified patient)"/><description value="Estonian citizen"/><profile value="https://fhir.ee/StructureDefinition/ee-patient"/><groupingId value="-ex-example"/></resource><resource><extension url="http://hl7.org/fhir/StructureDefinition/implementationguide-page"><valueUri value="Patient-pat2.html"/></extension><reference><reference value="Patient/pat2"/></reference><name value="John Doe (foreign patient)"/><description value="Foreigner with minimal dataset."/><profile value="https://fhir.ee/StructureDefinition/ee-patient"/><groupingId value="-ex-example"/></resource><resource><extension url="http://hl7.org/fhir/StructureDefinition/implementationguide-page"><valueUri value="Patient-patunk.html"/></extension><reference><reference value="Patient/patunk"/></reference><name value="Unknown patient"/><description value="Patient that can not be recognized during admission"/><profile value="https://fhir.ee/StructureDefinition/ee-patient"/><groupingId value="-ex-example"/></resource><resource><extension url="http://hl7.org/fhir/StructureDefinition/implementationguide-page"><valueUri value="NamingSystem-pid-est-ni.html"/></extension><reference><reference value="NamingSystem/pid-est-ni"/></reference><name value="pid-est-ni"/><description value="The personal national identification code of Estonian citizens and residents."/><isExample value="false"/><groupingId value="-term-namingsystem"/></resource><resource><extension url="http://hl7.org/fhir/StructureDefinition/implementationguide-page"><valueUri value="NamingSystem-pro-est-pho.html"/></extension><reference><reference value="NamingSystem/pro-est-pho"/></reference><name value="pro-est-pho"/><description value="The official identifier of Estonian health care professional registered at Health Board."/><isExample value="false"/><groupingId value="-term-namingsystem"/></resource><resource><extension url="http://hl7.org/fhir/StructureDefinition/implementationguide-page"><valueUri value="Organization-rh.html"/></extension><reference><reference value="Organization/rh"/></reference><name value="OrganizationRakvereHospital"/><description value="Organization Rakvere Hospital"/><profile value="https://fhir.ee/StructureDefinition/ee-organization"/><groupingId value="-ex-example"/></resource><resource><extension url="http://hl7.org/fhir/StructureDefinition/implementationguide-page"><valueUri value="Organization-synlab.html"/></extension><reference><reference value="Organization/synlab"/></reference><name value="OrganizationSynlab"/><description value="Organization Synlab"/><profile value="https://fhir.ee/StructureDefinition/ee-organization"/><groupingId value="-ex-example"/></resource><page><sourceUrl value="toc.html"/><name value="toc.html"/><title value="Table of Contents"/><generation value="html"/><page><sourceUrl value="index.html"/><name value="index.html"/><title value="Home"/><generation value="markdown"/></page><page><sourceUrl value="policy.html"/><name value="policy.html"/><title value="Policy"/><generation value="markdown"/></page><page><sourceUrl value="contact.html"/><name value="contact.html"/><title value="Contact Us"/><generation value="markdown"/></page><page><sourceUrl value="download.html"/><name value="download.html"/><title value="Download"/><generation value="markdown"/></page><page><sourceUrl value="ballot.html"/><name value="ballot.html"/><title value="IG vastuvõtmise protsess"/><generation value="markdown"/></page><page><sourceUrl value="artifacts.html"/><name value="artifacts.html"/><title value="Artifacts Summary"/><generation value="html"/><page><sourceUrl value="StructureDefinition-ee-encounter.html"/><name value="StructureDefinition-ee-encounter.html"/><title value="EEBase Encounter"/><generation value="generated"/></page><page><sourceUrl value="StructureDefinition-ee-episode-of-care.html"/><name value="StructureDefinition-ee-episode-of-care.html"/><title value="EEBase EpisodeOfCare"/><generation value="generated"/></page><page><sourceUrl value="StructureDefinition-ee-healthcare-service.html"/><name value="StructureDefinition-ee-healthcare-service.html"/><title value="EEBase HealthcareService"/><generation value="generated"/></page><page><sourceUrl value="StructureDefinition-ee-location.html"/><name value="StructureDefinition-ee-location.html"/><title value="EEBase Location"/><generation value="generated"/></page><page><sourceUrl value="StructureDefinition-ee-observation.html"/><name value="StructureDefinition-ee-observation.html"/><title value="EEBase Observation"/><generation value="generated"/></page><page><sourceUrl value="StructureDefinition-ee-organization.html"/><name value="StructureDefinition-ee-organization.html"/><title value="EEBase Organization"/><generation value="generated"/></page><page><sourceUrl value="StructureDefinition-ee-patient.html"/><name value="StructureDefinition-ee-patient.html"/><title value="EEBase Patient"/><generation value="generated"/></page><page><sourceUrl value="StructureDefinition-ee-practitioner.html"/><name value="StructureDefinition-ee-practitioner.html"/><title value="EEBase Practitioner"/><generation value="generated"/></page><page><sourceUrl value="StructureDefinition-ee-practitioner-role.html"/><name value="StructureDefinition-ee-practitioner-role.html"/><title value="EEBase PractitionerRole"/><generation value="generated"/></page><page><sourceUrl value="StructureDefinition-ee-related-person.html"/><name value="StructureDefinition-ee-related-person.html"/><title value="EEBase RelatedPerson"/><generation value="generated"/></page><page><sourceUrl value="StructureDefinition-ee-address.html"/><name value="StructureDefinition-ee-address.html"/><title value="EEBase Address"/><generation value="generated"/></page><page><sourceUrl value="StructureDefinition-ee-ads.html"/><name value="StructureDefinition-ee-ads.html"/><title value="EEBase ADS"/><generation value="generated"/></page><page><sourceUrl value="StructureDefinition-ee-date-accuracy-indicator.html"/><name value="StructureDefinition-ee-date-accuracy-indicator.html"/><title value="EEBase Date Accuracy Indicator"/><generation value="generated"/></page><page><sourceUrl value="StructureDefinition-ee-ehak.html"/><name value="StructureDefinition-ee-ehak.html"/><title value="EEBase EHAK"/><generation value="generated"/></page><page><sourceUrl value="StructureDefinition-ee-mode-of-arrival.html"/><name value="StructureDefinition-ee-mode-of-arrival.html"/><title value="EEBase ModeOfArrival"/><generation value="generated"/></page><page><sourceUrl value="StructureDefinition-ee-patient-age.html"/><name value="StructureDefinition-ee-patient-age.html"/><title value="EEBase PatientAge"/><generation value="generated"/></page><page><sourceUrl value="ValueSet-ee-ads.html"/><name value="ValueSet-ee-ads.html"/><title value="ADS"/><generation value="generated"/></page><page><sourceUrl value="ValueSet-ee-act-priority.html"/><name value="ValueSet-ee-act-priority.html"/><title value="Act Priority"/><generation value="generated"/></page><page><sourceUrl value="ValueSet-ee-administrative-gender.html"/><name value="ValueSet-ee-administrative-gender.html"/><title value="Administrative Gender"/><generation value="generated"/></page><page><sourceUrl value="ValueSet-ee-clinical-specialty.html"/><name value="ValueSet-ee-clinical-specialty.html"/><title value="Clinical Specialty"/><generation value="generated"/></page><page><sourceUrl value="ValueSet-ee-date-accuracy-indicator.html"/><name value="ValueSet-ee-date-accuracy-indicator.html"/><title value="Date Accuracy Indicator"/><generation value="generated"/></page><page><sourceUrl value="ValueSet-ee-degree-license-certificate.html"/><name value="ValueSet-ee-degree-license-certificate.html"/><title value="Qualification"/><generation value="generated"/></page><page><sourceUrl value="ValueSet-ee-encounter-class.html"/><name value="ValueSet-ee-encounter-class.html"/><title value="Encounter Class"/><generation value="generated"/></page><page><sourceUrl value="ValueSet-ee-identity-system.html"/><name value="ValueSet-ee-identity-system.html"/><title value="Identity System"/><generation value="generated"/></page><page><sourceUrl value="ValueSet-ee-location-form.html"/><name value="ValueSet-ee-location-form.html"/><title value="Location Form"/><generation value="generated"/></page><page><sourceUrl value="ValueSet-ee-medre-specialty.html"/><name value="ValueSet-ee-medre-specialty.html"/><title value="Medre Specialty"/><generation value="generated"/></page><page><sourceUrl value="ValueSet-ee-mode-of-arrival.html"/><name value="ValueSet-ee-mode-of-arrival.html"/><title value="Mode Of Arrival"/><generation value="generated"/></page><page><sourceUrl value="ValueSet-ee-observation-category.html"/><name value="ValueSet-ee-observation-category.html"/><title value="Observation Category"/><generation value="generated"/></page><page><sourceUrl value="ValueSet-ee-occupation.html"/><name value="ValueSet-ee-occupation.html"/><title value="Occupation"/><generation value="generated"/></page><page><sourceUrl value="ValueSet-ee-organization-identity.html"/><name value="ValueSet-ee-organization-identity.html"/><title value="Organization Identity System"/><generation value="generated"/></page><page><sourceUrl value="ValueSet-ee-organization-type.html"/><name value="ValueSet-ee-organization-type.html"/><title value="Organization Types"/><generation value="generated"/></page><page><sourceUrl value="ValueSet-ee-patient-identity.html"/><name value="ValueSet-ee-patient-identity.html"/><title value="Person Identity System"/><generation value="generated"/></page><page><sourceUrl value="ValueSet-ee-person-relationship.html"/><name value="ValueSet-ee-person-relationship.html"/><title value="Person Relationship"/><generation value="generated"/></page><page><sourceUrl value="ValueSet-ee-practitioner-identity.html"/><name value="ValueSet-ee-practitioner-identity.html"/><title value="Practitioner Identity System"/><generation value="generated"/></page><page><sourceUrl value="ValueSet-ee-practitioner-role.html"/><name value="ValueSet-ee-practitioner-role.html"/><title value="Practitioner Role"/><generation value="generated"/></page><page><sourceUrl value="CodeSystem-ee-ads.html"/><name value="CodeSystem-ee-ads.html"/><title value="ADS"/><generation value="generated"/></page><page><sourceUrl value="CodeSystem-ee-date-accuracy-indicator.html"/><name value="CodeSystem-ee-date-accuracy-indicator.html"/><title value="Date Accuracy Indicator"/><generation value="generated"/></page><page><sourceUrl value="CodeSystem-ee-identity-system.html"/><name value="CodeSystem-ee-identity-system.html"/><title value="Identity System"/><generation value="generated"/></page><page><sourceUrl value="CodeSystem-ee-medre-specialty.html"/><name value="CodeSystem-ee-medre-specialty.html"/><title value="Medre Specialty"/><generation value="generated"/></page><page><sourceUrl value="CodeSystem-ee-mode-of-arrival.html"/><name value="CodeSystem-ee-mode-of-arrival.html"/><title value="Mode Of Arrival"/><generation value="generated"/></page><page><sourceUrl value="CodeSystem-ee-occupation.html"/><name value="CodeSystem-ee-occupation.html"/><title value="Classification of Occupations"/><generation value="generated"/></page><page><sourceUrl value="NamingSystem-ads.html"/><name value="NamingSystem-ads.html"/><title value="ads"/><generation value="generated"/></page><page><sourceUrl value="NamingSystem-ehak.html"/><name value="NamingSystem-ehak.html"/><title value="ehak"/><generation value="generated"/></page><page><sourceUrl value="NamingSystem-org-est-br.html"/><name value="NamingSystem-org-est-br.html"/><title value="org-est-br"/><generation value="generated"/></page><page><sourceUrl value="NamingSystem-org-est-fi.html"/><name value="NamingSystem-org-est-fi.html"/><title value="org-est-fi"/><generation value="generated"/></page><page><sourceUrl value="NamingSystem-org-vatin.html"/><name value="NamingSystem-org-vatin.html"/><title value="org-vatin"/><generation value="generated"/></page><page><sourceUrl value="NamingSystem-pid-est-ni.html"/><name value="NamingSystem-pid-est-ni.html"/><title value="pid-est-ni"/><generation value="generated"/></page><page><sourceUrl value="NamingSystem-pro-est-pho.html"/><name value="NamingSystem-pro-est-pho.html"/><title value="pro-est-pho"/><generation value="generated"/></page><page><sourceUrl value="Observation-BloodPressure.html"/><name value="Observation-BloodPressure.html"/><title value="Vital Signs - Blood pressure observation"/><generation value="generated"/></page><page><sourceUrl value="Practitioner-D98765.html"/><name value="Practitioner-D98765.html"/><title value="PractitionerD98765"/><generation value="generated"/></page><page><sourceUrl value="Practitioner-D99876.html"/><name value="Practitioner-D99876.html"/><title value="PractitionerD99876"/><generation value="generated"/></page><page><sourceUrl value="RelatedPerson-Doe2Doe.html"/><name value="RelatedPerson-Doe2Doe.html"/><title value="Doe2Doe"/><generation value="generated"/></page><page><sourceUrl value="Encounter-EncounterPatient1.html"/><name value="Encounter-EncounterPatient1.html"/><title value="Inpatient encounter of Mart Mets"/><generation value="generated"/></page><page><sourceUrl value="HealthcareService-HealthcareServiceExample.html"/><name value="HealthcareService-HealthcareServiceExample.html"/><title value="Healthcare Service Example"/><generation value="generated"/></page><page><sourceUrl value="RelatedPerson-Mets2Meri.html"/><name value="RelatedPerson-Mets2Meri.html"/><title value="Mets2Meri"/><generation value="generated"/></page><page><sourceUrl value="Practitioner-N98765.html"/><name value="Practitioner-N98765.html"/><title value="PractitionerN98765"/><generation value="generated"/></page><page><sourceUrl value="Practitioner-N99876.html"/><name value="Practitioner-N99876.html"/><title value="PractitionerN99876"/><generation value="generated"/></page><page><sourceUrl value="PractitionerRole-PractRoleD98765.html"/><name value="PractitionerRole-PractRoleD98765.html"/><title value="PractitionerRoleD98765"/><generation value="generated"/></page><page><sourceUrl value="PractitionerRole-PractRoleD99876.html"/><name value="PractitionerRole-PractRoleD99876.html"/><title value="PractitionerRoleD99876"/><generation value="generated"/></page><page><sourceUrl value="PractitionerRole-PractRoleN98765.html"/><name value="PractitionerRole-PractRoleN98765.html"/><title value="PractitionerRoleN98765"/><generation value="generated"/></page><page><sourceUrl value="PractitionerRole-PractRoleN99876.html"/><name value="PractitionerRole-PractRoleN99876.html"/><title value="PractitionerRoleN99876"/><generation value="generated"/></page><page><sourceUrl value="Organization-ehif.html"/><name value="Organization-ehif.html"/><title value="OrganizationTervisekassa"/><generation value="generated"/></page><page><sourceUrl value="EpisodeOfCare-eoc1.html"/><name value="EpisodeOfCare-eoc1.html"/><title value="Episode of Care example"/><generation value="generated"/></page><page><sourceUrl value="Organization-itk.html"/><name value="Organization-itk.html"/><title value="OrganizationITK"/><generation value="generated"/></page><page><sourceUrl value="Location-itk-ed.html"/><name value="Location-itk-ed.html"/><title value="ITK ED"/><generation value="generated"/></page><page><sourceUrl value="Patient-pat1.html"/><name value="Patient-pat1.html"/><title value="Mart Mets (verified patient)"/><generation value="generated"/></page><page><sourceUrl value="Patient-pat2.html"/><name value="Patient-pat2.html"/><title value="John Doe (foreign patient)"/><generation value="generated"/></page><page><sourceUrl value="Patient-patunk.html"/><name value="Patient-patunk.html"/><title value="Unknown patient"/><generation value="generated"/></page><page><sourceUrl value="Organization-rh.html"/><name value="Organization-rh.html"/><title value="OrganizationRakvereHospital"/><generation value="generated"/></page><page><sourceUrl value="Organization-synlab.html"/><name value="Organization-synlab.html"/><title value="OrganizationSynlab"/><generation value="generated"/></page></page></page><parameter><code><system value="http://hl7.org/fhir/guide-parameter-code"/><code value="path-resource"/></code><value value="input/capabilities"/></parameter><parameter><code><system value="http://hl7.org/fhir/guide-parameter-code"/><code value="path-resource"/></code><value value="input/examples"/></parameter><parameter><code><system value="http://hl7.org/fhir/guide-parameter-code"/><code value="path-resource"/></code><value value="input/extensions"/></parameter><parameter><code><system value="http://hl7.org/fhir/guide-parameter-code"/><code value="path-resource"/></code><value value="input/models"/></parameter><parameter><code><system value="http://hl7.org/fhir/guide-parameter-code"/><code value="path-resource"/></code><value value="input/operations"/></parameter><parameter><code><system value="http://hl7.org/fhir/guide-parameter-code"/><code value="path-resource"/></code><value value="input/profiles"/></parameter><parameter><code><system value="http://hl7.org/fhir/guide-parameter-code"/><code value="path-resource"/></code><value value="input/resources"/></parameter><parameter><code><system value="http://hl7.org/fhir/guide-parameter-code"/><code value="path-resource"/></code><value value="input/vocabulary"/></parameter><parameter><code><system value="http://hl7.org/fhir/guide-parameter-code"/><code value="path-resource"/></code><value value="input/maps"/></parameter><parameter><code><system value="http://hl7.org/fhir/guide-parameter-code"/><code value="path-resource"/></code><value value="input/testing"/></parameter><parameter><code><system value="http://hl7.org/fhir/guide-parameter-code"/><code value="path-resource"/></code><value value="input/history"/></parameter><parameter><code><system value="http://hl7.org/fhir/guide-parameter-code"/><code value="path-resource"/></code><value value="fsh-generated/resources"/></parameter><parameter><code><system value="http://hl7.org/fhir/guide-parameter-code"/><code value="path-pages"/></code><value value="template/config"/></parameter><parameter><code><system value="http://hl7.org/fhir/guide-parameter-code"/><code value="path-pages"/></code><value value="input/images"/></parameter><parameter><code><system value="http://hl7.org/fhir/guide-parameter-code"/><code value="path-tx-cache"/></code><value value="input-cache/txcache"/></parameter><parameter><code><system value="http://hl7.org/fhir/tools/CodeSystem/ig-parameters"/><code value="copyrightyear"/></code><value value="2023+"/></parameter><parameter><code><system value="http://hl7.org/fhir/tools/CodeSystem/ig-parameters"/><code value="releaselabel"/></code><value value="ballot"/></parameter><parameter><code><system value="http://hl7.org/fhir/tools/CodeSystem/ig-parameters"/><code value="autoload-resources"/></code><value value="true"/></parameter><parameter><code><system value="http://hl7.org/fhir/tools/CodeSystem/ig-parameters"/><code value="path-liquid"/></code><value value="template/liquid"/></parameter><parameter><code><system value="http://hl7.org/fhir/tools/CodeSystem/ig-parameters"/><code value="path-liquid"/></code><value value="input/liquid"/></parameter><parameter><code><system value="http://hl7.org/fhir/tools/CodeSystem/ig-parameters"/><code value="path-qa"/></code><value value="temp/qa"/></parameter><parameter><code><system value="http://hl7.org/fhir/tools/CodeSystem/ig-parameters"/><code value="path-temp"/></code><value value="temp/pages"/></parameter><parameter><code><system value="http://hl7.org/fhir/tools/CodeSystem/ig-parameters"/><code value="path-output"/></code><value value="output"/></parameter><parameter><code><system value="http://hl7.org/fhir/tools/CodeSystem/ig-parameters"/><code value="path-suppressed-warnings"/></code><value value="input/ignoreWarnings.txt"/></parameter><parameter><code><system value="http://hl7.org/fhir/tools/CodeSystem/ig-parameters"/><code value="path-history"/></code><value value="https://fhir.ee/history.html"/></parameter><parameter><code><system value="http://hl7.org/fhir/tools/CodeSystem/ig-parameters"/><code value="template-html"/></code><value value="template-page.html"/></parameter><parameter><code><system value="http://hl7.org/fhir/tools/CodeSystem/ig-parameters"/><code value="template-md"/></code><value value="template-page-md.html"/></parameter><parameter><code><system value="http://hl7.org/fhir/tools/CodeSystem/ig-parameters"/><code value="apply-contact"/></code><value value="true"/></parameter><parameter><code><system value="http://hl7.org/fhir/tools/CodeSystem/ig-parameters"/><code value="apply-context"/></code><value value="true"/></parameter><parameter><code><system value="http://hl7.org/fhir/tools/CodeSystem/ig-parameters"/><code value="apply-copyright"/></code><value value="true"/></parameter><parameter><code><system value="http://hl7.org/fhir/tools/CodeSystem/ig-parameters"/><code value="apply-jurisdiction"/></code><value value="true"/></parameter><parameter><code><system value="http://hl7.org/fhir/tools/CodeSystem/ig-parameters"/><code value="apply-license"/></code><value value="true"/></parameter><parameter><code><system value="http://hl7.org/fhir/tools/CodeSystem/ig-parameters"/><code value="apply-publisher"/></code><value value="true"/></parameter><parameter><code><system value="http://hl7.org/fhir/tools/CodeSystem/ig-parameters"/><code value="apply-version"/></code><value value="true"/></parameter><parameter><code><system value="http://hl7.org/fhir/tools/CodeSystem/ig-parameters"/><code value="active-tables"/></code><value value="true"/></parameter><parameter><code><system value="http://hl7.org/fhir/tools/CodeSystem/ig-parameters"/><code value="fmm-definition"/></code><value value="http://hl7.org/fhir/versions.html#maturity"/></parameter><parameter><code><system value="http://hl7.org/fhir/tools/CodeSystem/ig-parameters"/><code value="propagate-status"/></code><value value="true"/></parameter><parameter><code><system value="http://hl7.org/fhir/tools/CodeSystem/ig-parameters"/><code value="excludelogbinaryformat"/></code><value value="true"/></parameter><parameter><code><system value="http://hl7.org/fhir/tools/CodeSystem/ig-parameters"/><code value="tabbed-snapshots"/></code><value value="true"/></parameter><parameter><code><system value="http://hl7.org/fhir/tools/CodeSystem/ig-parameters"/><code value="copyrightyear"/></code><value value="2023+"/></parameter><parameter><code><system value="http://hl7.org/fhir/tools/CodeSystem/ig-parameters"/><code value="releaselabel"/></code><value value="ballot"/></parameter><parameter><code><system value="http://hl7.org/fhir/tools/CodeSystem/ig-parameters"/><code value="autoload-resources"/></code><value value="true"/></parameter><parameter><code><system value="http://hl7.org/fhir/tools/CodeSystem/ig-parameters"/><code value="path-liquid"/></code><value value="template/liquid"/></parameter><parameter><code><system value="http://hl7.org/fhir/tools/CodeSystem/ig-parameters"/><code value="path-liquid"/></code><value value="input/liquid"/></parameter><parameter><code><system value="http://hl7.org/fhir/tools/CodeSystem/ig-parameters"/><code value="path-qa"/></code><value value="temp/qa"/></parameter><parameter><code><system value="http://hl7.org/fhir/tools/CodeSystem/ig-parameters"/><code value="path-temp"/></code><value value="temp/pages"/></parameter><parameter><code><system value="http://hl7.org/fhir/tools/CodeSystem/ig-parameters"/><code value="path-output"/></code><value value="output"/></parameter><parameter><code><system value="http://hl7.org/fhir/tools/CodeSystem/ig-parameters"/><code value="path-suppressed-warnings"/></code><value value="input/ignoreWarnings.txt"/></parameter><parameter><code><system value="http://hl7.org/fhir/tools/CodeSystem/ig-parameters"/><code value="path-history"/></code><value value="https://fhir.ee/history.html"/></parameter><parameter><code><system value="http://hl7.org/fhir/tools/CodeSystem/ig-parameters"/><code value="template-html"/></code><value value="template-page.html"/></parameter><parameter><code><system value="http://hl7.org/fhir/tools/CodeSystem/ig-parameters"/><code value="template-md"/></code><value value="template-page-md.html"/></parameter><parameter><code><system value="http://hl7.org/fhir/tools/CodeSystem/ig-parameters"/><code value="apply-contact"/></code><value value="true"/></parameter><parameter><code><system value="http://hl7.org/fhir/tools/CodeSystem/ig-parameters"/><code value="apply-context"/></code><value value="true"/></parameter><parameter><code><system value="http://hl7.org/fhir/tools/CodeSystem/ig-parameters"/><code value="apply-copyright"/></code><value value="true"/></parameter><parameter><code><system value="http://hl7.org/fhir/tools/CodeSystem/ig-parameters"/><code value="apply-jurisdiction"/></code><value value="true"/></parameter><parameter><code><system value="http://hl7.org/fhir/tools/CodeSystem/ig-parameters"/><code value="apply-license"/></code><value value="true"/></parameter><parameter><code><system value="http://hl7.org/fhir/tools/CodeSystem/ig-parameters"/><code value="apply-publisher"/></code><value value="true"/></parameter><parameter><code><system value="http://hl7.org/fhir/tools/CodeSystem/ig-parameters"/><code value="apply-version"/></code><value value="true"/></parameter><parameter><code><system value="http://hl7.org/fhir/tools/CodeSystem/ig-parameters"/><code value="active-tables"/></code><value value="true"/></parameter><parameter><code><system value="http://hl7.org/fhir/tools/CodeSystem/ig-parameters"/><code value="fmm-definition"/></code><value value="http://hl7.org/fhir/versions.html#maturity"/></parameter><parameter><code><system value="http://hl7.org/fhir/tools/CodeSystem/ig-parameters"/><code value="propagate-status"/></code><value value="true"/></parameter><parameter><code><system value="http://hl7.org/fhir/tools/CodeSystem/ig-parameters"/><code value="excludelogbinaryformat"/></code><value value="true"/></parameter><parameter><code><system value="http://hl7.org/fhir/tools/CodeSystem/ig-parameters"/><code value="tabbed-snapshots"/></code><value value="true"/></parameter></definition></ImplementationGuide>