<?xml version="1.0" encoding="UTF-8"?><NamingSystem xmlns="http://hl7.org/fhir"><id value="ads"/><text><status value="generated"/><div xmlns="http://www.w3.org/1999/xhtml"><h3>Summary</h3><table class="grid"><tr><td>Defining URL</td><td>https://fhir.ee/NamingSystem/ads</td></tr><tr><td>Version</td><td>1.0.0</td></tr><tr><td>Name</td><td>ADS</td></tr><tr><td>Title</td><td>Estonian Address Data System</td></tr><tr><td>Status</td><td>draft</td></tr><tr><td>Definition</td><td><div><p>The national identifier of Estonian address data. ADS.</p>
</div></td></tr><tr><td>Publisher</td><td>HL7 Estonia</td></tr></table><h3>Identifiers</h3><table class="grid"><tr><td><b>Type</b></td><td><b>Value</b></td><td><b>Preferred</b></td></tr><tr><td>URI</td><td>https://fhir.ee/sid/ads</td><td>true</td></tr></table></div></text><url value="https://fhir.ee/NamingSystem/ads"/><version value="1.0.0"/><name value="ADS"/><title value="Estonian Address Data System"/><status value="draft"/><kind value="identifier"/><date value="2022-11-05T11:45:29.0437162+00:00"/><publisher value="HL7 Estonia"/><contact><name value="HL7 Estonia"/><telecom><system value="url"/><value value="https://www.hl7.ee"/></telecom></contact><description value="The national identifier of Estonian address data. ADS."/><jurisdiction><coding><system value="urn:iso:std:iso:3166"/><code value="EE"/><display value="Estonia"/></coding></jurisdiction><usage value="ADS extension is used in resources which include the address element."/><uniqueId><type value="uri"/><value value="https://fhir.ee/sid/ads"/><preferred value="true"/></uniqueId></NamingSystem>