<?xml version="1.0" encoding="UTF-8"?><ValueSet xmlns="http://hl7.org/fhir"><id value="ee-medre-specialty"/><text><status value="generated"/><div xmlns="http://www.w3.org/1999/xhtml"><ul><li>Include all codes defined in <a href="CodeSystem-ee-medre-specialty.html"><code>https://fhir.ee/CodeSystem/ee-medre-specialty</code></a></li></ul></div></text><url value="https://fhir.ee/ValueSet/ee-medre-specialty"/><version value="1.0.0"/><name value="EEBaseMedreSpecialty"/><title value="Medre Specialty"/><status value="active"/><experimental value="true"/><date value="2023-05-29T20:07:00+03:00"/><publisher value="HL7 Estonia"/><contact><name value="HL7 Estonia"/><telecom><system value="url"/><value value="https://www.hl7.ee"/></telecom></contact><description value="Medre specialty (aka 'TAM eriala' in Estonian)."/><jurisdiction><coding><system value="urn:iso:std:iso:3166"/><code value="EE"/><display value="Estonia"/></coding></jurisdiction><compose><include><system value="https://fhir.ee/CodeSystem/ee-medre-specialty"/></include></compose></ValueSet>