<?xml version="1.0" encoding="UTF-8"?><ValueSet xmlns="http://hl7.org/fhir"><id value="ee-identity-system"/><text><status value="generated"/><div xmlns="http://www.w3.org/1999/xhtml"><ul><li>Include all codes defined in <a href="CodeSystem-ee-identity-system.html"><code>https://fhir.ee/CodeSystem/ee-identity-system</code></a></li></ul></div></text><url value="https://fhir.ee/ValueSet/ee-identity-system"/><version value="1.0.0"/><name value="EEBaseIdentitySystem"/><title value="Identity System"/><status value="active"/><experimental value="false"/><date value="2023-05-29T20:07:00+03:00"/><publisher value="HL7 Estonia"/><contact><name value="HL7 Estonia"/><telecom><system value="url"/><value value="https://www.hl7.ee"/></telecom></contact><description value="All identification systems have ever been used for identification."/><jurisdiction><coding><system value="urn:iso:std:iso:3166"/><code value="EE"/><display value="Estonia"/></coding></jurisdiction><compose><include><system value="https://fhir.ee/CodeSystem/ee-identity-system"/></include></compose></ValueSet>