<?xml version="1.0" encoding="UTF-8"?>

<CodeSystem xmlns="http://hl7.org/fhir">
  <id value="tootamise-liik"/>
  <text>
    <status value="generated"/><div xmlns="http://www.w3.org/1999/xhtml"><p class="res-header-id"><b>Generated Narrative: CodeSystem tootamise-liik</b></p><a name="tootamise-liik"> </a><a name="hctootamise-liik"> </a><a name="tootamise-liik-en-US"> </a><p><b>Properties</b></p><p><b>This code system defines the following properties for its concepts</b></p><table class="grid"><tr><td><b>Name</b></td><td><b>Code</b></td><td><b>Type</b></td></tr><tr><td>definition</td><td>definition</td><td>string</td></tr><tr><td>display</td><td>display</td><td>string</td></tr></table><p><b>Concepts</b></p><p>This case-insensitive code system <code>https://fhir.ee/CodeSystem/tootamise-liik</code> defines the following codes:</p><table class="codes"><tr><td style="white-space:nowrap"><b>Code</b></td><td><b>Display</b></td><td><b>Estonian (et)</b></td></tr><tr><td style="white-space:nowrap">1<a name="tootamise-liik-1"> </a></td><td>Tööleping</td><td>Tööleping</td></tr><tr><td style="white-space:nowrap">15<a name="tootamise-liik-15"> </a></td><td>Abikaasatasu</td><td>Abikaasatasu</td></tr><tr><td style="white-space:nowrap">2<a name="tootamise-liik-2"> </a></td><td>Avalik teenistus</td><td>Avalik teenistus</td></tr><tr><td style="white-space:nowrap">3<a name="tootamise-liik-3"> </a></td><td>Kõrgemad riigiteenijad</td><td>Kõrgemad riigiteenijad</td></tr><tr><td style="white-space:nowrap">4<a name="tootamise-liik-4"> </a></td><td>Omavalitsuse valitud või nimetatud liige</td><td>Omavalitsuse valitud või nimetatud liige</td></tr><tr><td style="white-space:nowrap">501<a name="tootamise-liik-501"> </a></td><td>Vabatahtlik töö</td><td>Vabatahtlik töö</td></tr><tr><td style="white-space:nowrap">504<a name="tootamise-liik-504"> </a></td><td>Töötamine TM kohustusega Eestis, SM välisriigis</td><td>Töötamine TM kohustusega Eestis, SM välisriigis</td></tr><tr><td style="white-space:nowrap">505<a name="tootamise-liik-505"> </a></td><td>KOV komisjoni liige, kes ei ole KOV volikogu liige</td><td>KOV komisjoni liige, kes ei ole KOV volikogu liige</td></tr><tr><td style="white-space:nowrap">506<a name="tootamise-liik-506"> </a></td><td>Töötamine TM kohustusega Eestis ilma SM kohustuseta</td><td>Töötamine TM kohustusega Eestis ilma SM kohustuseta</td></tr><tr><td style="white-space:nowrap">507<a name="tootamise-liik-507"> </a></td><td>Viisa alusel - tööleping</td><td>Viisa alusel - tööleping</td></tr><tr><td style="white-space:nowrap">6<a name="tootamise-liik-6"> </a></td><td>Sotsiaalmaksukohustusega FIE abikaasa</td><td>Sotsiaalmaksukohustusega FIE abikaasa</td></tr><tr><td style="white-space:nowrap">600<a name="tootamise-liik-600"> </a></td><td>VÕS leping</td><td>VÕS leping</td></tr><tr><td style="white-space:nowrap">601<a name="tootamise-liik-601"> </a></td><td>Juhtimis-, kontrollorgani liige</td><td>Juhtimis-, kontrollorgani liige</td></tr><tr><td style="white-space:nowrap">602<a name="tootamise-liik-602"> </a></td><td>Viisa alusel - VÕS leping</td><td>Viisa alusel - VÕS leping</td></tr><tr><td style="white-space:nowrap">603<a name="tootamise-liik-603"> </a></td><td>Viisa alusel - juhtimis-, kontrollorgani liikme tasu</td><td>Viisa alusel - juhtimis-, kontrollorgani liikme tasu</td></tr><tr><td style="white-space:nowrap">800<a name="tootamise-liik-800"> </a></td><td>Tööleping laevapere liikme soodustusega</td><td>Tööleping laevapere liikme soodustusega</td></tr><tr><td style="white-space:nowrap">801<a name="tootamise-liik-801"> </a></td><td>Meretööleping, juhtivtöötaja reisilaeval</td><td>Meretööleping, juhtivtöötaja reisilaeval</td></tr><tr><td style="white-space:nowrap">802<a name="tootamise-liik-802"> </a></td><td>Meretööleping, töötaja reisilaeval</td><td>Meretööleping, töötaja reisilaeval</td></tr></table></div>
  </text>
  <extension url="http://hl7.org/fhir/tools/StructureDefinition/web-source">
    <valueUrl value="https://termx.kodality.dev/fhir/CodeSystem/tootamise-liik"/>
  </extension>
  <url value="https://fhir.ee/CodeSystem/tootamise-liik"/>
  <version value="0.2.2"/>
  <versionAlgorithmString value="semver"/>
  <name value="TootamiseLiik"/>
  <title value="Töötamise liik"/>
  <status value="draft"/>
  <experimental value="false"/>
  <date value="2023-08-18T00:00:00Z"/>
  <publisher value="HL7 Estonia"/>
  <contact>
    <name value="HL7 Estonia"/>
    <telecom>
      <system value="url"/>
      <value value="https://www.hl7.ee"/>
    </telecom>
  </contact>
  <jurisdiction>
    <coding>
      <system value="urn:iso:std:iso:3166"/>
      <code value="EE"/>
      <display value="Estonia"/>
    </coding>
  </jurisdiction>
  <caseSensitive value="false"/>
  <content value="complete"/>
  <count value="18"/>
  <property>
    <code value="definition"/>
    <type value="string"/>
  </property>
  <property>
    <code value="display"/>
    <type value="string"/>
  </property>
  <concept>
    <code value="1"/>
    <display value="Tööleping"/>
    <designation>
      <language value="et"/>
      <use>
        <code value="display"/>
      </use>
      <value value="Tööleping"/>
    </designation>
  </concept>
  <concept>
    <code value="15"/>
    <display value="Abikaasatasu"/>
    <designation>
      <language value="et"/>
      <use>
        <code value="display"/>
      </use>
      <value value="Abikaasatasu"/>
    </designation>
  </concept>
  <concept>
    <code value="2"/>
    <display value="Avalik teenistus"/>
    <designation>
      <language value="et"/>
      <use>
        <code value="display"/>
      </use>
      <value value="Avalik teenistus"/>
    </designation>
  </concept>
  <concept>
    <code value="3"/>
    <display value="Kõrgemad riigiteenijad"/>
    <designation>
      <language value="et"/>
      <use>
        <code value="display"/>
      </use>
      <value value="Kõrgemad riigiteenijad"/>
    </designation>
  </concept>
  <concept>
    <code value="4"/>
    <display value="Omavalitsuse valitud või nimetatud liige"/>
    <designation>
      <language value="et"/>
      <use>
        <code value="display"/>
      </use>
      <value value="Omavalitsuse valitud või nimetatud liige"/>
    </designation>
  </concept>
  <concept>
    <code value="501"/>
    <display value="Vabatahtlik töö"/>
    <designation>
      <language value="et"/>
      <use>
        <code value="display"/>
      </use>
      <value value="Vabatahtlik töö"/>
    </designation>
  </concept>
  <concept>
    <code value="504"/>
    <display value="Töötamine TM kohustusega Eestis, SM välisriigis"/>
    <designation>
      <language value="et"/>
      <use>
        <code value="display"/>
      </use>
      <value value="Töötamine TM kohustusega Eestis, SM välisriigis"/>
    </designation>
  </concept>
  <concept>
    <code value="505"/>
    <display value="KOV komisjoni liige, kes ei ole KOV volikogu liige"/>
    <designation>
      <language value="et"/>
      <use>
        <code value="display"/>
      </use>
      <value value="KOV komisjoni liige, kes ei ole KOV volikogu liige"/>
    </designation>
  </concept>
  <concept>
    <code value="506"/>
    <display value="Töötamine TM kohustusega Eestis ilma SM kohustuseta"/>
    <designation>
      <language value="et"/>
      <use>
        <code value="display"/>
      </use>
      <value value="Töötamine TM kohustusega Eestis ilma SM kohustuseta"/>
    </designation>
  </concept>
  <concept>
    <code value="507"/>
    <display value="Viisa alusel - tööleping"/>
    <designation>
      <language value="et"/>
      <use>
        <code value="display"/>
      </use>
      <value value="Viisa alusel - tööleping"/>
    </designation>
  </concept>
  <concept>
    <code value="6"/>
    <display value="Sotsiaalmaksukohustusega FIE abikaasa"/>
    <designation>
      <language value="et"/>
      <use>
        <code value="display"/>
      </use>
      <value value="Sotsiaalmaksukohustusega FIE abikaasa"/>
    </designation>
  </concept>
  <concept>
    <code value="600"/>
    <display value="VÕS leping"/>
    <designation>
      <language value="et"/>
      <use>
        <code value="display"/>
      </use>
      <value value="VÕS leping"/>
    </designation>
  </concept>
  <concept>
    <code value="601"/>
    <display value="Juhtimis-, kontrollorgani liige"/>
    <designation>
      <language value="et"/>
      <use>
        <code value="display"/>
      </use>
      <value value="Juhtimis-, kontrollorgani liige"/>
    </designation>
  </concept>
  <concept>
    <code value="602"/>
    <display value="Viisa alusel - VÕS leping"/>
    <designation>
      <language value="et"/>
      <use>
        <code value="display"/>
      </use>
      <value value="Viisa alusel - VÕS leping"/>
    </designation>
  </concept>
  <concept>
    <code value="603"/>
    <display value="Viisa alusel - juhtimis-, kontrollorgani liikme tasu"/>
    <designation>
      <language value="et"/>
      <use>
        <code value="display"/>
      </use>
      <value value="Viisa alusel - juhtimis-, kontrollorgani liikme tasu"/>
    </designation>
  </concept>
  <concept>
    <code value="800"/>
    <display value="Tööleping laevapere liikme soodustusega"/>
    <designation>
      <language value="et"/>
      <use>
        <code value="display"/>
      </use>
      <value value="Tööleping laevapere liikme soodustusega"/>
    </designation>
  </concept>
  <concept>
    <code value="801"/>
    <display value="Meretööleping, juhtivtöötaja reisilaeval"/>
    <designation>
      <language value="et"/>
      <use>
        <code value="display"/>
      </use>
      <value value="Meretööleping, juhtivtöötaja reisilaeval"/>
    </designation>
  </concept>
  <concept>
    <code value="802"/>
    <display value="Meretööleping, töötaja reisilaeval"/>
    <designation>
      <language value="et"/>
      <use>
        <code value="display"/>
      </use>
      <value value="Meretööleping, töötaja reisilaeval"/>
    </designation>
  </concept>
</CodeSystem>