<?xml version="1.0" encoding="UTF-8"?>

<CodeSystem xmlns="http://hl7.org/fhir">
  <id value="toovoime-liik"/>
  <text>
    <status value="generated"/><div xmlns="http://www.w3.org/1999/xhtml"><p class="res-header-id"><b>Generated Narrative: CodeSystem toovoime-liik</b></p><a name="toovoime-liik"> </a><a name="hctoovoime-liik"> </a><a name="toovoime-liik-en-US"> </a><p>This case-insensitive code system <code>https://fhir.ee/CodeSystem/toovoime-liik</code> defines the following codes:</p><table class="codes"><tr><td style="white-space:nowrap"><b>Code</b></td><td><b>Display</b></td><td><b>Estonian (et)</b></td></tr><tr><td style="white-space:nowrap">puudub<a name="toovoime-liik-puudub"> </a></td><td>Puuduv töövõime</td><td>Puuduv töövõime</td></tr><tr><td style="white-space:nowrap">osaline<a name="toovoime-liik-osaline"> </a></td><td>Osaline töövõime</td><td>Osaline töövõime</td></tr><tr><td style="white-space:nowrap">taielik<a name="toovoime-liik-taielik"> </a></td><td>Töövõime ei ole vähenenud</td><td>Töövõime ei ole vähenenud</td></tr></table></div>
  </text>
  <url value="https://fhir.ee/CodeSystem/toovoime-liik"/>
  <version value="0.2.2"/>
  <name value="ToovoimeLiik"/>
  <title value="Töövõime liik"/>
  <status value="active"/>
  <experimental value="false"/>
  <date value="2024-07-30T22:47:18+03:00"/>
  <publisher value="HL7 Estonia"/>
  <contact>
    <name value="HL7 Estonia"/>
    <telecom>
      <system value="url"/>
      <value value="https://www.hl7.ee"/>
    </telecom>
  </contact>
  <description value="Töövõime liik"/>
  <jurisdiction>
    <coding>
      <system value="urn:iso:std:iso:3166"/>
      <code value="EE"/>
      <display value="Estonia"/>
    </coding>
  </jurisdiction>
  <caseSensitive value="false"/>
  <content value="complete"/>
  <count value="3"/>
  <concept>
    <code value="puudub"/>
    <display value="Puuduv töövõime"/>
    <designation>
      <language value="et"/>
      <value value="Puuduv töövõime"/>
    </designation>
  </concept>
  <concept>
    <code value="osaline"/>
    <display value="Osaline töövõime"/>
    <designation>
      <language value="et"/>
      <value value="Osaline töövõime"/>
    </designation>
  </concept>
  <concept>
    <code value="taielik"/>
    <display value="Töövõime ei ole vähenenud"/>
    <designation>
      <language value="et"/>
      <value value="Töövõime ei ole vähenenud"/>
    </designation>
  </concept>
</CodeSystem>