{
  "resourceType" : "CodeSystem",
  "id" : "toovoime-liik",
  "text" : {
    "status" : "generated",
    "div" : "<div xmlns=\"http://www.w3.org/1999/xhtml\"><p class=\"res-header-id\"><b>Generated Narrative: CodeSystem toovoime-liik</b></p><a name=\"toovoime-liik\"> </a><a name=\"hctoovoime-liik\"> </a><a name=\"toovoime-liik-en-US\"> </a><p>This case-insensitive code system <code>https://fhir.ee/CodeSystem/toovoime-liik</code> defines the following codes:</p><table class=\"codes\"><tr><td style=\"white-space:nowrap\"><b>Code</b></td><td><b>Display</b></td><td><b>Estonian (et)</b></td></tr><tr><td style=\"white-space:nowrap\">puudub<a name=\"toovoime-liik-puudub\"> </a></td><td>Puuduv töövõime</td><td>Puuduv töövõime</td></tr><tr><td style=\"white-space:nowrap\">osaline<a name=\"toovoime-liik-osaline\"> </a></td><td>Osaline töövõime</td><td>Osaline töövõime</td></tr><tr><td style=\"white-space:nowrap\">taielik<a name=\"toovoime-liik-taielik\"> </a></td><td>Töövõime ei ole vähenenud</td><td>Töövõime ei ole vähenenud</td></tr></table></div>"
  },
  "url" : "https://fhir.ee/CodeSystem/toovoime-liik",
  "version" : "0.2.2",
  "name" : "ToovoimeLiik",
  "title" : "Töövõime liik",
  "status" : "active",
  "experimental" : false,
  "date" : "2024-07-30T22:47:18+03:00",
  "publisher" : "HL7 Estonia",
  "contact" : [{
    "name" : "HL7 Estonia",
    "telecom" : [{
      "system" : "url",
      "value" : "https://www.hl7.ee"
    }]
  }],
  "description" : "Töövõime liik",
  "jurisdiction" : [{
    "coding" : [{
      "system" : "urn:iso:std:iso:3166",
      "code" : "EE",
      "display" : "Estonia"
    }]
  }],
  "caseSensitive" : false,
  "content" : "complete",
  "count" : 3,
  "concept" : [{
    "code" : "puudub",
    "display" : "Puuduv töövõime",
    "designation" : [{
      "language" : "et",
      "value" : "Puuduv töövõime"
    }]
  },
  {
    "code" : "osaline",
    "display" : "Osaline töövõime",
    "designation" : [{
      "language" : "et",
      "value" : "Osaline töövõime"
    }]
  },
  {
    "code" : "taielik",
    "display" : "Töövõime ei ole vähenenud",
    "designation" : [{
      "language" : "et",
      "value" : "Töövõime ei ole vähenenud"
    }]
  }]
}