{
  "resourceType" : "ConceptMap",
  "id" : "person-relationship-mpi-v3",
  "text" : {
    "status" : "generated",
    "div" : "<div xmlns=\"http://www.w3.org/1999/xhtml\"><p class=\"res-header-id\"><b>Generated Narrative: ConceptMap person-relationship-mpi-v3</b></p><a name=\"person-relationship-mpi-v3\"> </a><a name=\"hcperson-relationship-mpi-v3\"> </a><a name=\"person-relationship-mpi-v3-en-US\"> </a><p>Mapping from <a href=\"ValueSet-person-relationship.html\">Person Relationship</a> to urn:oid:1.3.6.1.4.1.28284.6.2.3.5</p><p>ACTIVE. Published on 2023-09-25 by HL7 Estonia  (HL7 Estonia: <a href=\"https://www.hl7.ee\">https://www.hl7.ee</a>). </p><div><p>A mapping between the new and legacy person relationships</p>\n</div><br/><p><b>Group 1 </b>Mapping from <a href=\"http://terminology.hl7.org/6.0.2/CodeSystem-v3-snomed-CT.html\">SNOMED\u00a0CT International Edition</a> to <code>urn:oid:1.3.6.1.4.1.28284.6.2.3.5</code></p><table class=\"grid\"><tr><td><b>Source Code</b></td><td><b>Relationship</b></td><td><b>Target Code</b></td></tr><tr><td>72705000 (Mother)</td><td><a href=\"http://hl7.org/fhir/R5/codesystem-concept-map-relationship.html#equivalent\" title=\"equivalent\">is equivalent to</a></td><td>4</td></tr><tr><td>66839005 (Father)</td><td><a href=\"http://hl7.org/fhir/R5/codesystem-concept-map-relationship.html#equivalent\" title=\"equivalent\">is equivalent to</a></td><td>5</td></tr><tr><td>67822003 (Child)</td><td><a href=\"http://hl7.org/fhir/R5/codesystem-concept-map-relationship.html#equivalent\" title=\"equivalent\">is equivalent to</a></td><td>11</td></tr><tr><td>127848009 (Spouse)</td><td><a href=\"http://hl7.org/fhir/R5/codesystem-concept-map-relationship.html#equivalent\" title=\"equivalent\">is equivalent to</a></td><td>1</td></tr><tr><td>394921008 (Cohabitee)</td><td><a href=\"http://hl7.org/fhir/R5/codesystem-concept-map-relationship.html#equivalent\" title=\"equivalent\">is equivalent to</a></td><td>13</td></tr><tr><td>394863008 (Non-family member)</td><td><a href=\"http://hl7.org/fhir/R5/codesystem-concept-map-relationship.html#equivalent\" title=\"equivalent\">is equivalent to</a></td><td>16</td></tr><tr><td>125677006 (Relative)</td><td><a href=\"http://hl7.org/fhir/R5/codesystem-concept-map-relationship.html#equivalent\" title=\"equivalent\">is equivalent to</a></td><td>11</td></tr><tr><td>106328005 (Social worker)</td><td><a href=\"http://hl7.org/fhir/R5/codesystem-concept-map-relationship.html#equivalent\" title=\"equivalent\">is equivalent to</a></td><td>17</td></tr></table></div>"
  },
  "url" : "https://fhir.ee/ConceptMap/person-relationship-mpi-v3",
  "version" : "0.2.2",
  "name" : "PersonRelationshipMPIV3",
  "title" : "Mapping of MPI person relationship to legacy V3",
  "status" : "active",
  "experimental" : false,
  "date" : "2023-09-25",
  "publisher" : "HL7 Estonia",
  "contact" : [{
    "name" : "HL7 Estonia",
    "telecom" : [{
      "system" : "url",
      "value" : "https://www.hl7.ee"
    }]
  }],
  "description" : "A mapping between the new and legacy person relationships",
  "useContext" : [{
    "code" : {
      "system" : "http://terminology.hl7.org/CodeSystem/usage-context-type",
      "code" : "venue"
    },
    "valueCodeableConcept" : {
      "text" : "for NHIS usage"
    }
  }],
  "jurisdiction" : [{
    "coding" : [{
      "system" : "urn:iso:std:iso:3166",
      "code" : "EE",
      "display" : "Estonia"
    }]
  }],
  "sourceScopeUri" : "https://fhir.ee/ValueSet/person-relationship",
  "targetScopeUri" : "urn:oid:1.3.6.1.4.1.28284.6.2.3.5",
  "group" : [{
    "source" : "http://snomed.info/sct",
    "target" : "urn:oid:1.3.6.1.4.1.28284.6.2.3.5",
    "element" : [{
      "code" : "72705000",
      "display" : "Mother",
      "target" : [{
        "code" : "4",
        "relationship" : "equivalent"
      }]
    },
    {
      "code" : "66839005",
      "display" : "Father",
      "target" : [{
        "code" : "5",
        "relationship" : "equivalent"
      }]
    },
    {
      "code" : "67822003",
      "display" : "Child",
      "target" : [{
        "code" : "11",
        "relationship" : "equivalent"
      }]
    },
    {
      "code" : "127848009",
      "display" : "Spouse",
      "target" : [{
        "code" : "1",
        "relationship" : "equivalent"
      }]
    },
    {
      "code" : "394921008",
      "display" : "Cohabitee",
      "target" : [{
        "code" : "13",
        "relationship" : "equivalent"
      }]
    },
    {
      "code" : "394863008",
      "display" : "Non-family member",
      "target" : [{
        "code" : "16",
        "relationship" : "equivalent"
      }]
    },
    {
      "code" : "125677006",
      "display" : "Relative",
      "target" : [{
        "code" : "11",
        "relationship" : "equivalent"
      }]
    },
    {
      "code" : "106328005",
      "display" : "Social worker",
      "target" : [{
        "code" : "17",
        "relationship" : "equivalent"
      }]
    }]
  }]
}