<?xml version="1.0" encoding="UTF-8"?>

<NamingSystem xmlns="http://hl7.org/fhir">
  <id value="pid-est-ni"/>
  <text>
    <status value="generated"/><div xmlns="http://www.w3.org/1999/xhtml"><p class="res-header-id"><b>Generated Narrative: NamingSystem pid-est-ni</b></p><a name="pid-est-ni"> </a><a name="hcpid-est-ni"> </a><a name="pid-est-ni-en-US"> </a><h3>Summary</h3><table class="grid"><tr><td>Defining URL</td><td>https://fhir.ee/NamingSystem/pid-est-ni</td></tr><tr><td>Version</td><td>0.2.2</td></tr><tr><td>Name</td><td>PidEstNi</td></tr><tr><td>Title</td><td>Estonian Personal National Identification Code</td></tr><tr><td>Status</td><td>draft</td></tr><tr><td>Definition</td><td><div><p>The personal national identification code of Estonian citizens and residents.</p>
</div></td></tr><tr><td>Publisher</td><td>HL7 Estonia</td></tr></table><h3>Identifiers</h3><table class="grid"><tr><td><b>Type</b></td><td><b>Value</b></td><td><b>Preferred</b></td></tr><tr><td>URI</td><td>https://fhir.ee/sid/pid/est/ni</td><td>true</td></tr><tr><td>OID</td><td>1.3.6.1.4.1.28284.6.2.2.1</td><td>true</td></tr></table></div>
  </text>
  <url value="https://fhir.ee/NamingSystem/pid-est-ni"/>
  <version value="0.2.2"/>
  <name value="PidEstNi"/>
  <title value="Estonian Personal National Identification Code"/>
  <status value="draft"/>
  <kind value="identifier"/>
  <date value="2022-11-05T11:45:29.0437162+00:00"/>
  <publisher value="HL7 Estonia"/>
  <contact>
    <name value="HL7 Estonia"/>
    <telecom>
      <system value="url"/>
      <value value="https://www.hl7.ee"/>
    </telecom>
  </contact>
  <type>
    <coding>
      <system value="http://terminology.hl7.org/CodeSystem/v2-0203"/>
      <code value="SB"/>
    </coding>
  </type>
  <description value="The personal national identification code of Estonian citizens and residents."/>
  <jurisdiction>
    <coding>
      <system value="urn:iso:std:iso:3166"/>
      <code value="EE"/>
      <display value="Estonia"/>
    </coding>
  </jurisdiction>
  <usage value="Used in resources where the Estonian identification code for a person is needed."/>
  <uniqueId>
    <type value="uri"/>
    <value value="https://fhir.ee/sid/pid/est/ni"/>
    <preferred value="true"/>
  </uniqueId>
  <uniqueId>
    <type value="oid"/>
    <value value="1.3.6.1.4.1.28284.6.2.2.1"/>
    <preferred value="true"/>
  </uniqueId>
</NamingSystem>