{
  "package": "ee.fhir.terminology",
  "version": "0.2.2",
  "fhirVersion": "5.0.0",
  "jurisdiction": "EE",
  "extensions": [],
  "profiles": {},
  "usage": {
    "http://hl7.org/fhir/tools/StructureDefinition/ig-internal-dependency": [
      "ImplementationGuide.definition"
    ],
    "http://hl7.org/fhir/tools/StructureDefinition/implementationguide-dependency-comment": [
      "ImplementationGuide.dependsOn"
    ],
    "http://hl7.org/fhir/tools/StructureDefinition/resource-information": [
      "ImplementationGuide.definition.resource"
    ],
    "http://hl7.org/fhir/tools/StructureDefinition/web-source": [
      "CodeSystem"
    ]
  }
}