{
  "resourceType" : "ValueSet",
  "id" : "national-identifier-requirement",
  "text" : {
    "status" : "generated",
    "div" : "<div xmlns=\"http://www.w3.org/1999/xhtml\"><p class=\"res-header-id\"><b>Generated Narrative: ValueSet national-identifier-requirement</b></p><a name=\"national-identifier-requirement\"> </a><a name=\"hcnational-identifier-requirement\"> </a><a name=\"national-identifier-requirement-en-US\"> </a><ul><li>Include all codes defined in <a href=\"CodeSystem-national-identifier-requirement.html\"><code>https://fhir.ee/CodeSystem/national-identifier-requirement</code></a></li></ul></div>"
  },
  "url" : "https://fhir.ee/ValueSet/national-identifier-requirement",
  "version" : "0.2.2",
  "name" : "NationalIdentifierRequirement",
  "title" : "National identifier requirement",
  "status" : "active",
  "experimental" : false,
  "date" : "2024-07-30T22:47:18+03:00",
  "publisher" : "HL7 Estonia",
  "contact" : [{
    "name" : "HL7 Estonia",
    "telecom" : [{
      "system" : "url",
      "value" : "https://www.hl7.ee"
    }]
  }],
  "description" : "Nimekiri riikidest mille puhul on kohustuslik lisaks isiku identifitseerivale dokumendinumbrile määrata ka isikukood",
  "jurisdiction" : [{
    "coding" : [{
      "system" : "urn:iso:std:iso:3166",
      "code" : "EE",
      "display" : "Estonia"
    }]
  }],
  "compose" : {
    "include" : [{
      "system" : "https://fhir.ee/CodeSystem/national-identifier-requirement"
    }]
  }
}