<?xml version="1.0" encoding="UTF-8"?>

<ValueSet xmlns="http://hl7.org/fhir">
  <id value="date-accuracy-indicator"/>
  <text>
    <status value="generated"/><div xmlns="http://www.w3.org/1999/xhtml"><p class="res-header-id"><b>Generated Narrative: ValueSet date-accuracy-indicator</b></p><a name="date-accuracy-indicator"> </a><a name="hcdate-accuracy-indicator"> </a><a name="date-accuracy-indicator-en-US"> </a><ul><li>Include all codes defined in <a href="CodeSystem-date-accuracy-indicator.html"><code>https://fhir.ee/CodeSystem/date-accuracy-indicator</code></a></li></ul></div>
  </text>
  <url value="https://fhir.ee/ValueSet/date-accuracy-indicator"/>
  <version value="0.2.2"/>
  <name value="EEDateAccuracyIndicator"/>
  <title value="Date Accuracy Indicator"/>
  <status value="active"/>
  <experimental value="true"/>
  <date value="2024-07-30T22:47:18+03:00"/>
  <publisher value="HL7 Estonia"/>
  <contact>
    <name value="HL7 Estonia"/>
    <telecom>
      <system value="url"/>
      <value value="https://www.hl7.ee"/>
    </telecom>
  </contact>
  <description value="Date Accuracy Indicator"/>
  <jurisdiction>
    <coding>
      <system value="urn:iso:std:iso:3166"/>
      <code value="EE"/>
      <display value="Estonia"/>
    </coding>
  </jurisdiction>
  <compose>
    <include>
      <system value="https://fhir.ee/CodeSystem/date-accuracy-indicator"/>
    </include>
  </compose>
</ValueSet>