<?xml version="1.0" encoding="UTF-8"?>

<ValueSet xmlns="http://hl7.org/fhir">
  <id value="act-priority"/>
  <text>
    <status value="generated"/><div xmlns="http://www.w3.org/1999/xhtml"><p class="res-header-id"><b>Generated Narrative: ValueSet act-priority</b></p><a name="act-priority"> </a><a name="hcact-priority"> </a><a name="act-priority-en-US"> </a><ul><li>Import all the codes that are contained in <a href="http://terminology.hl7.org/6.0.2/ValueSet-v3-ActPriority.html">ActPriority</a></li></ul></div>
  </text>
  <url value="https://fhir.ee/ValueSet/act-priority"/>
  <version value="0.2.2"/>
  <name value="EEActPriority"/>
  <title value="Act Priority"/>
  <status value="active"/>
  <experimental value="false"/>
  <date value="2024-07-30T22:47:18+03:00"/>
  <publisher value="HL7 Estonia"/>
  <contact>
    <name value="HL7 Estonia"/>
    <telecom>
      <system value="url"/>
      <value value="https://www.hl7.ee"/>
    </telecom>
  </contact>
  <description value="Act Priority"/>
  <jurisdiction>
    <coding>
      <system value="urn:iso:std:iso:3166"/>
      <code value="EE"/>
      <display value="Estonia"/>
    </coding>
  </jurisdiction>
  <compose>
    <include>
      <valueSet value="http://terminology.hl7.org/ValueSet/v3-ActPriority"/>
    </include>
  </compose>
</ValueSet>