{
  "resourceType" : "ValueSet",
  "id" : "puude-raskusaste",
  "text" : {
    "status" : "generated",
    "div" : "<div xmlns=\"http://www.w3.org/1999/xhtml\"><p class=\"res-header-id\"><b>Generated Narrative: ValueSet puude-raskusaste</b></p><a name=\"puude-raskusaste\"> </a><a name=\"hcpuude-raskusaste\"> </a><a name=\"puude-raskusaste-en-US\"> </a><ul><li>Include all codes defined in <a href=\"CodeSystem-puude-raskusaste.html\"><code>https://fhir.ee/CodeSystem/puude-raskusaste</code></a></li></ul></div>"
  },
  "url" : "https://fhir.ee/ValueSet/puude-raskusaste",
  "version" : "0.2.2",
  "name" : "PuudeRaskusaste",
  "title" : "Puude raskusaste",
  "status" : "active",
  "experimental" : false,
  "date" : "2024-07-30T22:47:18+03:00",
  "publisher" : "HL7 Estonia",
  "contact" : [{
    "name" : "HL7 Estonia",
    "telecom" : [{
      "system" : "url",
      "value" : "https://www.hl7.ee"
    }]
  }],
  "description" : "Puude raskusaste",
  "jurisdiction" : [{
    "coding" : [{
      "system" : "urn:iso:std:iso:3166",
      "code" : "EE",
      "display" : "Estonia"
    }]
  }],
  "compose" : {
    "include" : [{
      "system" : "https://fhir.ee/CodeSystem/puude-raskusaste"
    }]
  }
}