<?xml version="1.0" encoding="UTF-8"?>

<ValueSet xmlns="http://hl7.org/fhir">
  <id value="observation-category"/>
  <text>
    <status value="generated"/><div xmlns="http://www.w3.org/1999/xhtml"><p class="res-header-id"><b>Generated Narrative: ValueSet observation-category</b></p><a name="observation-category"> </a><a name="hcobservation-category"> </a><a name="observation-category-en-US"> </a><ul><li>Include all codes defined in <a href="http://terminology.hl7.org/6.0.2/CodeSystem-observation-category.html"><code>http://terminology.hl7.org/CodeSystem/observation-category</code></a></li></ul></div>
  </text>
  <url value="https://fhir.ee/ValueSet/observation-category"/>
  <version value="0.2.2"/>
  <name value="EEObservationCategory"/>
  <title value="Observation Category"/>
  <status value="active"/>
  <experimental value="true"/>
  <date value="2024-07-30T22:47:18+03:00"/>
  <publisher value="HL7 Estonia"/>
  <contact>
    <name value="HL7 Estonia"/>
    <telecom>
      <system value="url"/>
      <value value="https://www.hl7.ee"/>
    </telecom>
  </contact>
  <description value="Observation category"/>
  <jurisdiction>
    <coding>
      <system value="urn:iso:std:iso:3166"/>
      <code value="EE"/>
      <display value="Estonia"/>
    </coding>
  </jurisdiction>
  <compose>
    <include>
      <system value="http://terminology.hl7.org/CodeSystem/observation-category"/>
    </include>
  </compose>
</ValueSet>