<?xml version="1.0" encoding="UTF-8"?>

<Observation xmlns="http://hl7.org/fhir">
  <id value="PowerOfAttorney"/>
  <meta>
    <profile value="https://fhir.ee/mpi/StructureDefinition/ee-mpi-socialhistory-power-of-attorney"/>
  </meta>
  <text>
    <status value="generated"/><div xmlns="http://www.w3.org/1999/xhtml"><p class="res-header-id"><b>Generated Narrative: Observation PowerOfAttorney</b></p><a name="PowerOfAttorney"> </a><a name="hcPowerOfAttorney"> </a><a name="PowerOfAttorney-en-US"> </a><p><b>status</b>: Final</p><p><b>category</b>: <span title="Codes:{http://terminology.hl7.org/CodeSystem/observation-category social-history}">Social history</span></p><p><b>code</b>: <span title="Codes:{http://snomed.info/sct 186063005}">Power of attorney observable</span></p><p><b>subject</b>: <a href="Patient-pat1.html">Igor Bossenko (official) Male, DoB: 1973-02-10 ( https://fhir.ee/sid/pid/est/ni#Estonian Personal National Identification Code#37302102711)</a></p><p><b>effective</b>: 2021-11-23 --&gt; (ongoing)</p><p><b>performer</b>: <a href="#hcPowerOfAttorney/rp">RelatedPerson Anti Tamm </a></p><p><b>value</b>: <span title="Codes:{https://fhir.ee/CodeSystem/hooldusoiguse-liik H10}">Täielik isikuhooldusõigus</span></p><hr/><blockquote><p class="res-header-id"><b>Generated Narrative: RelatedPerson  #rp</b></p><a name="PowerOfAttorney/rp"> </a><a name="hcPowerOfAttorney/rp"> </a><a name="PowerOfAttorney/rp-en-US"> </a><p><b>identifier</b>: <a href="file:///Users/igor/source/hl7/ig-ee-terminology/output/NamingSystem-pid-est-ni.html" title="The personal national identification code of Estonian citizens and residents.">Estonian Personal National Identification Code</a>/48501212711</p><p><b>patient</b>: <a href="Patient-pat1.html">Igor Bossenko (official) Male, DoB: 1973-02-10 ( https://fhir.ee/sid/pid/est/ni#Estonian Personal National Identification Code#37302102711)</a></p><p><b>name</b>: Anti Tamm </p></blockquote></div>
  </text>
  <contained>
    <RelatedPerson>
      <id value="rp"/>
      <identifier>
        <system value="https://fhir.ee/sid/pid/est/ni"/>
        <value value="48501212711"/>
      </identifier>
      <patient>
        <reference value="Patient/pat1"/>
      </patient>
      <name>
        <family value="Tamm"/>
        <given value="Anti"/>
      </name>
    </RelatedPerson>
  </contained>
  <status value="final"/>
  <category>
    <coding>
      <system value="http://terminology.hl7.org/CodeSystem/observation-category"/>
      <code value="social-history"/>
      <display value="Social history"/>
    </coding>
  </category>
  <code>
    <coding>
      <system value="http://snomed.info/sct"/>
      <code value="186063005"/>
      <display value="Power of attorney observable"/>
    </coding>
  </code>
  <subject>
    <reference value="Patient/pat1"/>
  </subject>
  <effectivePeriod>
    <start value="2021-11-23"/>
  </effectivePeriod>
  <performer>
    <reference value="#rp"/>
  </performer>
  <valueCodeableConcept>
    <coding>
      <system value="https://fhir.ee/CodeSystem/hooldusoiguse-liik"/>
      <code value="H10"/>
      <display value="Täielik isikuhooldusõigus"/>
    </coding>
  </valueCodeableConcept>
</Observation>