{
  "resourceType" : "Observation",
  "id" : "LegalStatus",
  "meta" : {
    "profile" : ["https://fhir.ee/mpi/StructureDefinition/ee-mpi-socialhistory-legal-status"]
  },
  "text" : {
    "status" : "generated",
    "div" : "<div xmlns=\"http://www.w3.org/1999/xhtml\"><p class=\"res-header-id\"><b>Generated Narrative: Observation LegalStatus</b></p><a name=\"LegalStatus\"> </a><a name=\"hcLegalStatus\"> </a><a name=\"LegalStatus-en-US\"> </a><p><b>status</b>: Final</p><p><b>category</b>: <span title=\"Codes:{http://terminology.hl7.org/CodeSystem/observation-category social-history}\">Social history</span></p><p><b>code</b>: <span title=\"Codes:{http://snomed.info/sct 8625004}\">Legal status</span></p><p><b>subject</b>: <a href=\"Patient-pat1.html\">Igor Bossenko (official) Male, DoB: 1973-02-10 ( https://fhir.ee/sid/pid/est/ni#Estonian Personal National Identification Code#37302102711)</a></p><p><b>effective</b>: 2021-11-23 --&gt; (ongoing)</p><p><b>performer</b>: <a href=\"RelatedPerson-relpat12.html\">RelatedPerson Wife of Igor</a></p><p><b>value</b>: <span title=\"Codes:{https://fhir.ee/CodeSystem/teovoime-staatus T0}\">Teovõimeline</span></p></div>"
  },
  "status" : "final",
  "category" : [{
    "coding" : [{
      "system" : "http://terminology.hl7.org/CodeSystem/observation-category",
      "code" : "social-history",
      "display" : "Social history"
    }]
  }],
  "code" : {
    "coding" : [{
      "system" : "http://snomed.info/sct",
      "code" : "8625004",
      "display" : "Legal status"
    }]
  },
  "subject" : {
    "reference" : "Patient/pat1"
  },
  "effectivePeriod" : {
    "start" : "2021-11-23"
  },
  "performer" : [{
    "reference" : "RelatedPerson/relpat12"
  }],
  "valueCodeableConcept" : {
    "coding" : [{
      "system" : "https://fhir.ee/CodeSystem/teovoime-staatus",
      "code" : "T0",
      "display" : "Teovõimeline"
    }]
  }
}