{
  "resourceType" : "Observation",
  "id" : "IncapacityForWork",
  "meta" : {
    "profile" : ["https://fhir.ee/mpi/StructureDefinition/ee-mpi-socialhistory-incapacity-for-work"]
  },
  "text" : {
    "status" : "generated",
    "div" : "<div xmlns=\"http://www.w3.org/1999/xhtml\"><p class=\"res-header-id\"><b>Generated Narrative: Observation IncapacityForWork</b></p><a name=\"IncapacityForWork\"> </a><a name=\"hcIncapacityForWork\"> </a><a name=\"IncapacityForWork-en-US\"> </a><p><b>status</b>: Final</p><p><b>category</b>: <span title=\"Codes:{http://terminology.hl7.org/CodeSystem/observation-category social-history}\">Social history</span></p><p><b>code</b>: <span title=\"Codes:{http://snomed.info/sct 301707001}\">Ability to perform occupation and employment activities</span></p><p><b>subject</b>: <a href=\"Patient-pat1.html\">Igor Bossenko (official) Male, DoB: 1973-02-10 ( https://fhir.ee/sid/pid/est/ni#Estonian Personal National Identification Code#37302102711)</a></p><p><b>effective</b>: 2021-11-23 --&gt; (ongoing)</p><p><b>performer</b>: <a href=\"Organization-Org1.html\">Organization General Hospital</a></p><p><b>value</b>: <span title=\"Codes:{https://fhir.ee/CodeSystem/toovoime-liik puudub}\">Puuduv töövõime</span></p></div>"
  },
  "status" : "final",
  "category" : [{
    "coding" : [{
      "system" : "http://terminology.hl7.org/CodeSystem/observation-category",
      "code" : "social-history",
      "display" : "Social history"
    }]
  }],
  "code" : {
    "coding" : [{
      "system" : "http://snomed.info/sct",
      "code" : "301707001",
      "display" : "Ability to perform occupation and employment activities"
    }]
  },
  "subject" : {
    "reference" : "Patient/pat1"
  },
  "effectivePeriod" : {
    "start" : "2021-11-23"
  },
  "performer" : [{
    "reference" : "Organization/Org1"
  }],
  "valueCodeableConcept" : {
    "coding" : [{
      "system" : "https://fhir.ee/CodeSystem/toovoime-liik",
      "code" : "puudub",
      "display" : "Puuduv töövõime"
    }]
  }
}