{
  "resourceType" : "Observation",
  "id" : "PowerOfAttorney",
  "meta" : {
    "profile" : ["https://fhir.ee/mpi/StructureDefinition/ee-mpi-socialhistory-power-of-attorney"]
  },
  "text" : {
    "status" : "generated",
    "div" : "<div xmlns=\"http://www.w3.org/1999/xhtml\"><p class=\"res-header-id\"><b>Generated Narrative: Observation PowerOfAttorney</b></p><a name=\"PowerOfAttorney\"> </a><a name=\"hcPowerOfAttorney\"> </a><a name=\"PowerOfAttorney-en-US\"> </a><p><b>status</b>: Final</p><p><b>category</b>: <span title=\"Codes:{http://terminology.hl7.org/CodeSystem/observation-category social-history}\">Social history</span></p><p><b>code</b>: <span title=\"Codes:{http://snomed.info/sct 186063005}\">Power of attorney observable</span></p><p><b>subject</b>: <a href=\"Patient-pat1.html\">Igor Bossenko (official) Male, DoB: 1973-02-10 ( https://fhir.ee/sid/pid/est/ni#Estonian Personal National Identification Code#37302102711)</a></p><p><b>effective</b>: 2021-11-23 --&gt; (ongoing)</p><p><b>performer</b>: <a href=\"#hcPowerOfAttorney/rp\">RelatedPerson Anti Tamm </a></p><p><b>value</b>: <span title=\"Codes:{https://fhir.ee/CodeSystem/hooldusoiguse-liik H10}\">Täielik isikuhooldusõigus</span></p><hr/><blockquote><p class=\"res-header-id\"><b>Generated Narrative: RelatedPerson  #rp</b></p><a name=\"PowerOfAttorney/rp\"> </a><a name=\"hcPowerOfAttorney/rp\"> </a><a name=\"PowerOfAttorney/rp-en-US\"> </a><p><b>identifier</b>: <a href=\"file:///Users/igor/source/hl7/ig-ee-terminology/output/NamingSystem-pid-est-ni.html\" title=\"The personal national identification code of Estonian citizens and residents.\">Estonian Personal National Identification Code</a>/48501212711</p><p><b>patient</b>: <a href=\"Patient-pat1.html\">Igor Bossenko (official) Male, DoB: 1973-02-10 ( https://fhir.ee/sid/pid/est/ni#Estonian Personal National Identification Code#37302102711)</a></p><p><b>name</b>: Anti Tamm </p></blockquote></div>"
  },
  "contained" : [{
    "resourceType" : "RelatedPerson",
    "id" : "rp",
    "identifier" : [{
      "system" : "https://fhir.ee/sid/pid/est/ni",
      "value" : "48501212711"
    }],
    "patient" : {
      "reference" : "Patient/pat1"
    },
    "name" : [{
      "family" : "Tamm",
      "given" : ["Anti"]
    }]
  }],
  "status" : "final",
  "category" : [{
    "coding" : [{
      "system" : "http://terminology.hl7.org/CodeSystem/observation-category",
      "code" : "social-history",
      "display" : "Social history"
    }]
  }],
  "code" : {
    "coding" : [{
      "system" : "http://snomed.info/sct",
      "code" : "186063005",
      "display" : "Power of attorney observable"
    }]
  },
  "subject" : {
    "reference" : "Patient/pat1"
  },
  "effectivePeriod" : {
    "start" : "2021-11-23"
  },
  "performer" : [{
    "reference" : "#rp"
  }],
  "valueCodeableConcept" : {
    "coding" : [{
      "system" : "https://fhir.ee/CodeSystem/hooldusoiguse-liik",
      "code" : "H10",
      "display" : "Täielik isikuhooldusõigus"
    }]
  }
}