<?xml version="1.0" encoding="UTF-8"?>

<OperationDefinition xmlns="http://hl7.org/fhir">
  <id value="patient-lookup"/>
  <text>
    <status value="generated"/><div xmlns="http://www.w3.org/1999/xhtml"><p class="res-header-id"><b>Generated Narrative: OperationDefinition patient-lookup</b></p><a name="patient-lookup"> </a><a name="hcpatient-lookup"> </a><a name="patient-lookup-en-US"> </a><p>URL: [base]/Patient/$lookup</p><p>Parameters</p><table class="grid"><tr><td><b>Use</b></td><td><b>Name</b></td><td><b>Scope</b></td><td><b>Cardinality</b></td><td><b>Type</b></td><td><b>Binding</b></td><td><b>Documentation</b></td></tr><tr><td>IN</td><td>identifier</td><td/><td>1..1</td><td><a href="http://hl7.org/fhir/R5/datatypes.html#Identifier">Identifier</a></td><td/><td><div><p>The identifier we are looking for.</p>
</div></td></tr><tr><td>IN</td><td>source</td><td/><td>0..1</td><td><a href="http://hl7.org/fhir/R5/datatypes.html#string">string</a></td><td/><td><div><p>Original data source. Supported values: https://mpi.tehik.ee and https://rahvastikuregister.ee. By default <em>https://mpi.tehik.ee</em>.</p>
</div></td></tr><tr><td>OUT</td><td>return</td><td/><td>1..1</td><td><a href="http://hl7.org/fhir/R5/bundle.html">Bundle</a></td><td/><td><div><p>Returns Bundle (with type 'collection') with Patient instances.</p>
</div></td></tr></table></div>
  </text>
  <extension url="http://hl7.org/fhir/StructureDefinition/structuredefinition-fmm">
    <valueInteger value="1"/>
  </extension>
  <extension url="http://hl7.org/fhir/StructureDefinition/structuredefinition-standards-status">
    <valueCode value="trial-use"/>
  </extension>
  <url value="https://fhir.ee/mpi/OperationDefinition/patient-lookup"/>
  <version value="1.1.0"/>
  <name value="EEMPIPatientLookup"/>
  <title value="Patient Lookup"/>
  <status value="active"/>
  <kind value="operation"/>
  <experimental value="false"/>
  <date value="2023-03-26T15:21:02+11:00"/>
  <publisher value="TEHIK"/>
  <contact>
    <name value="TEHIK"/>
    <telecom>
      <system value="url"/>
      <value value="https://tehik.ee"/>
    </telecom>
  </contact>
  <description value="The lookup operation looking for patient data in the external registers."/>
  <jurisdiction>
    <coding>
      <system value="urn:iso:std:iso:3166"/>
      <code value="EE"/>
      <display value="Estonia"/>
    </coding>
  </jurisdiction>
  <affectsState value="false"/>
  <code value="lookup"/>
  <resource value="Patient"/>
  <system value="false"/>
  <type value="true"/>
  <instance value="false"/>
  <parameter>
    <name value="identifier"/>
    <use value="in"/>
    <min value="1"/>
    <max value="1"/>
    <documentation value="The identifier we are looking for."/>
    <type value="Identifier"/>
  </parameter>
  <parameter>
    <name value="source"/>
    <use value="in"/>
    <min value="0"/>
    <max value="1"/>
    <documentation value="Original data source. Supported values: https://mpi.tehik.ee and https://rahvastikuregister.ee. By default *https://mpi.tehik.ee*."/>
    <type value="string"/>
  </parameter>
  <parameter>
    <name value="return"/>
    <use value="out"/>
    <min value="1"/>
    <max value="1"/>
    <documentation value="Returns Bundle (with type 'collection') with Patient instances."/>
    <type value="Bundle"/>
  </parameter>
</OperationDefinition>