{
  "resourceType" : "OperationDefinition",
  "id" : "patient-occupation",
  "text" : {
    "status" : "generated",
    "div" : "<div xmlns=\"http://www.w3.org/1999/xhtml\"><p class=\"res-header-id\"><b>Generated Narrative: OperationDefinition patient-occupation</b></p><a name=\"patient-occupation\"> </a><a name=\"hcpatient-occupation\"> </a><a name=\"patient-occupation-en-US\"> </a><p>URL: [base]/Patient/$occupation</p><p>Parameters</p><table class=\"grid\"><tr><td><b>Use</b></td><td><b>Name</b></td><td><b>Scope</b></td><td><b>Cardinality</b></td><td><b>Type</b></td><td><b>Binding</b></td><td><b>Documentation</b></td></tr><tr><td>IN</td><td>patient</td><td/><td>1..1</td><td><a href=\"http://hl7.org/fhir/R5/references.html#Reference\">Reference</a> (<a href=\"http://hl7.org/fhir/R5/patient.html\" title=\"http://hl7.org/fhir/StructureDefinition/Patient\">Patient</a>)</td><td/><td><div><p>A direct resource reference to the patient resource.</p>\n</div></td></tr><tr><td>IN</td><td>nocache</td><td/><td>0..1</td><td><a href=\"http://hl7.org/fhir/R5/datatypes.html#boolean\">boolean</a></td><td/><td><div><p>Specifies when the operation should ignore the value stored in the cache and should re-request data from the source. By default <em>false</em>.</p>\n</div></td></tr><tr><td>OUT</td><td>return</td><td/><td>1..1</td><td><a href=\"http://hl7.org/fhir/R5/bundle.html\">Bundle</a></td><td/><td><div><p>Returns Bundle (with type 'collection') with Observation instances.</p>\n</div></td></tr></table></div>"
  },
  "url" : "https://fhir.ee/mpi/OperationDefinition/patient-occupation",
  "version" : "1.1.0",
  "name" : "EEMPIPatientOccupation",
  "title" : "Patient occupation",
  "status" : "active",
  "kind" : "operation",
  "experimental" : false,
  "date" : "2023-03-26T15:21:02+11:00",
  "publisher" : "TEHIK",
  "contact" : [{
    "name" : "TEHIK",
    "telecom" : [{
      "system" : "url",
      "value" : "https://tehik.ee"
    }]
  }],
  "description" : "The observation of patient occupations from Employment Register (TÖR).",
  "jurisdiction" : [{
    "coding" : [{
      "system" : "urn:iso:std:iso:3166",
      "code" : "EE",
      "display" : "Estonia"
    }]
  }],
  "affectsState" : false,
  "code" : "occupation",
  "resource" : ["Patient"],
  "system" : false,
  "type" : true,
  "instance" : false,
  "parameter" : [{
    "name" : "patient",
    "use" : "in",
    "min" : 1,
    "max" : "1",
    "documentation" : "A direct resource reference to the patient resource.",
    "type" : "Reference",
    "targetProfile" : ["http://hl7.org/fhir/StructureDefinition/Patient"]
  },
  {
    "name" : "nocache",
    "use" : "in",
    "min" : 0,
    "max" : "1",
    "documentation" : "Specifies when the operation should ignore the value stored in the cache and should re-request data from the source. By default *false*.",
    "type" : "boolean"
  },
  {
    "name" : "return",
    "use" : "out",
    "min" : 1,
    "max" : "1",
    "documentation" : "Returns Bundle (with type 'collection') with Observation instances.",
    "type" : "Bundle"
  }]
}