<?xml version="1.0" encoding="UTF-8"?>

<Patient xmlns="http://hl7.org/fhir">
  <id value="pat2"/>
  <meta>
    <profile value="https://fhir.ee/base/StructureDefinition/ee-patient"/>
  </meta>
  <text>
    <status value="generated"/><div xmlns="http://www.w3.org/1999/xhtml"><p class="res-header-id"><b>Generated Narrative: Patient pat2</b></p><a name="pat2"> </a><a name="hcpat2"> </a><a name="pat2-en-US"> </a><p style="border: 1px #661aff solid; background-color: #e6e6ff; padding: 10px;">John Doe  Male, DoB Unknown ( https://fhir.ee/sid/pid/usa/ppn#N857623628)</p><hr/><table class="grid"><tr><td style="background-color: #f3f5da" title="Record is active">Active:</td><td colspan="3">true</td></tr></table></div>
  </text>
  <identifier>
    <system value="https://fhir.ee/sid/pid/usa/ppn"/>
    <value value="N857623628"/>
  </identifier>
  <active value="true"/>
  <name>
    <use value="usual"/>
    <family value="Doe"/>
    <given value="John"/>
  </name>
  <gender value="male"/>
</Patient>