<?xml version="1.0" encoding="UTF-8"?>

<RelatedPerson xmlns="http://hl7.org/fhir">
  <id value="relpat12"/>
  <meta>
    <profile value="https://fhir.ee/mpi/StructureDefinition/ee-mpi-related-person"/>
  </meta>
  <text>
    <status value="generated"/><div xmlns="http://www.w3.org/1999/xhtml"><p class="res-header-id"><b>Generated Narrative: RelatedPerson relpat12</b></p><a name="relpat12"> </a><a name="hcrelpat12"> </a><a name="relpat12-en-US"> </a><p><b>active</b>: true</p><p><b>patient</b>: <a href="Patient-pat1.html">Igor Bossenko (official) Male, DoB: 1973-02-10 ( https://fhir.ee/sid/pid/est/ni#Estonian Personal National Identification Code#37302102711)</a></p><p><b>relationship</b>: <span title="Codes:{http://snomed.info/sct 127848009}">Spouse</span>, <span title="Codes:{http://terminology.hl7.org/CodeSystem/v3-RoleClass CON}">Contact</span></p><p><b>name</b>: Wife of Igor</p><p><b>period</b>: 1995-06-22 --&gt; (ongoing)</p></div>
  </text>
  <active value="true"/>
  <patient>
    <reference value="Patient/pat1"/>
  </patient>
  <relationship>
    <coding>
      <system value="http://snomed.info/sct"/>
      <code value="127848009"/>
      <display value="Spouse"/>
    </coding>
  </relationship>
  <relationship>
    <coding>
      <system value="http://terminology.hl7.org/CodeSystem/v3-RoleClass"/>
      <code value="CON"/>
      <display value="Contact"/>
    </coding>
  </relationship>
  <name>
    <text value="Wife of Igor"/>
  </name>
  <period>
    <start value="1995-06-22"/>
  </period>
</RelatedPerson>