{
  "codeSystems" : [
    {
      "url" : "http://hl7.org/fhir/ValueSet/marital-status",
      "version" : "5.0.0",
      "status" : "active",
      "name" : "MaritalStatusCodes",
      "title" : "Marital Status Codes",
      "description" : "This value set defines the set of codes that can be used to indicate the marital status of a person.",
      "systems" : [
        "http://terminology.hl7.org/CodeSystem/v3-MaritalStatus",
        "http://terminology.hl7.org/CodeSystem/v3-NullFlavor"
      ],
      "oids" : ["2.16.840.1.113883.4.642.3.29"],
      "sources" : ["2.16.840.1.113883.4.642.3.29"],
      "uses" : {
      },
      "StructureDefinition-ee-mpi-socialhistory-marital-status.html" : "EE MPI SocialHistory Marital Status"
    },
    {
      "url" : "https://fhir.ee/ValueSet/eestkoste-liik",
      "version" : "0.2.0",
      "status" : "active",
      "name" : "EestkosteLiik",
      "title" : "Eestkoste liik",
      "description" : "Eestkoste liik",
      "systems" : ["http://snomed.info/sct"],
      "uses" : {
      },
      "StructureDefinition-ee-mpi-socialhistory-legal-guardian-status.html" : "EE MPI SocialHistory Legal Guardian Status"
    },
    {
      "url" : "https://fhir.ee/ValueSet/hooldusoiguse-liik",
      "version" : "0.2.0",
      "status" : "active",
      "name" : "HooldusoiguseLiik",
      "title" : "Hooldusõiguse liik",
      "description" : "Hooldusõiguse liik",
      "systems" : ["https://fhir.ee/CodeSystem/hooldusoiguse-liik"],
      "uses" : {
      },
      "StructureDefinition-ee-mpi-socialhistory-power-of-attorney.html" : "EE MPI SocialHistory Power Of Attorney"
    },
    {
      "url" : "https://fhir.ee/ValueSet/isiku-seos-patsiendiga",
      "version" : "0.2.0",
      "status" : "active",
      "name" : "IsikuSeosPatsiendiga",
      "title" : "Isiku seos patsiendiga",
      "description" : "Isiku seos patsiendiga",
      "systems" : ["http://terminology.hl7.org/CodeSystem/v3-RoleClass"],
      "uses" : {
      },
      "StructureDefinition-ee-mpi-related-person.html" : "EE MPI Related Person"
    },
    {
      "url" : "https://fhir.ee/ValueSet/occupation",
      "version" : "0.2.0",
      "status" : "active",
      "name" : "EEOccupation",
      "title" : "Occupation",
      "description" : "Classification of Occupations",
      "systems" : ["https://fhir.ee/CodeSystem/occupation"],
      "uses" : {
      },
      "StructureDefinition-ee-mpi-socialhistory-occupation.html" : "EE MPI SocialHistory Occupation"
    },
    {
      "url" : "https://fhir.ee/ValueSet/omandatud-korgeim-haridus",
      "version" : "0.2.0",
      "status" : "active",
      "name" : "OmandatudKorgeimHaridus",
      "title" : "Omandatud kõrgeim haridus",
      "description" : "Patsiendi kõrgeim haridustase",
      "systems" : ["https://fhir.ee/CodeSystem/omandatud-korgeim-haridus"],
      "uses" : {
      },
      "StructureDefinition-ee-mpi-socialhistory-education-level.html" : "EE MPI SocialHistory Education Level"
    },
    {
      "url" : "https://fhir.ee/ValueSet/person-relationship",
      "version" : "0.2.0",
      "status" : "active",
      "name" : "EEPersonRelationship",
      "title" : "Person Relationship",
      "description" : "Suhe patsiendiga",
      "systems" : ["http://snomed.info/sct"],
      "uses" : {
      },
      "StructureDefinition-ee-mpi-related-person.html" : "EE MPI Related Person"
    },
    {
      "url" : "https://fhir.ee/ValueSet/puude-raskusaste",
      "version" : "0.2.0",
      "status" : "active",
      "name" : "PuudeRaskusaste",
      "title" : "Puude raskusaste",
      "description" : "Puude raskusaste",
      "systems" : ["https://fhir.ee/CodeSystem/puude-raskusaste"],
      "uses" : {
      },
      "StructureDefinition-ee-mpi-socialhistory-disability.html" : "EE MPI SocialHistory Disability"
    },
    {
      "url" : "https://fhir.ee/ValueSet/teovoime-staatus",
      "version" : "0.2.0",
      "status" : "active",
      "name" : "TeovoimeStaatus",
      "title" : "Teovõime staatus",
      "description" : "Teovõime staatus.",
      "systems" : ["https://fhir.ee/CodeSystem/teovoime-staatus"],
      "uses" : {
      },
      "StructureDefinition-ee-mpi-socialhistory-legal-status.html" : "EE MPI SocialHistory Legal Status"
    },
    {
      "url" : "https://fhir.ee/ValueSet/tootamise-liik",
      "version" : "0.2.0",
      "status" : "active",
      "name" : "TootamiseLiik",
      "title" : "Töötamise liik",
      "description" : "Töötamise liik",
      "systems" : ["https://fhir.ee/CodeSystem/tootamise-liik"],
      "uses" : {
      },
      "StructureDefinition-ee-mpi-socialhistory-occupation.html" : "EE MPI SocialHistory Occupation"
    },
    {
      "url" : "https://fhir.ee/ValueSet/toovoime-liik",
      "version" : "0.2.0",
      "status" : "active",
      "name" : "ToovoimeLiik",
      "title" : "Töövõime liik",
      "description" : "Töövõime liik",
      "systems" : ["https://fhir.ee/CodeSystem/toovoime-liik"],
      "uses" : {
      },
      "StructureDefinition-ee-mpi-socialhistory-incapacity-for-work.html" : "EE MPI SocialHistory Incapacity For Work"
    }
  ]
}
