<?xml version="1.0" encoding="UTF-8"?>

<EpisodeOfCare xmlns="http://hl7.org/fhir">
  <id value="eoc1"/>
  <meta>
    <profile value="https://fhir.ee/base/StructureDefinition/ee-episode-of-care"/>
  </meta>
  <text>
    <status value="generated"/><div xmlns="http://www.w3.org/1999/xhtml"><p class="res-header-id"><b>Generated Narrative: EpisodeOfCare eoc1</b></p><a name="eoc1"> </a><a name="hceoc1"> </a><a name="eoc1-en-US"> </a><p><b>identifier</b>: <code>https://rh.ee/episodeofcare-identifier</code>/123</p><p><b>status</b>: Active</p><p><b>patient</b>: <a href="Patient-pat1.html">Mart Mets (official) Male, DoB: 1973-02-10 ( https://fhir.ee/sid/pid/est/ni#Estonian Personal National Identification Code#37302102711)</a></p><p><b>managingOrganization</b>: <a href="Organization-rh.html">Organization Rakvere Haigla</a></p><p><b>period</b>: 2023-05-09 --&gt; (ongoing)</p></div>
  </text>
  <identifier>
    <system value="https://rh.ee/episodeofcare-identifier"/>
    <value value="123"/>
  </identifier>
  <status value="active"/>
  <patient>
    <reference value="Patient/pat1"/>
  </patient>
  <managingOrganization>
    <reference value="Organization/rh"/>
  </managingOrganization>
  <period>
    <start value="2023-05-09"/>
  </period>
</EpisodeOfCare>