{
  "resourceType" : "EpisodeOfCare",
  "id" : "eoc1",
  "meta" : {
    "profile" : ["https://fhir.ee/base/StructureDefinition/ee-episode-of-care"]
  },
  "text" : {
    "status" : "generated",
    "div" : "<div xmlns=\"http://www.w3.org/1999/xhtml\"><p class=\"res-header-id\"><b>Generated Narrative: EpisodeOfCare eoc1</b></p><a name=\"eoc1\"> </a><a name=\"hceoc1\"> </a><a name=\"eoc1-en-US\"> </a><p><b>identifier</b>: <code>https://rh.ee/episodeofcare-identifier</code>/123</p><p><b>status</b>: Active</p><p><b>patient</b>: <a href=\"Patient-pat1.html\">Mart Mets (official) Male, DoB: 1973-02-10 ( https://fhir.ee/sid/pid/est/ni#Estonian Personal National Identification Code#37302102711)</a></p><p><b>managingOrganization</b>: <a href=\"Organization-rh.html\">Organization Rakvere Haigla</a></p><p><b>period</b>: 2023-05-09 --&gt; (ongoing)</p></div>"
  },
  "identifier" : [{
    "system" : "https://rh.ee/episodeofcare-identifier",
    "value" : "123"
  }],
  "status" : "active",
  "patient" : {
    "reference" : "Patient/pat1"
  },
  "managingOrganization" : {
    "reference" : "Organization/rh"
  },
  "period" : {
    "start" : "2023-05-09"
  }
}