{
  "resourceType" : "ImplementationGuide",
  "id" : "ee.fhir.base",
  "text" : {
    "status" : "generated",
    "div" : "<div xmlns=\"http://www.w3.org/1999/xhtml\"><p class=\"res-header-id\"><b>Generated Narrative: ImplementationGuide ee.fhir.base</b></p><a name=\"ee.fhir.base\"> </a><a name=\"hcee.fhir.base\"> </a><a name=\"ee.fhir.base-en-US\"> </a><h2>EEBase</h2><p>The official URL for this implementation guide is: </p><pre>https://fhir.ee/base/ImplementationGuide/ee.fhir.base</pre><div><p>Eesti FHIR standardi baas juurutusjuhend</p>\n</div></div>"
  },
  "url" : "https://fhir.ee/base/ImplementationGuide/ee.fhir.base",
  "version" : "1.1.0",
  "name" : "EEBase",
  "title" : "Estonian Base Implementation Guide",
  "status" : "active",
  "date" : "2024-07-21T14:35:30+03:00",
  "publisher" : "HL7 Estonia",
  "contact" : [{
    "name" : "HL7 Estonia",
    "telecom" : [{
      "system" : "url",
      "value" : "https://www.hl7.ee"
    }]
  }],
  "description" : "Eesti FHIR standardi baas juurutusjuhend",
  "jurisdiction" : [{
    "coding" : [{
      "system" : "urn:iso:std:iso:3166",
      "code" : "EE",
      "display" : "Estonia"
    }]
  }],
  "packageId" : "ee.fhir.base",
  "license" : "MIT",
  "fhirVersion" : ["5.0.0"],
  "dependsOn" : [{
    "id" : "hl7tx",
    "extension" : [{
      "url" : "http://hl7.org/fhir/tools/StructureDefinition/implementationguide-dependency-comment",
      "valueMarkdown" : "Automatically added as a dependency - all IGs depend on HL7 Terminology"
    }],
    "uri" : "http://terminology.hl7.org/ImplementationGuide/hl7.terminology",
    "packageId" : "hl7.terminology.r5",
    "version" : "6.0.1"
  },
  {
    "id" : "hl7ext",
    "extension" : [{
      "url" : "http://hl7.org/fhir/tools/StructureDefinition/implementationguide-dependency-comment",
      "valueMarkdown" : "Automatically added as a dependency - all IGs depend on the HL7 Extension Pack"
    }],
    "uri" : "http://hl7.org/fhir/extensions/ImplementationGuide/hl7.fhir.uv.extensions",
    "packageId" : "hl7.fhir.uv.extensions.r5",
    "version" : "5.1.0"
  },
  {
    "id" : "ee_fhir_terminology",
    "uri" : "https://fhir.ee/ImplementationGuide/ee.fhir.terminology",
    "packageId" : "ee.fhir.terminology",
    "version" : "0.0.1"
  }],
  "definition" : {
    "extension" : [{
      "url" : "http://hl7.org/fhir/tools/StructureDefinition/ig-internal-dependency",
      "valueCode" : "hl7.fhir.uv.tools#0.1.0"
    }],
    "resource" : [{
      "extension" : [{
        "url" : "http://hl7.org/fhir/tools/StructureDefinition/resource-information",
        "valueString" : "RelatedPerson"
      }],
      "reference" : {
        "reference" : "RelatedPerson/Doe2Doe"
      },
      "name" : "Doe2Doe",
      "description" : "Jane Doe is a wife of John Doe",
      "isExample" : true,
      "profile" : ["https://fhir.ee/base/StructureDefinition/ee-related-person"]
    },
    {
      "extension" : [{
        "url" : "http://hl7.org/fhir/tools/StructureDefinition/resource-information",
        "valueString" : "StructureDefinition:complex-type"
      }],
      "reference" : {
        "reference" : "StructureDefinition/ee-address"
      },
      "name" : "EEBase Address",
      "description" : "An address expressed using postal conventions (as opposed to GPS or other location definition formats). This datatype may be used to convey addresses for use in delivering mail as well as for visiting locations which might not be valid for mail delivery. There are a variety of postal address formats defined around the world. EEBase Address resource is developed in cooperation with Estonian Land Board. EEBase Address resource describes both Estonian and foreign addresses.",
      "isExample" : false
    },
    {
      "extension" : [{
        "url" : "http://hl7.org/fhir/tools/StructureDefinition/resource-information",
        "valueString" : "StructureDefinition:extension"
      }],
      "reference" : {
        "reference" : "StructureDefinition/ee-address-notice"
      },
      "name" : "EEBase Address Notice",
      "description" : "EEBase Address Notice",
      "isExample" : false
    },
    {
      "extension" : [{
        "url" : "http://hl7.org/fhir/tools/StructureDefinition/resource-information",
        "valueString" : "StructureDefinition:extension"
      }],
      "reference" : {
        "reference" : "StructureDefinition/ee-ads-adr-id"
      },
      "name" : "EEBase ADS AdrId",
      "description" : "EEBase ADS AdrId extension",
      "isExample" : false
    },
    {
      "extension" : [{
        "url" : "http://hl7.org/fhir/tools/StructureDefinition/resource-information",
        "valueString" : "StructureDefinition:extension"
      }],
      "reference" : {
        "reference" : "StructureDefinition/ee-ads-oid"
      },
      "name" : "EEBase ADS Oid",
      "description" : "EEBase ADS Oid extension",
      "isExample" : false
    },
    {
      "extension" : [{
        "url" : "http://hl7.org/fhir/tools/StructureDefinition/resource-information",
        "valueString" : "StructureDefinition:extension"
      }],
      "reference" : {
        "reference" : "StructureDefinition/ee-date-accuracy-indicator"
      },
      "name" : "EEBase Date Accuracy Indicator",
      "description" : "This extension applies to the [date](http://hl7.org/fhir/datatypes.html#date) and [dateTime](http://hl7.org/fhir/datatypes.html#dateTime) data types and is used to represent the accuracy of the associated date.",
      "isExample" : false
    },
    {
      "extension" : [{
        "url" : "http://hl7.org/fhir/tools/StructureDefinition/resource-information",
        "valueString" : "StructureDefinition:extension"
      }],
      "reference" : {
        "reference" : "StructureDefinition/ee-ehak"
      },
      "name" : "EEBase EHAK",
      "description" : "EEBase EHAK extension",
      "isExample" : false
    },
    {
      "extension" : [{
        "url" : "http://hl7.org/fhir/tools/StructureDefinition/resource-information",
        "valueString" : "StructureDefinition:resource"
      }],
      "reference" : {
        "reference" : "StructureDefinition/ee-encounter"
      },
      "name" : "EEBase Encounter",
      "description" : "Encounter is an interaction between a patient and healthcare provider(s) to provide healthcare service(s) or assess a patient's health status. There are many types of encounters (such as ambulatory, inpatient, home visits, emergency and the like) which is the reason why the resource encompasses the lifecycle from pre-admission to the actual encounter (for ambulatory encounters) and admission, stay and discharge (for inpatient encounters). Encounter is primarily used to record information about the actual activities that occurred, where Appointment is used to record planned activities.",
      "isExample" : false
    },
    {
      "extension" : [{
        "url" : "http://hl7.org/fhir/tools/StructureDefinition/resource-information",
        "valueString" : "StructureDefinition:resource"
      }],
      "reference" : {
        "reference" : "StructureDefinition/ee-episode-of-care"
      },
      "name" : "EEBase EpisodeOfCare",
      "description" : "An association between a patient and an organization/healthcare provider(s) over a period of time. The managing organization assumes a level of responsibility for the patient during this time. EpisodeOfCare acts as a container resource that links a series of Encounters together for problems/issues (specific condition).",
      "isExample" : false
    },
    {
      "extension" : [{
        "url" : "http://hl7.org/fhir/tools/StructureDefinition/resource-information",
        "valueString" : "StructureDefinition:resource"
      }],
      "reference" : {
        "reference" : "StructureDefinition/ee-healthcare-service"
      },
      "name" : "EEBase HealthcareService",
      "description" : "HealthcareService resource describes the details of a single healthcare service or category of services that are provided by an organization at a location. The location of the services could be virtual, as with telemedicine services.",
      "isExample" : false
    },
    {
      "extension" : [{
        "url" : "http://hl7.org/fhir/tools/StructureDefinition/resource-information",
        "valueString" : "StructureDefinition:resource"
      }],
      "reference" : {
        "reference" : "StructureDefinition/ee-location"
      },
      "name" : "EEBase Location",
      "description" : "Location resource gives details and position information of a physical place where services are provided, and also where resources and participants may be stored, found, contained or accomodated.",
      "isExample" : false
    },
    {
      "extension" : [{
        "url" : "http://hl7.org/fhir/tools/StructureDefinition/resource-information",
        "valueString" : "StructureDefinition:extension"
      }],
      "reference" : {
        "reference" : "StructureDefinition/ee-mode-of-arrival"
      },
      "name" : "EEBase ModeOfArrival",
      "description" : "The method that the patient arrived at the facility.",
      "isExample" : false
    },
    {
      "extension" : [{
        "url" : "http://hl7.org/fhir/tools/StructureDefinition/resource-information",
        "valueString" : "StructureDefinition:resource"
      }],
      "reference" : {
        "reference" : "StructureDefinition/ee-observation"
      },
      "name" : "EEBase Observation",
      "description" : "Observation represents one of the most important and central units of healthcare data exchange - different kinds of observations varying from clinical findings and measurements to social history. The resource is designed to cover a wide variety of use cases and as a result, at its simplest, a resource instance can consist of only a code, value, and status flag. The granularity of instance highly depends on the use case, therefore the minimal viable data considered is a decision that needs to be made during profiling process.",
      "isExample" : false
    },
    {
      "extension" : [{
        "url" : "http://hl7.org/fhir/tools/StructureDefinition/resource-information",
        "valueString" : "StructureDefinition:resource"
      }],
      "reference" : {
        "reference" : "StructureDefinition/ee-organization"
      },
      "name" : "EEBase Organization",
      "description" : " Organization is a resource intended for documenting information related to an entity that has been formed for the purpose of achieving some form of collective action. 'Organization' as such has a narrower definition in context of EEBase - in order to be conformant to EEBaseOrganization profile, an organization MUST be registered as a business. Yet, Organization could be used for documenting contact information and/or providing support for other resources that need to reference organizations.",
      "isExample" : false
    },
    {
      "extension" : [{
        "url" : "http://hl7.org/fhir/tools/StructureDefinition/resource-information",
        "valueString" : "StructureDefinition:resource"
      }],
      "reference" : {
        "reference" : "StructureDefinition/ee-patient"
      },
      "name" : "EEBase Patient",
      "description" : "Patient is a FHIR resource intended for documenting demographical and/or administrative information about the individual on the receiving end of healthcare services. In context of Estonian healthcare data exchange, the patient MUST be identifiable by Person Identity System.",
      "isExample" : false
    },
    {
      "extension" : [{
        "url" : "http://hl7.org/fhir/tools/StructureDefinition/resource-information",
        "valueString" : "StructureDefinition:extension"
      }],
      "reference" : {
        "reference" : "StructureDefinition/ee-patient-age"
      },
      "name" : "EEBase PatientAge",
      "description" : "Patient age measure and unit",
      "isExample" : false
    },
    {
      "extension" : [{
        "url" : "http://hl7.org/fhir/tools/StructureDefinition/resource-information",
        "valueString" : "StructureDefinition:resource"
      }],
      "reference" : {
        "reference" : "StructureDefinition/ee-practitioner"
      },
      "name" : "EEBase Practitioner",
      "description" : "This profile defines the EE Base constraints and extensions on the Practitioner resource for the minimal set of data to query and retrieve practitioner information. The profile defines a structure that localises core concepts, including identifiers and terminology, for use in an Estonian context for practitioner.",
      "isExample" : false
    },
    {
      "extension" : [{
        "url" : "http://hl7.org/fhir/tools/StructureDefinition/resource-information",
        "valueString" : "StructureDefinition:resource"
      }],
      "reference" : {
        "reference" : "StructureDefinition/ee-practitioner-role"
      },
      "name" : "EEBase PractitionerRole",
      "description" : "PractitionerRole resource allows exchange of specific set of roles, specialties and services that a practitioner may perform at an organisation for a period of time. EEBase PractitionerRole profile defines the constraints and extensions for the minimal set of data to query and retrieve information for practitioner role in Estonian context.",
      "isExample" : false
    },
    {
      "extension" : [{
        "url" : "http://hl7.org/fhir/tools/StructureDefinition/resource-information",
        "valueString" : "StructureDefinition:resource"
      }],
      "reference" : {
        "reference" : "StructureDefinition/ee-related-person"
      },
      "name" : "EEBase RelatedPerson",
      "description" : "This profile builds on RelatedPerson resource. The profile allows information exchange about a person that is involved in the care for a patient, but who is not the target of healthcare, nor has a formal responsibility in the care process.",
      "isExample" : false
    },
    {
      "extension" : [{
        "url" : "http://hl7.org/fhir/tools/StructureDefinition/resource-information",
        "valueString" : "EpisodeOfCare"
      }],
      "reference" : {
        "reference" : "EpisodeOfCare/eoc1"
      },
      "name" : "Episode of Care example",
      "description" : "Episode of care care example",
      "isExample" : true,
      "profile" : ["https://fhir.ee/base/StructureDefinition/ee-episode-of-care"]
    },
    {
      "extension" : [{
        "url" : "http://hl7.org/fhir/tools/StructureDefinition/resource-information",
        "valueString" : "HealthcareService"
      }],
      "reference" : {
        "reference" : "HealthcareService/HealthcareServiceExample"
      },
      "name" : "Healthcare Service Example",
      "description" : "Healthcare Service Example",
      "isExample" : true,
      "profile" : ["https://fhir.ee/base/StructureDefinition/ee-healthcare-service"]
    },
    {
      "extension" : [{
        "url" : "http://hl7.org/fhir/tools/StructureDefinition/resource-information",
        "valueString" : "Encounter"
      }],
      "reference" : {
        "reference" : "Encounter/EncounterPatient1"
      },
      "name" : "Inpatient encounter of Mart Mets",
      "description" : "Inpatient encounter of Mart Mets",
      "isExample" : true,
      "profile" : ["https://fhir.ee/base/StructureDefinition/ee-encounter"]
    },
    {
      "extension" : [{
        "url" : "http://hl7.org/fhir/tools/StructureDefinition/resource-information",
        "valueString" : "Location"
      }],
      "reference" : {
        "reference" : "Location/itk-ed"
      },
      "name" : "ITK ED",
      "description" : "Location of the Emergency Department at ITK",
      "isExample" : true,
      "profile" : ["https://fhir.ee/base/StructureDefinition/ee-location"]
    },
    {
      "extension" : [{
        "url" : "http://hl7.org/fhir/tools/StructureDefinition/resource-information",
        "valueString" : "Patient"
      }],
      "reference" : {
        "reference" : "Patient/pat2"
      },
      "name" : "John Doe (foreign patient)",
      "description" : "Foreigner with minimal dataset.",
      "isExample" : true,
      "profile" : ["https://fhir.ee/base/StructureDefinition/ee-patient"]
    },
    {
      "extension" : [{
        "url" : "http://hl7.org/fhir/tools/StructureDefinition/resource-information",
        "valueString" : "Patient"
      }],
      "reference" : {
        "reference" : "Patient/pat1"
      },
      "name" : "Mart Mets (verified patient)",
      "description" : "Estonian citizen",
      "isExample" : true,
      "profile" : ["https://fhir.ee/base/StructureDefinition/ee-patient"]
    },
    {
      "extension" : [{
        "url" : "http://hl7.org/fhir/tools/StructureDefinition/resource-information",
        "valueString" : "RelatedPerson"
      }],
      "reference" : {
        "reference" : "RelatedPerson/Mets2Meri"
      },
      "name" : "Mets2Meri",
      "description" : "Mari Meri is an emergency contact of Mart Mets",
      "isExample" : true,
      "profile" : ["https://fhir.ee/base/StructureDefinition/ee-related-person"]
    },
    {
      "extension" : [{
        "url" : "http://hl7.org/fhir/tools/StructureDefinition/resource-information",
        "valueString" : "StructureDefinition:extension"
      }],
      "reference" : {
        "reference" : "StructureDefinition/address-official"
      },
      "name" : "Official Address",
      "description" : "Indicate that this address is meant to be the 'official' address for that person. What an 'official' address is depends on the country. This extension allows to specify if this address is or it is not the official address, or to indicate that this is the official address for that country",
      "isExample" : false
    },
    {
      "extension" : [{
        "url" : "http://hl7.org/fhir/tools/StructureDefinition/resource-information",
        "valueString" : "Organization"
      }],
      "reference" : {
        "reference" : "Organization/itk"
      },
      "name" : "OrganizationITK",
      "description" : "Organization ITK",
      "isExample" : true,
      "profile" : ["https://fhir.ee/base/StructureDefinition/ee-organization"]
    },
    {
      "extension" : [{
        "url" : "http://hl7.org/fhir/tools/StructureDefinition/resource-information",
        "valueString" : "Organization"
      }],
      "reference" : {
        "reference" : "Organization/rh"
      },
      "name" : "OrganizationRakvereHospital",
      "description" : "Organization Rakvere Hospital",
      "isExample" : true,
      "profile" : ["https://fhir.ee/base/StructureDefinition/ee-organization"]
    },
    {
      "extension" : [{
        "url" : "http://hl7.org/fhir/tools/StructureDefinition/resource-information",
        "valueString" : "Organization"
      }],
      "reference" : {
        "reference" : "Organization/synlab"
      },
      "name" : "OrganizationSynlab",
      "description" : "Organization Synlab",
      "isExample" : true,
      "profile" : ["https://fhir.ee/base/StructureDefinition/ee-organization"]
    },
    {
      "extension" : [{
        "url" : "http://hl7.org/fhir/tools/StructureDefinition/resource-information",
        "valueString" : "Organization"
      }],
      "reference" : {
        "reference" : "Organization/ehif"
      },
      "name" : "OrganizationTervisekassa",
      "description" : "Organization Tervisekassa",
      "isExample" : true,
      "profile" : ["https://fhir.ee/base/StructureDefinition/ee-organization"]
    },
    {
      "extension" : [{
        "url" : "http://hl7.org/fhir/tools/StructureDefinition/resource-information",
        "valueString" : "Practitioner"
      }],
      "reference" : {
        "reference" : "Practitioner/D98765"
      },
      "name" : "PractitionerD98765",
      "description" : "Practitioner D98765",
      "isExample" : true,
      "profile" : ["https://fhir.ee/base/StructureDefinition/ee-practitioner"]
    },
    {
      "extension" : [{
        "url" : "http://hl7.org/fhir/tools/StructureDefinition/resource-information",
        "valueString" : "Practitioner"
      }],
      "reference" : {
        "reference" : "Practitioner/D99876"
      },
      "name" : "PractitionerD99876",
      "description" : "Practitioner D99876",
      "isExample" : true,
      "profile" : ["https://fhir.ee/base/StructureDefinition/ee-practitioner"]
    },
    {
      "extension" : [{
        "url" : "http://hl7.org/fhir/tools/StructureDefinition/resource-information",
        "valueString" : "Practitioner"
      }],
      "reference" : {
        "reference" : "Practitioner/N98765"
      },
      "name" : "PractitionerN98765",
      "description" : "Practitioner N98765",
      "isExample" : true,
      "profile" : ["https://fhir.ee/base/StructureDefinition/ee-practitioner"]
    },
    {
      "extension" : [{
        "url" : "http://hl7.org/fhir/tools/StructureDefinition/resource-information",
        "valueString" : "Practitioner"
      }],
      "reference" : {
        "reference" : "Practitioner/N99876"
      },
      "name" : "PractitionerN99876",
      "description" : "Practitioner N99876",
      "isExample" : true,
      "profile" : ["https://fhir.ee/base/StructureDefinition/ee-practitioner"]
    },
    {
      "extension" : [{
        "url" : "http://hl7.org/fhir/tools/StructureDefinition/resource-information",
        "valueString" : "PractitionerRole"
      }],
      "reference" : {
        "reference" : "PractitionerRole/PractRoleD98765"
      },
      "name" : "PractitionerRoleD98765",
      "description" : "PractitionerRole D98765",
      "isExample" : true,
      "profile" : ["https://fhir.ee/base/StructureDefinition/ee-practitioner-role"]
    },
    {
      "extension" : [{
        "url" : "http://hl7.org/fhir/tools/StructureDefinition/resource-information",
        "valueString" : "PractitionerRole"
      }],
      "reference" : {
        "reference" : "PractitionerRole/PractRoleD99876"
      },
      "name" : "PractitionerRoleD99876",
      "description" : "PractitionerRole D99876",
      "isExample" : true,
      "profile" : ["https://fhir.ee/base/StructureDefinition/ee-practitioner-role"]
    },
    {
      "extension" : [{
        "url" : "http://hl7.org/fhir/tools/StructureDefinition/resource-information",
        "valueString" : "PractitionerRole"
      }],
      "reference" : {
        "reference" : "PractitionerRole/PractRoleN98765"
      },
      "name" : "PractitionerRoleN98765",
      "description" : "PractitionerRole N98765",
      "isExample" : true,
      "profile" : ["https://fhir.ee/base/StructureDefinition/ee-practitioner-role"]
    },
    {
      "extension" : [{
        "url" : "http://hl7.org/fhir/tools/StructureDefinition/resource-information",
        "valueString" : "PractitionerRole"
      }],
      "reference" : {
        "reference" : "PractitionerRole/PractRoleN99876"
      },
      "name" : "PractitionerRoleN99876",
      "description" : "PractitionerRole N99876",
      "isExample" : true,
      "profile" : ["https://fhir.ee/base/StructureDefinition/ee-practitioner-role"]
    },
    {
      "extension" : [{
        "url" : "http://hl7.org/fhir/tools/StructureDefinition/resource-information",
        "valueString" : "Patient"
      }],
      "reference" : {
        "reference" : "Patient/patunk"
      },
      "name" : "Unknown patient",
      "description" : "Patient that can not be recognized during admission",
      "isExample" : true,
      "profile" : ["https://fhir.ee/base/StructureDefinition/ee-patient"]
    },
    {
      "extension" : [{
        "url" : "http://hl7.org/fhir/tools/StructureDefinition/resource-information",
        "valueString" : "Observation"
      }],
      "reference" : {
        "reference" : "Observation/BloodPressure"
      },
      "name" : "Vital Signs - Blood pressure observation",
      "description" : "Blood Pressure example",
      "isExample" : true,
      "profile" : ["https://fhir.ee/base/StructureDefinition/ee-observation"]
    }],
    "page" : {
      "sourceUrl" : "toc.html",
      "name" : "toc.html",
      "title" : "Table of Contents",
      "generation" : "html",
      "page" : [{
        "sourceUrl" : "index.html",
        "name" : "index.html",
        "title" : "Home",
        "generation" : "markdown"
      },
      {
        "sourceUrl" : "policy.html",
        "name" : "policy.html",
        "title" : "Policy",
        "generation" : "markdown"
      },
      {
        "sourceUrl" : "contact.html",
        "name" : "contact.html",
        "title" : "Contact Us",
        "generation" : "markdown"
      },
      {
        "sourceUrl" : "download.html",
        "name" : "download.html",
        "title" : "Download",
        "generation" : "markdown"
      },
      {
        "sourceUrl" : "ballot.html",
        "name" : "ballot.html",
        "title" : "IG vastuvõtmise protsess",
        "generation" : "markdown"
      }]
    },
    "parameter" : [{
      "code" : {
        "system" : "http://hl7.org/fhir/tools/CodeSystem/ig-parameters",
        "code" : "copyrightyear"
      },
      "value" : "2023+"
    },
    {
      "code" : {
        "system" : "http://hl7.org/fhir/tools/CodeSystem/ig-parameters",
        "code" : "releaselabel"
      },
      "value" : "trial-use"
    },
    {
      "code" : {
        "system" : "http://hl7.org/fhir/tools/CodeSystem/ig-parameters",
        "code" : "autoload-resources"
      },
      "value" : "true"
    },
    {
      "code" : {
        "system" : "http://hl7.org/fhir/guide-parameter-code",
        "code" : "path-resource"
      },
      "value" : "input/capabilities"
    },
    {
      "code" : {
        "system" : "http://hl7.org/fhir/guide-parameter-code",
        "code" : "path-resource"
      },
      "value" : "input/examples"
    },
    {
      "code" : {
        "system" : "http://hl7.org/fhir/guide-parameter-code",
        "code" : "path-resource"
      },
      "value" : "input/extensions"
    },
    {
      "code" : {
        "system" : "http://hl7.org/fhir/guide-parameter-code",
        "code" : "path-resource"
      },
      "value" : "input/models"
    },
    {
      "code" : {
        "system" : "http://hl7.org/fhir/guide-parameter-code",
        "code" : "path-resource"
      },
      "value" : "input/operations"
    },
    {
      "code" : {
        "system" : "http://hl7.org/fhir/guide-parameter-code",
        "code" : "path-resource"
      },
      "value" : "input/profiles"
    },
    {
      "code" : {
        "system" : "http://hl7.org/fhir/guide-parameter-code",
        "code" : "path-resource"
      },
      "value" : "input/resources"
    },
    {
      "code" : {
        "system" : "http://hl7.org/fhir/guide-parameter-code",
        "code" : "path-resource"
      },
      "value" : "input/vocabulary"
    },
    {
      "code" : {
        "system" : "http://hl7.org/fhir/guide-parameter-code",
        "code" : "path-resource"
      },
      "value" : "input/maps"
    },
    {
      "code" : {
        "system" : "http://hl7.org/fhir/guide-parameter-code",
        "code" : "path-resource"
      },
      "value" : "input/testing"
    },
    {
      "code" : {
        "system" : "http://hl7.org/fhir/guide-parameter-code",
        "code" : "path-resource"
      },
      "value" : "input/history"
    },
    {
      "code" : {
        "system" : "http://hl7.org/fhir/guide-parameter-code",
        "code" : "path-resource"
      },
      "value" : "fsh-generated/resources"
    },
    {
      "code" : {
        "system" : "http://hl7.org/fhir/guide-parameter-code",
        "code" : "path-pages"
      },
      "value" : "template/config"
    },
    {
      "code" : {
        "system" : "http://hl7.org/fhir/guide-parameter-code",
        "code" : "path-pages"
      },
      "value" : "input/images"
    },
    {
      "code" : {
        "system" : "http://hl7.org/fhir/tools/CodeSystem/ig-parameters",
        "code" : "path-liquid"
      },
      "value" : "template/liquid"
    },
    {
      "code" : {
        "system" : "http://hl7.org/fhir/tools/CodeSystem/ig-parameters",
        "code" : "path-liquid"
      },
      "value" : "input/liquid"
    },
    {
      "code" : {
        "system" : "http://hl7.org/fhir/tools/CodeSystem/ig-parameters",
        "code" : "path-qa"
      },
      "value" : "temp/qa"
    },
    {
      "code" : {
        "system" : "http://hl7.org/fhir/tools/CodeSystem/ig-parameters",
        "code" : "path-temp"
      },
      "value" : "temp/pages"
    },
    {
      "code" : {
        "system" : "http://hl7.org/fhir/tools/CodeSystem/ig-parameters",
        "code" : "path-output"
      },
      "value" : "output"
    },
    {
      "code" : {
        "system" : "http://hl7.org/fhir/guide-parameter-code",
        "code" : "path-tx-cache"
      },
      "value" : "input-cache/txcache"
    },
    {
      "code" : {
        "system" : "http://hl7.org/fhir/tools/CodeSystem/ig-parameters",
        "code" : "path-suppressed-warnings"
      },
      "value" : "input/ignoreWarnings.txt"
    },
    {
      "code" : {
        "system" : "http://hl7.org/fhir/tools/CodeSystem/ig-parameters",
        "code" : "path-history"
      },
      "value" : "https://fhir.ee/base/history.html"
    },
    {
      "code" : {
        "system" : "http://hl7.org/fhir/tools/CodeSystem/ig-parameters",
        "code" : "template-html"
      },
      "value" : "template-page.html"
    },
    {
      "code" : {
        "system" : "http://hl7.org/fhir/tools/CodeSystem/ig-parameters",
        "code" : "template-md"
      },
      "value" : "template-page-md.html"
    },
    {
      "code" : {
        "system" : "http://hl7.org/fhir/tools/CodeSystem/ig-parameters",
        "code" : "apply-contact"
      },
      "value" : "true"
    },
    {
      "code" : {
        "system" : "http://hl7.org/fhir/tools/CodeSystem/ig-parameters",
        "code" : "apply-context"
      },
      "value" : "true"
    },
    {
      "code" : {
        "system" : "http://hl7.org/fhir/tools/CodeSystem/ig-parameters",
        "code" : "apply-copyright"
      },
      "value" : "true"
    },
    {
      "code" : {
        "system" : "http://hl7.org/fhir/tools/CodeSystem/ig-parameters",
        "code" : "apply-jurisdiction"
      },
      "value" : "true"
    },
    {
      "code" : {
        "system" : "http://hl7.org/fhir/tools/CodeSystem/ig-parameters",
        "code" : "apply-license"
      },
      "value" : "true"
    },
    {
      "code" : {
        "system" : "http://hl7.org/fhir/tools/CodeSystem/ig-parameters",
        "code" : "apply-publisher"
      },
      "value" : "true"
    },
    {
      "code" : {
        "system" : "http://hl7.org/fhir/tools/CodeSystem/ig-parameters",
        "code" : "apply-version"
      },
      "value" : "true"
    },
    {
      "code" : {
        "system" : "http://hl7.org/fhir/tools/CodeSystem/ig-parameters",
        "code" : "apply-wg"
      },
      "value" : "true"
    },
    {
      "code" : {
        "system" : "http://hl7.org/fhir/tools/CodeSystem/ig-parameters",
        "code" : "active-tables"
      },
      "value" : "true"
    },
    {
      "code" : {
        "system" : "http://hl7.org/fhir/tools/CodeSystem/ig-parameters",
        "code" : "fmm-definition"
      },
      "value" : "http://hl7.org/fhir/versions.html#maturity"
    },
    {
      "code" : {
        "system" : "http://hl7.org/fhir/tools/CodeSystem/ig-parameters",
        "code" : "propagate-status"
      },
      "value" : "true"
    },
    {
      "code" : {
        "system" : "http://hl7.org/fhir/tools/CodeSystem/ig-parameters",
        "code" : "excludelogbinaryformat"
      },
      "value" : "true"
    },
    {
      "code" : {
        "system" : "http://hl7.org/fhir/tools/CodeSystem/ig-parameters",
        "code" : "tabbed-snapshots"
      },
      "value" : "true"
    }]
  }
}