{
  "resourceType" : "Location",
  "id" : "itk-ed",
  "meta" : {
    "profile" : ["https://fhir.ee/base/StructureDefinition/ee-location"]
  },
  "text" : {
    "status" : "generated",
    "div" : "<div xmlns=\"http://www.w3.org/1999/xhtml\"><p class=\"res-header-id\"><b>Generated Narrative: Location itk-ed</b></p><a name=\"itk-ed\"> </a><a name=\"hcitk-ed\"> </a><a name=\"itk-ed-en-US\"> </a><p><b>name</b>: ITK Emergency Department</p><h3>Contacts</h3><table class=\"grid\"><tr><td style=\"display: none\">-</td><td><b>Telecom</b></td></tr><tr><td style=\"display: none\">*</td><td>ph: 6207040</td></tr></table><p><b>address</b>: Ravi 18, 10138 Tallinn(work)</p><p><b>managingOrganization</b>: <a href=\"Organization-itk.html\">Organization Ida-Tallinna Keskhaigla</a></p></div>"
  },
  "name" : "ITK Emergency Department",
  "contact" : [{
    "telecom" : [{
      "system" : "phone",
      "value" : "6207040"
    }]
  }],
  "address" : {
    "use" : "work",
    "text" : "Ravi 18, 10138 Tallinn",
    "country" : "EE"
  },
  "managingOrganization" : {
    "reference" : "Organization/itk"
  }
}