<?xml version="1.0" encoding="UTF-8"?>

<Location xmlns="http://hl7.org/fhir">
  <id value="itk-ed"/>
  <meta>
    <profile value="https://fhir.ee/base/StructureDefinition/ee-location"/>
  </meta>
  <text>
    <status value="generated"/><div xmlns="http://www.w3.org/1999/xhtml"><p class="res-header-id"><b>Generated Narrative: Location itk-ed</b></p><a name="itk-ed"> </a><a name="hcitk-ed"> </a><a name="itk-ed-en-US"> </a><p><b>name</b>: ITK Emergency Department</p><h3>Contacts</h3><table class="grid"><tr><td style="display: none">-</td><td><b>Telecom</b></td></tr><tr><td style="display: none">*</td><td>ph: 6207040</td></tr></table><p><b>address</b>: Ravi 18, 10138 Tallinn(work)</p><p><b>managingOrganization</b>: <a href="Organization-itk.html">Organization Ida-Tallinna Keskhaigla</a></p></div>
  </text>
  <name value="ITK Emergency Department"/>
  <contact>
    <telecom>
      <system value="phone"/>
      <value value="6207040"/>
    </telecom>
  </contact>
  <address>
    <use value="work"/>
    <text value="Ravi 18, 10138 Tallinn"/>
    <country value="EE"/>
  </address>
  <managingOrganization>
    <reference value="Organization/itk"/>
  </managingOrganization>
</Location>