<?xml version="1.0" encoding="UTF-8"?>

<Organization xmlns="http://hl7.org/fhir">
  <id value="ehif"/>
  <meta>
    <profile value="https://fhir.ee/base/StructureDefinition/ee-organization"/>
  </meta>
  <text>
    <status value="generated"/><div xmlns="http://www.w3.org/1999/xhtml"><p class="res-header-id"><b>Generated Narrative: Organization ehif</b></p><a name="ehif"> </a><a name="hcehif"> </a><a name="ehif-en-US"> </a><p><b>identifier</b>: <code>https://fhir.ee/sid/org/est/br</code>/74000091</p><p><b>active</b>: true</p><p><b>name</b>: Eesti Tervisekassa</p><p><b>alias</b>: EHIF</p><h3>Contacts</h3><table class="grid"><tr><td style="display: none">-</td><td><b>Telecom</b></td><td><b>Address</b></td></tr><tr><td style="display: none">*</td><td><a href="mailto:info@tervisekassa.ee">info@tervisekassa.ee</a></td><td>Lastekodu 88 Tallinn EE (work)</td></tr></table></div>
  </text>
  <identifier>
    <system value="https://fhir.ee/sid/org/est/br"/>
    <value value="74000091"/>
  </identifier>
  <active value="true"/>
  <name value="Eesti Tervisekassa"/>
  <alias value="EHIF"/>
  <contact>
    <telecom>
      <system value="email"/>
      <value value="info@tervisekassa.ee"/>
    </telecom>
    <address>
      <use value="work"/>
      <line value="Lastekodu 88"/>
      <city value="Tallinn"/>
      <country value="EE"/>
    </address>
  </contact>
</Organization>