<?xml version="1.0" encoding="UTF-8"?>

<Organization xmlns="http://hl7.org/fhir">
  <id value="itk"/>
  <meta>
    <profile value="https://fhir.ee/base/StructureDefinition/ee-organization"/>
  </meta>
  <text>
    <status value="generated"/><div xmlns="http://www.w3.org/1999/xhtml"><p class="res-header-id"><b>Generated Narrative: Organization itk</b></p><a name="itk"> </a><a name="hcitk"> </a><a name="itk-en-US"> </a><p><b>identifier</b>: <code>https://fhir.ee/sid/org/est/br</code>/10822068</p><p><b>active</b>: true</p><p><b>name</b>: Ida-Tallinna Keskhaigla</p><p><b>alias</b>: ITK</p><h3>Contacts</h3><table class="grid"><tr><td style="display: none">-</td><td><b>Telecom</b></td><td><b>Address</b></td></tr><tr><td style="display: none">*</td><td><a href="mailto:info@itk.ee">info@itk.ee</a></td><td>Ravi tn 18 Tallinn Harju EE (work)</td></tr></table></div>
  </text>
  <identifier>
    <system value="https://fhir.ee/sid/org/est/br"/>
    <value value="10822068"/>
  </identifier>
  <active value="true"/>
  <name value="Ida-Tallinna Keskhaigla"/>
  <alias value="ITK"/>
  <contact>
    <telecom>
      <system value="email"/>
      <value value="info@itk.ee"/>
    </telecom>
    <address>
      <use value="work"/>
      <line value="Ravi tn 18"/>
      <city value="Tallinn"/>
      <state value="Harju"/>
      <country value="EE"/>
    </address>
  </contact>
</Organization>