{
  "resourceType" : "Organization",
  "id" : "rh",
  "meta" : {
    "profile" : ["https://fhir.ee/base/StructureDefinition/ee-organization"]
  },
  "text" : {
    "status" : "generated",
    "div" : "<div xmlns=\"http://www.w3.org/1999/xhtml\"><p class=\"res-header-id\"><b>Generated Narrative: Organization rh</b></p><a name=\"rh\"> </a><a name=\"hcrh\"> </a><a name=\"rh-en-US\"> </a><p><b>identifier</b>: <code>https://fhir.ee/sid/org/est/br</code>/10856624</p><p><b>active</b>: true</p><p><b>name</b>: Rakvere Haigla</p><p><b>alias</b>: RH</p><h3>Contacts</h3><table class=\"grid\"><tr><td style=\"display: none\">-</td><td><b>Telecom</b></td><td><b>Address</b></td></tr><tr><td style=\"display: none\">*</td><td><a href=\"mailto:info@rh.ee\">info@rh.ee</a></td><td>Lõuna põik 1 Rakvere Lääne-Viru EE (work)</td></tr></table></div>"
  },
  "identifier" : [{
    "system" : "https://fhir.ee/sid/org/est/br",
    "value" : "10856624"
  }],
  "active" : true,
  "name" : "Rakvere Haigla",
  "alias" : ["RH"],
  "contact" : [{
    "telecom" : [{
      "system" : "email",
      "value" : "info@rh.ee"
    }],
    "address" : {
      "use" : "work",
      "line" : ["Lõuna põik 1"],
      "city" : "Rakvere",
      "state" : "Lääne-Viru",
      "country" : "EE"
    }
  }]
}