{
  "resourceType" : "Organization",
  "id" : "ehif",
  "meta" : {
    "profile" : ["https://fhir.ee/base/StructureDefinition/ee-organization"]
  },
  "text" : {
    "status" : "generated",
    "div" : "<div xmlns=\"http://www.w3.org/1999/xhtml\"><p class=\"res-header-id\"><b>Generated Narrative: Organization ehif</b></p><a name=\"ehif\"> </a><a name=\"hcehif\"> </a><a name=\"ehif-en-US\"> </a><p><b>identifier</b>: <code>https://fhir.ee/sid/org/est/br</code>/74000091</p><p><b>active</b>: true</p><p><b>name</b>: Eesti Tervisekassa</p><p><b>alias</b>: EHIF</p><h3>Contacts</h3><table class=\"grid\"><tr><td style=\"display: none\">-</td><td><b>Telecom</b></td><td><b>Address</b></td></tr><tr><td style=\"display: none\">*</td><td><a href=\"mailto:info@tervisekassa.ee\">info@tervisekassa.ee</a></td><td>Lastekodu 88 Tallinn EE (work)</td></tr></table></div>"
  },
  "identifier" : [{
    "system" : "https://fhir.ee/sid/org/est/br",
    "value" : "74000091"
  }],
  "active" : true,
  "name" : "Eesti Tervisekassa",
  "alias" : ["EHIF"],
  "contact" : [{
    "telecom" : [{
      "system" : "email",
      "value" : "info@tervisekassa.ee"
    }],
    "address" : {
      "use" : "work",
      "line" : ["Lastekodu 88"],
      "city" : "Tallinn",
      "country" : "EE"
    }
  }]
}