{
  "resourceType" : "Organization",
  "id" : "itk",
  "meta" : {
    "profile" : ["https://fhir.ee/base/StructureDefinition/ee-organization"]
  },
  "text" : {
    "status" : "generated",
    "div" : "<div xmlns=\"http://www.w3.org/1999/xhtml\"><p class=\"res-header-id\"><b>Generated Narrative: Organization itk</b></p><a name=\"itk\"> </a><a name=\"hcitk\"> </a><a name=\"itk-en-US\"> </a><p><b>identifier</b>: <code>https://fhir.ee/sid/org/est/br</code>/10822068</p><p><b>active</b>: true</p><p><b>name</b>: Ida-Tallinna Keskhaigla</p><p><b>alias</b>: ITK</p><h3>Contacts</h3><table class=\"grid\"><tr><td style=\"display: none\">-</td><td><b>Telecom</b></td><td><b>Address</b></td></tr><tr><td style=\"display: none\">*</td><td><a href=\"mailto:info@itk.ee\">info@itk.ee</a></td><td>Ravi tn 18 Tallinn Harju EE (work)</td></tr></table></div>"
  },
  "identifier" : [{
    "system" : "https://fhir.ee/sid/org/est/br",
    "value" : "10822068"
  }],
  "active" : true,
  "name" : "Ida-Tallinna Keskhaigla",
  "alias" : ["ITK"],
  "contact" : [{
    "telecom" : [{
      "system" : "email",
      "value" : "info@itk.ee"
    }],
    "address" : {
      "use" : "work",
      "line" : ["Ravi tn 18"],
      "city" : "Tallinn",
      "state" : "Harju",
      "country" : "EE"
    }
  }]
}