{
  "resourceType" : "Practitioner",
  "id" : "N98765",
  "meta" : {
    "profile" : ["https://fhir.ee/base/StructureDefinition/ee-practitioner"]
  },
  "text" : {
    "status" : "generated",
    "div" : "<div xmlns=\"http://www.w3.org/1999/xhtml\"><p class=\"res-header-id\"><b>Generated Narrative: Practitioner N98765</b></p><a name=\"N98765\"> </a><a name=\"hcN98765\"> </a><a name=\"N98765-en-US\"> </a><p><b>identifier</b>: <code>https://fhir.ee/sid/pro/est/pho</code>/N98765, <a href=\"file:///Users/igor/source/hl7/ig-ee-terminology/output/NamingSystem-pid-est-ni.html\" title=\"The personal national identification code of Estonian citizens and residents.\">Estonian Personal National Identification Code</a>/49806307018</p><p><b>active</b>: true</p><p><b>name</b>: Laura Õde </p><h3>Qualifications</h3><table class=\"grid\"><tr><td style=\"display: none\">-</td><td><b>Code</b></td></tr><tr><td style=\"display: none\">*</td><td><span title=\"Codes:{http://terminology.hl7.org/CodeSystem/v2-0360 PN}\">Advanced Practice Nurse</span></td></tr></table></div>"
  },
  "identifier" : [{
    "system" : "https://fhir.ee/sid/pro/est/pho",
    "value" : "N98765"
  },
  {
    "system" : "https://fhir.ee/sid/pid/est/ni",
    "value" : "49806307018"
  }],
  "active" : true,
  "name" : [{
    "family" : "Õde",
    "given" : ["Laura"]
  }],
  "qualification" : [{
    "code" : {
      "coding" : [{
        "system" : "http://terminology.hl7.org/CodeSystem/v2-0360",
        "code" : "PN",
        "display" : "Advanced Practice Nurse"
      }]
    }
  }]
}