<?xml version="1.0" encoding="UTF-8"?>

<Practitioner xmlns="http://hl7.org/fhir">
  <id value="D98765"/>
  <meta>
    <profile value="https://fhir.ee/base/StructureDefinition/ee-practitioner"/>
  </meta>
  <text>
    <status value="generated"/><div xmlns="http://www.w3.org/1999/xhtml"><p class="res-header-id"><b>Generated Narrative: Practitioner D98765</b></p><a name="D98765"> </a><a name="hcD98765"> </a><a name="D98765-en-US"> </a><p><b>identifier</b>: <code>https://fhir.ee/sid/pro/est/pho</code>/D98765, <a href="file:///Users/igor/source/hl7/ig-ee-terminology/output/NamingSystem-pid-est-ni.html" title="The personal national identification code of Estonian citizens and residents.">Estonian Personal National Identification Code</a>/489050599952</p><p><b>active</b>: true</p><p><b>name</b>: Ly Arst </p></div>
  </text>
  <identifier>
    <system value="https://fhir.ee/sid/pro/est/pho"/>
    <value value="D98765"/>
  </identifier>
  <identifier>
    <system value="https://fhir.ee/sid/pid/est/ni"/>
    <value value="489050599952"/>
  </identifier>
  <active value="true"/>
  <name>
    <family value="Arst"/>
    <given value="Ly"/>
  </name>
</Practitioner>