{
  "resourceType" : "PractitionerRole",
  "id" : "PractRoleD99876",
  "meta" : {
    "profile" : ["https://fhir.ee/base/StructureDefinition/ee-practitioner-role"]
  },
  "text" : {
    "status" : "generated",
    "div" : "<div xmlns=\"http://www.w3.org/1999/xhtml\"><p class=\"res-header-id\"><b>Generated Narrative: PractitionerRole PractRoleD99876</b></p><a name=\"PractRoleD99876\"> </a><a name=\"hcPractRoleD99876\"> </a><a name=\"PractRoleD99876-en-US\"> </a><p><b>active</b>: true</p><p><b>period</b>: 2012-01-01 --&gt; (ongoing)</p><p><b>practitioner</b>: <a href=\"Practitioner-D99876.html\">Practitioner Paavo Arst </a></p><p><b>organization</b>: <a href=\"Organization-rh.html\">Organization Rakvere Haigla</a></p><p><b>code</b>: <span title=\"Codes:{http://terminology.hl7.org/CodeSystem/practitioner-role doctor}\">Doctor</span>, <span title=\"Codes:{https://fhir.ee/CodeSystem/occupation 22122501}\">Pediaater</span></p><p><b>specialty</b>: <span title=\"Codes:{http://snomed.info/sct 394537008}\">Pediatric specialty</span>, <span title=\"Codes:{http://snomed.info/sct 418535003}\">Pediatric immunology</span>, <span title=\"Codes:{http://snomed.info/sct 408439002}\">Allergy - specialty</span>, <span title=\"Codes:{https://fhir.ee/CodeSystem/eriala E290}\">Pediaatria</span>, <span title=\"Codes:{https://fhir.ee/CodeSystem/eriala E670}\">Pediaatria allergoloogia lisapädevusega</span></p></div>"
  },
  "active" : true,
  "period" : {
    "start" : "2012-01-01"
  },
  "practitioner" : {
    "reference" : "Practitioner/D99876"
  },
  "organization" : {
    "reference" : "Organization/rh"
  },
  "code" : [{
    "coding" : [{
      "system" : "http://terminology.hl7.org/CodeSystem/practitioner-role",
      "code" : "doctor",
      "display" : "Doctor"
    }]
  },
  {
    "coding" : [{
      "system" : "https://fhir.ee/CodeSystem/occupation",
      "code" : "22122501",
      "display" : "Pediaater"
    }]
  }],
  "specialty" : [{
    "coding" : [{
      "system" : "http://snomed.info/sct",
      "code" : "394537008",
      "display" : "Pediatric specialty"
    }]
  },
  {
    "coding" : [{
      "system" : "http://snomed.info/sct",
      "code" : "418535003",
      "display" : "Pediatric immunology"
    }]
  },
  {
    "coding" : [{
      "system" : "http://snomed.info/sct",
      "code" : "408439002",
      "display" : "Allergy - specialty"
    }]
  },
  {
    "coding" : [{
      "system" : "https://fhir.ee/CodeSystem/eriala",
      "code" : "E290",
      "display" : "Pediaatria"
    }]
  },
  {
    "coding" : [{
      "system" : "https://fhir.ee/CodeSystem/eriala",
      "code" : "E670",
      "display" : "Pediaatria allergoloogia lisapädevusega"
    }]
  }]
}