{
  "resourceType" : "PractitionerRole",
  "id" : "PractRoleD98765",
  "meta" : {
    "profile" : ["https://fhir.ee/base/StructureDefinition/ee-practitioner-role"]
  },
  "text" : {
    "status" : "generated",
    "div" : "<div xmlns=\"http://www.w3.org/1999/xhtml\"><p class=\"res-header-id\"><b>Generated Narrative: PractitionerRole PractRoleD98765</b></p><a name=\"PractRoleD98765\"> </a><a name=\"hcPractRoleD98765\"> </a><a name=\"PractRoleD98765-en-US\"> </a><p><b>active</b>: true</p><p><b>period</b>: 2012-01-01 --&gt; (ongoing)</p><p><b>practitioner</b>: <a href=\"Practitioner-D98765.html\">Practitioner Ly Arst </a></p><p><b>organization</b>: <a href=\"Organization-rh.html\">Organization Rakvere Haigla</a></p><p><b>code</b>: <span title=\"Codes:{http://terminology.hl7.org/CodeSystem/practitioner-role doctor}\">Doctor</span>, <span title=\"Codes:{https://fhir.ee/CodeSystem/occupation 22120901}\">Kardioloog</span></p><p><b>specialty</b>: <span title=\"Codes:{http://snomed.info/sct 394579002}\">Cardiology</span>, <span title=\"Codes:{http://snomed.info/sct 1251549008}\">Interventional cardiology</span>, <span title=\"Codes:{https://fhir.ee/CodeSystem/eriala E170}\">Kardioloogia</span></p></div>"
  },
  "active" : true,
  "period" : {
    "start" : "2012-01-01"
  },
  "practitioner" : {
    "reference" : "Practitioner/D98765"
  },
  "organization" : {
    "reference" : "Organization/rh"
  },
  "code" : [{
    "coding" : [{
      "system" : "http://terminology.hl7.org/CodeSystem/practitioner-role",
      "code" : "doctor",
      "display" : "Doctor"
    }]
  },
  {
    "coding" : [{
      "system" : "https://fhir.ee/CodeSystem/occupation",
      "code" : "22120901",
      "display" : "Kardioloog"
    }]
  }],
  "specialty" : [{
    "coding" : [{
      "system" : "http://snomed.info/sct",
      "code" : "394579002",
      "display" : "Cardiology"
    }]
  },
  {
    "coding" : [{
      "system" : "http://snomed.info/sct",
      "code" : "1251549008",
      "display" : "Interventional cardiology"
    }]
  },
  {
    "coding" : [{
      "system" : "https://fhir.ee/CodeSystem/eriala",
      "code" : "E170",
      "display" : "Kardioloogia"
    }]
  }]
}