<?xml version="1.0" encoding="UTF-8"?>

<Practitioner xmlns="http://hl7.org/fhir">
  <id value="N99876"/>
  <meta>
    <profile value="https://fhir.ee/base/StructureDefinition/ee-practitioner"/>
  </meta>
  <text>
    <status value="generated"/><div xmlns="http://www.w3.org/1999/xhtml"><p class="res-header-id"><b>Generated Narrative: Practitioner N99876</b></p><a name="N99876"> </a><a name="hcN99876"> </a><a name="N99876-en-US"> </a><p><b>identifier</b>: <code>https://fhir.ee/sid/pro/est/pho</code>/N99876, <a href="file:///Users/igor/source/hl7/ig-ee-terminology/output/NamingSystem-pid-est-ni.html" title="The personal national identification code of Estonian citizens and residents.">Estonian Personal National Identification Code</a>/38001010015</p><p><b>active</b>: true</p><p><b>name</b>: Kari Õde </p><h3>Qualifications</h3><table class="grid"><tr><td style="display: none">-</td><td><b>Code</b></td></tr><tr><td style="display: none">*</td><td><span title="Codes:{http://terminology.hl7.org/CodeSystem/v2-0360 RN}">Registered Nurse</span></td></tr></table></div>
  </text>
  <identifier>
    <system value="https://fhir.ee/sid/pro/est/pho"/>
    <value value="N99876"/>
  </identifier>
  <identifier>
    <system value="https://fhir.ee/sid/pid/est/ni"/>
    <value value="38001010015"/>
  </identifier>
  <active value="true"/>
  <name>
    <family value="Õde"/>
    <given value="Kari"/>
  </name>
  <qualification>
    <code>
      <coding>
        <system value="http://terminology.hl7.org/CodeSystem/v2-0360"/>
        <code value="RN"/>
        <display value="Registered Nurse"/>
      </coding>
    </code>
  </qualification>
</Practitioner>