{
  "resourceType" : "Practitioner",
  "id" : "D99876",
  "meta" : {
    "profile" : ["https://fhir.ee/base/StructureDefinition/ee-practitioner"]
  },
  "text" : {
    "status" : "generated",
    "div" : "<div xmlns=\"http://www.w3.org/1999/xhtml\"><p class=\"res-header-id\"><b>Generated Narrative: Practitioner D99876</b></p><a name=\"D99876\"> </a><a name=\"hcD99876\"> </a><a name=\"D99876-en-US\"> </a><p><b>identifier</b>: <code>https://fhir.ee/sid/pro/est/pho</code>/D99876, <a href=\"file:///Users/igor/source/hl7/ig-ee-terminology/output/NamingSystem-pid-est-ni.html\" title=\"The personal national identification code of Estonian citizens and residents.\">Estonian Personal National Identification Code</a>/35006080229</p><p><b>active</b>: true</p><p><b>name</b>: Paavo Arst </p><h3>Qualifications</h3><table class=\"grid\"><tr><td style=\"display: none\">-</td><td><b>Code</b></td></tr><tr><td style=\"display: none\">*</td><td><span title=\"Codes:{http://terminology.hl7.org/CodeSystem/v2-0360 MD}\">pediaatria</span></td></tr></table></div>"
  },
  "identifier" : [{
    "system" : "https://fhir.ee/sid/pro/est/pho",
    "value" : "D99876"
  },
  {
    "system" : "https://fhir.ee/sid/pid/est/ni",
    "value" : "35006080229"
  }],
  "active" : true,
  "name" : [{
    "family" : "Arst",
    "given" : ["Paavo"]
  }],
  "qualification" : [{
    "code" : {
      "coding" : [{
        "system" : "http://terminology.hl7.org/CodeSystem/v2-0360",
        "code" : "MD",
        "display" : "Doctor of Medicine"
      }],
      "text" : "pediaatria"
    }
  }]
}