{
  "resourceType" : "RelatedPerson",
  "id" : "Doe2Doe",
  "meta" : {
    "profile" : ["https://fhir.ee/base/StructureDefinition/ee-related-person"]
  },
  "text" : {
    "status" : "generated",
    "div" : "<div xmlns=\"http://www.w3.org/1999/xhtml\"><p class=\"res-header-id\"><b>Generated Narrative: RelatedPerson Doe2Doe</b></p><a name=\"Doe2Doe\"> </a><a name=\"hcDoe2Doe\"> </a><a name=\"Doe2Doe-en-US\"> </a><p><b>patient</b>: <a href=\"Patient-pat2.html\">John Doe  Male, DoB Unknown ( https://fhir.ee/sid/pid/usa/ppn#N857623628)</a></p><p><b>relationship</b>: <span title=\"Codes:{http://snomed.info/sct 127848009}\">Spouse</span>, <span title=\"Codes:{http://terminology.hl7.org/CodeSystem/v3-RoleClass NOK}\">Next of kin</span></p><p><b>name</b>: Jane Doe </p><p><b>gender</b>: Female</p></div>"
  },
  "patient" : {
    "reference" : "Patient/pat2"
  },
  "relationship" : [{
    "coding" : [{
      "system" : "http://snomed.info/sct",
      "code" : "127848009",
      "display" : "Spouse"
    }]
  },
  {
    "coding" : [{
      "system" : "http://terminology.hl7.org/CodeSystem/v3-RoleClass",
      "code" : "NOK",
      "display" : "Next of kin"
    }]
  }],
  "name" : [{
    "family" : "Doe",
    "given" : ["Jane"]
  }],
  "gender" : "female"
}