{
  "resourceType" : "Bundle",
  "id" : "410a1f30-c48d-4036-9d61-304d7d4c72c1",
  "meta" : {
    "lastUpdated" : "2023-05-30T09:50:45.264+03:00"
  },
  "type" : "collection",
  "entry" : [{
    "fullUrl" : "https://fhir.ee/ValueSet/legal-status",
    "resource" : {
      "resourceType" : "ValueSet",
      "text" : {
        "status" : "generated",
        "div" : "<div xmlns=\"http://www.w3.org/1999/xhtml\"><p>This value set contains 3 concepts</p><p style=\"border: black 1px dotted; background-color: #EEEEEE; padding: 8px; margin-bottom: 8px\">Expansion based on <a href=\"CodeSystem-legal-status.html\">Legal Status v0.2.0 (CodeSystem)</a></p><table class=\"codes\"><tr><td style=\"white-space:nowrap\"><b>Code</b></td><td><b>System</b></td><td><b>Display</b></td></tr><tr><td style=\"white-space:nowrap\"><a name=\"https---fhir.ee-CodeSystem-legal-status-T0\"> </a>\u00a0\u00a0<a href=\"CodeSystem-legal-status.html#legal-status-T0\">T0</a></td><td>https://fhir.ee/CodeSystem/legal-status</td><td>Teovõimeline</td></tr><tr><td style=\"white-space:nowrap\"><a name=\"https---fhir.ee-CodeSystem-legal-status-T1\"> </a>\u00a0\u00a0<a href=\"CodeSystem-legal-status.html#legal-status-T1\">T1</a></td><td>https://fhir.ee/CodeSystem/legal-status</td><td>Piiratud teovõimega valimisõiguseta</td></tr><tr><td style=\"white-space:nowrap\"><a name=\"https---fhir.ee-CodeSystem-legal-status-T3\"> </a>\u00a0\u00a0<a href=\"CodeSystem-legal-status.html#legal-status-T3\">T3</a></td><td>https://fhir.ee/CodeSystem/legal-status</td><td>Piiratud teovõimega valimisõigusega</td></tr></table></div>"
      },
      "url" : "https://fhir.ee/ValueSet/legal-status",
      "version" : "0.2.0",
      "name" : "EEMPILegalStatus",
      "title" : "Legal Status",
      "status" : "active",
      "experimental" : false,
      "date" : "2023-05-30T09:50:45+03:00",
      "jurisdiction" : [{
        "coding" : [{
          "system" : "urn:iso:std:iso:3166",
          "code" : "EE",
          "display" : "Estonia"
        }]
      }],
      "expansion" : {
        "identifier" : "urn:uuid:6d215408-e8a4-4472-b6bc-568276eaefe4",
        "timestamp" : "2023-05-30T09:51:05+03:00",
        "total" : 3,
        "parameter" : [{
          "name" : "excludeNested",
          "valueBoolean" : false
        },
        {
          "name" : "version",
          "valueUri" : "https://fhir.ee/CodeSystem/legal-status|0.2.0"
        }],
        "contains" : [{
          "system" : "https://fhir.ee/CodeSystem/legal-status",
          "code" : "T0",
          "display" : "Teovõimeline"
        },
        {
          "system" : "https://fhir.ee/CodeSystem/legal-status",
          "code" : "T1",
          "display" : "Piiratud teovõimega valimisõiguseta"
        },
        {
          "system" : "https://fhir.ee/CodeSystem/legal-status",
          "code" : "T3",
          "display" : "Piiratud teovõimega valimisõigusega"
        }]
      }
    }
  },
  {
    "fullUrl" : "https://fhir.ee/ValueSet/ee-mpi-person-relationship",
    "resource" : {
      "resourceType" : "ValueSet",
      "text" : {
        "status" : "generated",
        "div" : "<div xmlns=\"http://www.w3.org/1999/xhtml\"><p>This value set contains 5 concepts</p><p style=\"border: black 1px dotted; background-color: #EEEEEE; padding: 8px; margin-bottom: 8px\">Expansion based on SNOMED CT International edition 31-Jan 2023</p><table class=\"codes\"><tr><td style=\"white-space:nowrap\"><b>Code</b></td><td><b>System</b></td><td><b>Display</b></td></tr><tr><td style=\"white-space:nowrap\"><a name=\"http---snomed.info-sct-72705000\"> </a>\u00a0\u00a0<a href=\"http://snomed.info/id/72705000\">72705000</a></td><td>http://snomed.info/sct</td><td>Mother</td></tr><tr><td style=\"white-space:nowrap\"><a name=\"http---snomed.info-sct-66839005\"> </a>\u00a0\u00a0<a href=\"http://snomed.info/id/66839005\">66839005</a></td><td>http://snomed.info/sct</td><td>Father</td></tr><tr><td style=\"white-space:nowrap\"><a name=\"http---snomed.info-sct-67822003\"> </a>\u00a0\u00a0<a href=\"http://snomed.info/id/67822003\">67822003</a></td><td>http://snomed.info/sct</td><td>Child</td></tr><tr><td style=\"white-space:nowrap\"><a name=\"http---snomed.info-sct-127848009\"> </a>\u00a0\u00a0<a href=\"http://snomed.info/id/127848009\">127848009</a></td><td>http://snomed.info/sct</td><td>Spouse</td></tr><tr><td style=\"white-space:nowrap\"><a name=\"http---snomed.info-sct-444210007\"> </a>\u00a0\u00a0<a href=\"http://snomed.info/id/444210007\">444210007</a></td><td>http://snomed.info/sct</td><td>Cohabitee in relationship with subject (person)</td></tr></table></div>"
      },
      "url" : "https://fhir.ee/ValueSet/ee-mpi-person-relationship",
      "version" : "0.2.0",
      "name" : "EEMPIPersonRelationship",
      "title" : "Person Relationship",
      "status" : "active",
      "experimental" : false,
      "date" : "2023-05-30T09:50:45+03:00",
      "jurisdiction" : [{
        "coding" : [{
          "system" : "urn:iso:std:iso:3166",
          "code" : "EE",
          "display" : "Estonia"
        }]
      }],
      "expansion" : {
        "identifier" : "urn:uuid:01d9e8b5-2a59-4c87-b99e-a90e717d6d94",
        "timestamp" : "2023-05-30T09:51:07+03:00",
        "total" : 5,
        "parameter" : [{
          "name" : "excludeNested",
          "valueBoolean" : false
        },
        {
          "name" : "limitedExpansion",
          "valueBoolean" : true
        },
        {
          "name" : "version",
          "valueUri" : "http://snomed.info/sct|http://snomed.info/sct/900000000000207008/version/20230131"
        }],
        "contains" : [{
          "system" : "http://snomed.info/sct",
          "code" : "72705000",
          "display" : "Mother"
        },
        {
          "system" : "http://snomed.info/sct",
          "code" : "66839005",
          "display" : "Father"
        },
        {
          "system" : "http://snomed.info/sct",
          "code" : "67822003",
          "display" : "Child"
        },
        {
          "system" : "http://snomed.info/sct",
          "code" : "127848009",
          "display" : "Spouse"
        },
        {
          "system" : "http://snomed.info/sct",
          "code" : "444210007",
          "display" : "Cohabitee in relationship with subject (person)"
        }]
      }
    }
  },
  {
    "fullUrl" : "https://fhir.ee/ValueSet/disability-level",
    "resource" : {
      "resourceType" : "ValueSet",
      "text" : {
        "status" : "generated",
        "div" : "<div xmlns=\"http://www.w3.org/1999/xhtml\"><p>This value set contains 3 concepts</p><p style=\"border: black 1px dotted; background-color: #EEEEEE; padding: 8px; margin-bottom: 8px\">Expansion based on <a href=\"CodeSystem-disability-level.html\">Disability level v0.2.0 (CodeSystem)</a></p><table class=\"codes\"><tr><td style=\"white-space:nowrap\"><b>Code</b></td><td><b>System</b></td><td><b>Display</b></td></tr><tr><td style=\"white-space:nowrap\"><a name=\"https---fhir.ee-CodeSystem-disability-level-keskmine\"> </a>\u00a0\u00a0<a href=\"CodeSystem-disability-level.html#disability-level-keskmine\">keskmine</a></td><td>https://fhir.ee/CodeSystem/disability-level</td><td>Keskmine puue</td></tr><tr><td style=\"white-space:nowrap\"><a name=\"https---fhir.ee-CodeSystem-disability-level-raske\"> </a>\u00a0\u00a0<a href=\"CodeSystem-disability-level.html#disability-level-raske\">raske</a></td><td>https://fhir.ee/CodeSystem/disability-level</td><td>Raske puue</td></tr><tr><td style=\"white-space:nowrap\"><a name=\"https---fhir.ee-CodeSystem-disability-level-sygav\"> </a>\u00a0\u00a0<a href=\"CodeSystem-disability-level.html#disability-level-sygav\">sygav</a></td><td>https://fhir.ee/CodeSystem/disability-level</td><td>Sügav puue</td></tr></table></div>"
      },
      "url" : "https://fhir.ee/ValueSet/disability-level",
      "version" : "0.2.0",
      "name" : "EEMPIDisabilityLevel",
      "title" : "Disability level",
      "status" : "active",
      "experimental" : false,
      "date" : "2023-05-30T09:50:45+03:00",
      "jurisdiction" : [{
        "coding" : [{
          "system" : "urn:iso:std:iso:3166",
          "code" : "EE",
          "display" : "Estonia"
        }]
      }],
      "expansion" : {
        "identifier" : "urn:uuid:50095ccb-de5c-47a5-b770-764142629b31",
        "timestamp" : "2023-05-30T09:51:07+03:00",
        "total" : 3,
        "parameter" : [{
          "name" : "excludeNested",
          "valueBoolean" : false
        },
        {
          "name" : "version",
          "valueUri" : "https://fhir.ee/CodeSystem/disability-level|0.2.0"
        }],
        "contains" : [{
          "system" : "https://fhir.ee/CodeSystem/disability-level",
          "code" : "keskmine",
          "display" : "Keskmine puue"
        },
        {
          "system" : "https://fhir.ee/CodeSystem/disability-level",
          "code" : "raske",
          "display" : "Raske puue"
        },
        {
          "system" : "https://fhir.ee/CodeSystem/disability-level",
          "code" : "sygav",
          "display" : "Sügav puue"
        }]
      }
    }
  },
  {
    "fullUrl" : "https://fhir.ee/ValueSet/power-of-attorney",
    "resource" : {
      "resourceType" : "ValueSet",
      "text" : {
        "status" : "generated",
        "div" : "<div xmlns=\"http://www.w3.org/1999/xhtml\"><p>This value set contains 8 concepts</p><p style=\"border: black 1px dotted; background-color: #EEEEEE; padding: 8px; margin-bottom: 8px\">Expansion based on <a href=\"CodeSystem-power-of-attorney.html\">PowerOfAttorney Status v0.2.0 (CodeSystem)</a></p><table class=\"codes\"><tr><td style=\"white-space:nowrap\"><b>Code</b></td><td><b>System</b></td><td><b>Display</b></td></tr><tr><td style=\"white-space:nowrap\"><a name=\"https---fhir.ee-CodeSystem-power-of-attorney-H9\"> </a>\u00a0\u00a0<a href=\"CodeSystem-power-of-attorney.html#power-of-attorney-H9\">H9</a></td><td>https://fhir.ee/CodeSystem/power-of-attorney</td><td>Lapse eraldamine vanemast</td></tr><tr><td style=\"white-space:nowrap\"><a name=\"https---fhir.ee-CodeSystem-power-of-attorney-H11\"> </a>\u00a0\u00a0<a href=\"CodeSystem-power-of-attorney.html#power-of-attorney-H11\">H11</a></td><td>https://fhir.ee/CodeSystem/power-of-attorney</td><td>Osaline isikuhooldusõigus</td></tr><tr><td style=\"white-space:nowrap\"><a name=\"https---fhir.ee-CodeSystem-power-of-attorney-H21\"> </a>\u00a0\u00a0<a href=\"CodeSystem-power-of-attorney.html#power-of-attorney-H21\">H21</a></td><td>https://fhir.ee/CodeSystem/power-of-attorney</td><td>Osaline varahooldusõigus</td></tr><tr><td style=\"white-space:nowrap\"><a name=\"https---fhir.ee-CodeSystem-power-of-attorney-H12\"> </a>\u00a0\u00a0<a href=\"CodeSystem-power-of-attorney.html#power-of-attorney-H12\">H12</a></td><td>https://fhir.ee/CodeSystem/power-of-attorney</td><td>Piiratud isikuhooldusõigus</td></tr><tr><td style=\"white-space:nowrap\"><a name=\"https---fhir.ee-CodeSystem-power-of-attorney-H22\"> </a>\u00a0\u00a0<a href=\"CodeSystem-power-of-attorney.html#power-of-attorney-H22\">H22</a></td><td>https://fhir.ee/CodeSystem/power-of-attorney</td><td>Piiratud varahooldusõigus</td></tr><tr><td style=\"white-space:nowrap\"><a name=\"https---fhir.ee-CodeSystem-power-of-attorney-H10\"> </a>\u00a0\u00a0<a href=\"CodeSystem-power-of-attorney.html#power-of-attorney-H10\">H10</a></td><td>https://fhir.ee/CodeSystem/power-of-attorney</td><td>Täielik isikuhooldusõigus</td></tr><tr><td style=\"white-space:nowrap\"><a name=\"https---fhir.ee-CodeSystem-power-of-attorney-H20\"> </a>\u00a0\u00a0<a href=\"CodeSystem-power-of-attorney.html#power-of-attorney-H20\">H20</a></td><td>https://fhir.ee/CodeSystem/power-of-attorney</td><td>Täielik varahooldusõigus</td></tr><tr><td style=\"white-space:nowrap\"><a name=\"https---fhir.ee-CodeSystem-power-of-attorney-H19\"> </a>\u00a0\u00a0<a href=\"CodeSystem-power-of-attorney.html#power-of-attorney-H19\">H19</a></td><td>https://fhir.ee/CodeSystem/power-of-attorney</td><td>Vanema õigused</td></tr></table></div>"
      },
      "url" : "https://fhir.ee/ValueSet/power-of-attorney",
      "version" : "0.2.0",
      "name" : "EEMPIPowerOfAttorney",
      "title" : "PowerOfAttorney Status",
      "status" : "active",
      "experimental" : false,
      "date" : "2023-05-30T09:50:45+03:00",
      "jurisdiction" : [{
        "coding" : [{
          "system" : "urn:iso:std:iso:3166",
          "code" : "EE",
          "display" : "Estonia"
        }]
      }],
      "expansion" : {
        "identifier" : "urn:uuid:71d5a455-6d31-4b6a-9b95-b3f3f36f30ea",
        "timestamp" : "2023-05-30T09:51:07+03:00",
        "total" : 8,
        "parameter" : [{
          "name" : "excludeNested",
          "valueBoolean" : false
        },
        {
          "name" : "version",
          "valueUri" : "https://fhir.ee/CodeSystem/power-of-attorney|0.2.0"
        }],
        "contains" : [{
          "system" : "https://fhir.ee/CodeSystem/power-of-attorney",
          "code" : "H9",
          "display" : "Lapse eraldamine vanemast"
        },
        {
          "system" : "https://fhir.ee/CodeSystem/power-of-attorney",
          "code" : "H11",
          "display" : "Osaline isikuhooldusõigus"
        },
        {
          "system" : "https://fhir.ee/CodeSystem/power-of-attorney",
          "code" : "H21",
          "display" : "Osaline varahooldusõigus"
        },
        {
          "system" : "https://fhir.ee/CodeSystem/power-of-attorney",
          "code" : "H12",
          "display" : "Piiratud isikuhooldusõigus"
        },
        {
          "system" : "https://fhir.ee/CodeSystem/power-of-attorney",
          "code" : "H22",
          "display" : "Piiratud varahooldusõigus"
        },
        {
          "system" : "https://fhir.ee/CodeSystem/power-of-attorney",
          "code" : "H10",
          "display" : "Täielik isikuhooldusõigus"
        },
        {
          "system" : "https://fhir.ee/CodeSystem/power-of-attorney",
          "code" : "H20",
          "display" : "Täielik varahooldusõigus"
        },
        {
          "system" : "https://fhir.ee/CodeSystem/power-of-attorney",
          "code" : "H19",
          "display" : "Vanema õigused"
        }]
      }
    }
  },
  {
    "fullUrl" : "https://fhir.ee/ValueSet/job-type",
    "resource" : {
      "resourceType" : "ValueSet",
      "text" : {
        "status" : "generated",
        "div" : "<div xmlns=\"http://www.w3.org/1999/xhtml\"><p>This value set contains 4 concepts</p><p style=\"border: black 1px dotted; background-color: #EEEEEE; padding: 8px; margin-bottom: 8px\">Expansion based on SNOMED CT International edition 31-Jan 2023</p><table class=\"codes\"><tr><td style=\"white-space:nowrap\"><b>Code</b></td><td><b>System</b></td><td><b>Display</b></td></tr><tr><td style=\"white-space:nowrap\"><a name=\"http---snomed.info-sct-160923008\"> </a>\u00a0\u00a0<a href=\"http://snomed.info/id/160923008\">160923008</a></td><td>http://snomed.info/sct</td><td>Sedentary job</td></tr><tr><td style=\"white-space:nowrap\"><a name=\"http---snomed.info-sct-266961004\"> </a>\u00a0\u00a0<a href=\"http://snomed.info/id/266961004\">266961004</a></td><td>http://snomed.info/sct</td><td>Shift worker</td></tr><tr><td style=\"white-space:nowrap\"><a name=\"http---snomed.info-sct-276066008\"> </a>\u00a0\u00a0<a href=\"http://snomed.info/id/276066008\">276066008</a></td><td>http://snomed.info/sct</td><td>Night shift worker</td></tr><tr><td style=\"white-space:nowrap\"><a name=\"http---snomed.info-sct-276067004\"> </a>\u00a0\u00a0<a href=\"http://snomed.info/id/276067004\">276067004</a></td><td>http://snomed.info/sct</td><td>Rotating shift worker</td></tr></table></div>"
      },
      "url" : "https://fhir.ee/ValueSet/job-type",
      "version" : "0.2.0",
      "name" : "EEMPIJobType",
      "title" : "JobType",
      "status" : "active",
      "experimental" : true,
      "date" : "2023-05-30T09:50:45+03:00",
      "jurisdiction" : [{
        "coding" : [{
          "system" : "urn:iso:std:iso:3166",
          "code" : "EE",
          "display" : "Estonia"
        }]
      }],
      "expansion" : {
        "extension" : [{
          "url" : "http://hl7.org/fhir/StructureDefinition/valueset-unclosed",
          "valueBoolean" : true
        }],
        "identifier" : "urn:uuid:150a8c02-41d1-4305-86d6-9e70bd06b1a6",
        "timestamp" : "2023-05-30T09:51:11+03:00",
        "total" : 4,
        "parameter" : [{
          "name" : "excludeNested",
          "valueBoolean" : false
        },
        {
          "name" : "limitedExpansion",
          "valueBoolean" : true
        },
        {
          "name" : "version",
          "valueUri" : "http://snomed.info/sct|http://snomed.info/sct/900000000000207008/version/20230131"
        }],
        "contains" : [{
          "system" : "http://snomed.info/sct",
          "code" : "160923008",
          "display" : "Sedentary job"
        },
        {
          "system" : "http://snomed.info/sct",
          "code" : "266961004",
          "display" : "Shift worker"
        },
        {
          "system" : "http://snomed.info/sct",
          "code" : "276066008",
          "display" : "Night shift worker"
        },
        {
          "system" : "http://snomed.info/sct",
          "code" : "276067004",
          "display" : "Rotating shift worker"
        }]
      }
    }
  },
  {
    "fullUrl" : "https://fhir.ee/ValueSet/education-level",
    "resource" : {
      "resourceType" : "ValueSet",
      "text" : {
        "status" : "generated",
        "div" : "<div xmlns=\"http://www.w3.org/1999/xhtml\"><p>This value set contains 12 concepts</p><p style=\"border: black 1px dotted; background-color: #EEEEEE; padding: 8px; margin-bottom: 8px\">Expansion based on <a href=\"CodeSystem-education-level.html\">Education level v0.2.0 (CodeSystem)</a></p><table class=\"codes\"><tr><td><b>Level</b></td><td style=\"white-space:nowrap\"><b>Code</b></td><td><b>System</b></td><td><b>Display</b></td><td><b>Definition</b></td></tr><tr><td><a name=\"https---fhir.ee-CodeSystem-education-level-0\"> </a>1</td><td style=\"white-space:nowrap\">\u00a0\u00a0<a href=\"CodeSystem-education-level.html#education-level-0\">0</a></td><td>https://fhir.ee/CodeSystem/education-level</td><td>Less than primary education, pre-primary education</td><td><div><p>Alusharidus (koolieelne haridus) või alghariduseta</p>\n</div></td></tr><tr><td><a name=\"https---fhir.ee-CodeSystem-education-level-1\"> </a>1</td><td style=\"white-space:nowrap\">\u00a0\u00a0<a href=\"CodeSystem-education-level.html#education-level-1\">1</a></td><td>https://fhir.ee/CodeSystem/education-level</td><td>Basic education (grades 1-6 of basic school)</td><td><div><p>Põhiharidus (põhikooli 1.-6. klass)</p>\n</div></td></tr><tr><td><a name=\"https---fhir.ee-CodeSystem-education-level-2\"> </a>1</td><td style=\"white-space:nowrap\">\u00a0\u00a0<a href=\"CodeSystem-education-level.html#education-level-2\">2</a></td><td>https://fhir.ee/CodeSystem/education-level</td><td>Basic education (grades 7-9 of basic school)</td><td><div><p>Põhiharidus (põhikooli 7.-9. klass)</p>\n</div></td></tr><tr><td><a name=\"https---fhir.ee-CodeSystem-education-level-3\"> </a>1</td><td style=\"white-space:nowrap\">\u00a0\u00a0<a href=\"CodeSystem-education-level.html#education-level-3\">3</a></td><td>https://fhir.ee/CodeSystem/education-level</td><td>Upper secondary education</td><td><div><p>Keskharidus</p>\n</div></td></tr><tr><td><a name=\"https---fhir.ee-CodeSystem-education-level-34\"> </a>2</td><td style=\"white-space:nowrap\">\u00a0\u00a0\u00a0\u00a0<a href=\"CodeSystem-education-level.html#education-level-34\">34</a></td><td>https://fhir.ee/CodeSystem/education-level</td><td>General secondary education</td><td><div><p>Üldkeskharidus (gümnaasiumi 10.-12. klass)</p>\n</div></td></tr><tr><td><a name=\"https---fhir.ee-CodeSystem-education-level-35\"> </a>2</td><td style=\"white-space:nowrap\">\u00a0\u00a0\u00a0\u00a0<a href=\"CodeSystem-education-level.html#education-level-35\">35</a></td><td>https://fhir.ee/CodeSystem/education-level</td><td>Vocational secondary education (incl. secondary special or technical education), based on basic education</td><td><div><p>Kutsekeskharidus (sh keskeri- või tehnikumiharidus) põhihariduse baasil</p>\n</div></td></tr><tr><td><a name=\"https---fhir.ee-CodeSystem-education-level-4\"> </a>1</td><td style=\"white-space:nowrap\">\u00a0\u00a0<a href=\"CodeSystem-education-level.html#education-level-4\">4</a></td><td>https://fhir.ee/CodeSystem/education-level</td><td>Vocational secondary education or vocational courses based on secondary education</td><td><div><p>Kutsekeskharidus või kutseõpe keskhariduse baasil</p>\n</div></td></tr><tr><td><a name=\"https---fhir.ee-CodeSystem-education-level-5\"> </a>1</td><td style=\"white-space:nowrap\">\u00a0\u00a0<a href=\"CodeSystem-education-level.html#education-level-5\">5</a></td><td>https://fhir.ee/CodeSystem/education-level</td><td>Vocational secondary education and a technical education based on secondary education</td><td><div><p>Keskeri- ja tehnikumiharidus keskhariduse baasil</p>\n</div></td></tr><tr><td><a name=\"https---fhir.ee-CodeSystem-education-level-6\"> </a>1</td><td style=\"white-space:nowrap\">\u00a0\u00a0<a href=\"CodeSystem-education-level.html#education-level-6\">6</a></td><td>https://fhir.ee/CodeSystem/education-level</td><td>Bachelor's or equivalent level education (professional higher education and vocational higher education, diploma courses)</td><td><div><p>Bakalaureus või sellega võrdsustatud haridus (rakendus- ja kutsekõrgharidus, diplomiõpe)</p>\n</div></td></tr><tr><td><a name=\"https---fhir.ee-CodeSystem-education-level-7\"> </a>1</td><td style=\"white-space:nowrap\">\u00a0\u00a0<a href=\"CodeSystem-education-level.html#education-level-7\">7</a></td><td>https://fhir.ee/CodeSystem/education-level</td><td>Master's or equivalent level education</td><td><div><p>Magister või sellega võrdsustatud haridus</p>\n</div></td></tr><tr><td><a name=\"https---fhir.ee-CodeSystem-education-level-8\"> </a>1</td><td style=\"white-space:nowrap\">\u00a0\u00a0<a href=\"CodeSystem-education-level.html#education-level-8\">8</a></td><td>https://fhir.ee/CodeSystem/education-level</td><td>Doctoral or equivalent level education</td><td><div><p>Doktor või sellega võrdsustatud haridus</p>\n</div></td></tr><tr><td><a name=\"https---fhir.ee-CodeSystem-education-level-9\"> </a>1</td><td style=\"white-space:nowrap\">\u00a0\u00a0<a href=\"CodeSystem-education-level.html#education-level-9\">9</a></td><td>https://fhir.ee/CodeSystem/education-level</td><td>Not elsewhere classified</td><td><div><p>Mujal liigitamata</p>\n</div></td></tr></table></div>"
      },
      "url" : "https://fhir.ee/ValueSet/education-level",
      "version" : "0.2.0",
      "name" : "EEMPIEducationLevel",
      "title" : "Education Level",
      "status" : "active",
      "experimental" : false,
      "date" : "2023-05-30T09:50:45+03:00",
      "jurisdiction" : [{
        "coding" : [{
          "system" : "urn:iso:std:iso:3166",
          "code" : "EE",
          "display" : "Estonia"
        }]
      }],
      "expansion" : {
        "identifier" : "urn:uuid:7c47e258-1ccc-4d5d-bd17-0eb5abe3f335",
        "timestamp" : "2023-05-30T09:51:14+03:00",
        "total" : 12,
        "parameter" : [{
          "name" : "excludeNested",
          "valueBoolean" : false
        },
        {
          "name" : "version",
          "valueUri" : "https://fhir.ee/CodeSystem/education-level|0.2.0"
        }],
        "contains" : [{
          "system" : "https://fhir.ee/CodeSystem/education-level",
          "code" : "0",
          "display" : "Less than primary education, pre-primary education"
        },
        {
          "system" : "https://fhir.ee/CodeSystem/education-level",
          "code" : "1",
          "display" : "Basic education (grades 1-6 of basic school)"
        },
        {
          "system" : "https://fhir.ee/CodeSystem/education-level",
          "code" : "2",
          "display" : "Basic education (grades 7-9 of basic school)"
        },
        {
          "system" : "https://fhir.ee/CodeSystem/education-level",
          "code" : "3",
          "display" : "Upper secondary education",
          "contains" : [{
            "system" : "https://fhir.ee/CodeSystem/education-level",
            "code" : "34",
            "display" : "General secondary education"
          },
          {
            "system" : "https://fhir.ee/CodeSystem/education-level",
            "code" : "35",
            "display" : "Vocational secondary education (incl. secondary special or technical education), based on basic education"
          }]
        },
        {
          "system" : "https://fhir.ee/CodeSystem/education-level",
          "code" : "4",
          "display" : "Vocational secondary education or vocational courses based on secondary education"
        },
        {
          "system" : "https://fhir.ee/CodeSystem/education-level",
          "code" : "5",
          "display" : "Vocational secondary education and a technical education based on secondary education"
        },
        {
          "system" : "https://fhir.ee/CodeSystem/education-level",
          "code" : "6",
          "display" : "Bachelor's or equivalent level education (professional higher education and vocational higher education, diploma courses)"
        },
        {
          "system" : "https://fhir.ee/CodeSystem/education-level",
          "code" : "7",
          "display" : "Master's or equivalent level education"
        },
        {
          "system" : "https://fhir.ee/CodeSystem/education-level",
          "code" : "8",
          "display" : "Doctoral or equivalent level education"
        },
        {
          "system" : "https://fhir.ee/CodeSystem/education-level",
          "code" : "9",
          "display" : "Not elsewhere classified"
        }]
      }
    }
  },
  {
    "fullUrl" : "https://fhir.ee/ValueSet/guardian-status",
    "resource" : {
      "resourceType" : "ValueSet",
      "text" : {
        "status" : "generated",
        "div" : "<div xmlns=\"http://www.w3.org/1999/xhtml\"><p>This value set contains 2 concepts</p><p style=\"border: black 1px dotted; background-color: #EEEEEE; padding: 8px; margin-bottom: 8px\">Expansion based on SNOMED CT International edition 31-Jan 2023</p><table class=\"codes\"><tr><td style=\"white-space:nowrap\"><b>Code</b></td><td><b>System</b></td><td><b>Display</b></td></tr><tr><td style=\"white-space:nowrap\"><a name=\"http---snomed.info-sct-58626002\"> </a>\u00a0\u00a0<a href=\"http://snomed.info/id/58626002\">58626002</a></td><td>http://snomed.info/sct</td><td>Legal guardian</td></tr><tr><td style=\"white-space:nowrap\"><a name=\"http---snomed.info-sct-365569001\"> </a>\u00a0\u00a0<a href=\"http://snomed.info/id/365569001\">365569001</a></td><td>http://snomed.info/sct</td><td>Finding of wardship</td></tr></table></div>"
      },
      "url" : "https://fhir.ee/ValueSet/guardian-status",
      "version" : "0.2.0",
      "name" : "EEMPIGuardianStatus",
      "title" : "Guardian Status",
      "status" : "active",
      "experimental" : true,
      "date" : "2023-05-30T09:50:45+03:00",
      "jurisdiction" : [{
        "coding" : [{
          "system" : "urn:iso:std:iso:3166",
          "code" : "EE",
          "display" : "Estonia"
        }]
      }],
      "expansion" : {
        "identifier" : "urn:uuid:577a9f89-8265-4f81-9cbf-35a2c326bb80",
        "timestamp" : "2023-05-30T09:51:14+03:00",
        "total" : 2,
        "parameter" : [{
          "name" : "excludeNested",
          "valueBoolean" : false
        },
        {
          "name" : "limitedExpansion",
          "valueBoolean" : true
        },
        {
          "name" : "version",
          "valueUri" : "http://snomed.info/sct|http://snomed.info/sct/900000000000207008/version/20230131"
        }],
        "contains" : [{
          "system" : "http://snomed.info/sct",
          "code" : "58626002",
          "display" : "Legal guardian"
        },
        {
          "system" : "http://snomed.info/sct",
          "code" : "365569001",
          "display" : "Finding of wardship"
        }]
      }
    }
  },
  {
    "fullUrl" : "https://fhir.ee/ValueSet/ee-mpi-person-relationship-class",
    "resource" : {
      "resourceType" : "ValueSet",
      "text" : {
        "status" : "generated",
        "div" : "<div xmlns=\"http://www.w3.org/1999/xhtml\"><p>This value set contains 4 concepts</p><p style=\"border: black 1px dotted; background-color: #EEEEEE; padding: 8px; margin-bottom: 8px\">Expansion based on <a href=\"http://terminology.hl7.org/5.0.0/CodeSystem-v3-RoleClass.html\">RoleClass v3.1.0 (CodeSystem)</a></p><table class=\"codes\"><tr><td style=\"white-space:nowrap\"><b>Code</b></td><td><b>System</b></td><td><b>Display</b></td><td><b>Definition</b></td></tr><tr><td style=\"white-space:nowrap\"><a name=\"http---terminology.hl7.org-CodeSystem-v3-RoleClass-ECON\"> </a>\u00a0\u00a0<a href=\"http://terminology.hl7.org/5.0.0/CodeSystem-v3-RoleClass.html#v3-RoleClass-ECON\">ECON</a></td><td>http://terminology.hl7.org/CodeSystem/v3-RoleClass</td><td>emergency contact</td><td><div><p>An entity to be contacted in the event of an emergency.</p>\n</div></td></tr><tr><td style=\"white-space:nowrap\"><a name=\"http---terminology.hl7.org-CodeSystem-v3-RoleClass-GUARD\"> </a>\u00a0\u00a0<a href=\"http://terminology.hl7.org/5.0.0/CodeSystem-v3-RoleClass.html#v3-RoleClass-GUARD\">GUARD</a></td><td>http://terminology.hl7.org/CodeSystem/v3-RoleClass</td><td>guardian</td><td><div><p>Guardian of a ward</p>\n</div></td></tr><tr><td style=\"white-space:nowrap\"><a name=\"http---terminology.hl7.org-CodeSystem-v3-RoleClass-DEPEN\"> </a>\u00a0\u00a0<a href=\"http://terminology.hl7.org/5.0.0/CodeSystem-v3-RoleClass.html#v3-RoleClass-DEPEN\">DEPEN</a></td><td>http://terminology.hl7.org/CodeSystem/v3-RoleClass</td><td>dependent</td><td><div><p><strong>Description:</strong> A role played by a person covered under a policy or program based on an association with a subscriber, which is recognized by the policy holder.</p>\n<p><strong>Note:</strong> The party playing the role of a dependent is not a claimant in the sense conveyed by the RoleClassCoveredParty CLAIM (claimant). However, a dependent may make a claim under a policy, e.g., a dependent under a health insurance policy may become the claimant for coverage under that policy for wellness examines or if injured and there is no liable third party. In the case of a dependent making a claim, a role type code INSCLM (insured claimant) subtypes the class to indicate that the dependent has filed a claim for services covered under the health insurance policy.</p>\n<p><strong>Example:</strong> The dependent has an association with the subscriber such as a financial dependency or personal relationship such as that of a spouse, or a natural or adopted child. The policy holder may be required by law to recognize certain associations or may have discretion about the associations. For example, a policy holder may dictate the criteria for the dependent status of adult children who are students, such as requiring full time enrollment, or may recognize domestic partners as dependents. Under certain circumstances, the dependent may be under the indirect authority of a responsible party acting as a surrogate for the subscriber, for example, if the subscriber is differently abled or deceased, a guardian ad Lidem or estate executor may be appointed to assume the subscriberaTMs legal standing in the relationship with the dependent.</p>\n</div></td></tr><tr><td style=\"white-space:nowrap\"><a name=\"http---terminology.hl7.org-CodeSystem-v3-RoleClass-NOK\"> </a>\u00a0\u00a0<a href=\"http://terminology.hl7.org/5.0.0/CodeSystem-v3-RoleClass.html#v3-RoleClass-NOK\">NOK</a></td><td>http://terminology.hl7.org/CodeSystem/v3-RoleClass</td><td>next of kin</td><td><div><p>An individual designated for notification as the next of kin for a given entity.</p>\n</div></td></tr></table></div>"
      },
      "url" : "https://fhir.ee/ValueSet/ee-mpi-person-relationship-class",
      "version" : "0.2.0",
      "name" : "EEMPIPersonRelationshipClass",
      "title" : "Person Relationship Class",
      "status" : "active",
      "experimental" : false,
      "date" : "2023-05-30T09:50:45+03:00",
      "jurisdiction" : [{
        "coding" : [{
          "system" : "urn:iso:std:iso:3166",
          "code" : "EE",
          "display" : "Estonia"
        }]
      }],
      "expansion" : {
        "identifier" : "urn:uuid:9a1f4239-6b37-4266-9703-88c85e8619d1",
        "timestamp" : "2023-05-30T09:51:14+03:00",
        "total" : 4,
        "parameter" : [{
          "name" : "excludeNested",
          "valueBoolean" : false
        },
        {
          "name" : "version",
          "valueUri" : "http://terminology.hl7.org/CodeSystem/v3-RoleClass|3.1.0"
        }],
        "contains" : [{
          "system" : "http://terminology.hl7.org/CodeSystem/v3-RoleClass",
          "code" : "ECON",
          "display" : "emergency contact"
        },
        {
          "system" : "http://terminology.hl7.org/CodeSystem/v3-RoleClass",
          "code" : "GUARD",
          "display" : "guardian"
        },
        {
          "system" : "http://terminology.hl7.org/CodeSystem/v3-RoleClass",
          "code" : "DEPEN",
          "display" : "dependent"
        },
        {
          "system" : "http://terminology.hl7.org/CodeSystem/v3-RoleClass",
          "code" : "NOK",
          "display" : "next of kin"
        }]
      }
    }
  }]
}