{"resourceType":"CodeSystem","id":"power-of-attorney","text":{"status":"generated","div":"<div xmlns=\"http://www.w3.org/1999/xhtml\"><p>This code system <code>https://fhir.ee/CodeSystem/power-of-attorney</code> defines the following codes:</p><table class=\"codes\"><tr><td style=\"white-space:nowrap\"><b>Code</b></td><td><b>Display</b></td></tr><tr><td style=\"white-space:nowrap\">H9<a name=\"power-of-attorney-H9\"> </a></td><td>Lapse eraldamine vanemast</td></tr><tr><td style=\"white-space:nowrap\">H11<a name=\"power-of-attorney-H11\"> </a></td><td>Osaline isikuhooldusõigus</td></tr><tr><td style=\"white-space:nowrap\">H21<a name=\"power-of-attorney-H21\"> </a></td><td>Osaline varahooldusõigus</td></tr><tr><td style=\"white-space:nowrap\">H12<a name=\"power-of-attorney-H12\"> </a></td><td>Piiratud isikuhooldusõigus</td></tr><tr><td style=\"white-space:nowrap\">H22<a name=\"power-of-attorney-H22\"> </a></td><td>Piiratud varahooldusõigus</td></tr><tr><td style=\"white-space:nowrap\">H10<a name=\"power-of-attorney-H10\"> </a></td><td>Täielik isikuhooldusõigus</td></tr><tr><td style=\"white-space:nowrap\">H20<a name=\"power-of-attorney-H20\"> </a></td><td>Täielik varahooldusõigus</td></tr><tr><td style=\"white-space:nowrap\">H19<a name=\"power-of-attorney-H19\"> </a></td><td>Vanema õigused</td></tr></table></div>"},"url":"https://fhir.ee/CodeSystem/power-of-attorney","version":"0.2.0","name":"EEMPIPowerOfAttorney","title":"PowerOfAttorney Status","status":"active","experimental":false,"date":"2023-05-30T09:50:45+03:00","publisher":"TEHIK","contact":[{"name":"TEHIK","telecom":[{"system":"url","value":"https://tehik.ee"}]}],"description":"Hooldusõiguse liik","jurisdiction":[{"coding":[{"system":"urn:iso:std:iso:3166","code":"EE","display":"Estonia"}]}],"caseSensitive":false,"content":"complete","count":8,"concept":[{"code":"H9","display":"Lapse eraldamine vanemast"},{"code":"H11","display":"Osaline isikuhooldusõigus"},{"code":"H21","display":"Osaline varahooldusõigus"},{"code":"H12","display":"Piiratud isikuhooldusõigus"},{"code":"H22","display":"Piiratud varahooldusõigus"},{"code":"H10","display":"Täielik isikuhooldusõigus"},{"code":"H20","display":"Täielik varahooldusõigus"},{"code":"H19","display":"Vanema õigused"}]}