{"resourceType":"ImplementationGuide","id":"hl7.fhir.ee.mpi","text":{"status":"extensions","div":"<div xmlns=\"http://www.w3.org/1999/xhtml\"><h2>EEMPI</h2><p>The official URL for this implementation guide is: </p><pre>https://fhir.ee/ImplementationGuide/hl7.fhir.ee.mpi</pre></div>"},"url":"https://fhir.ee/ImplementationGuide/hl7.fhir.ee.mpi","version":"1.0.0","name":"EEMPI","title":"Patsientide üldandmete teenus / Master Patient Index","status":"draft","date":"2023-05-30T18:29:05+03:00","publisher":"TEHIK","contact":[{"name":"TEHIK","telecom":[{"system":"url","value":"https://tehik.ee"}]}],"jurisdiction":[{"coding":[{"system":"urn:iso:std:iso:3166","code":"EE","display":"Estonia"}]}],"packageId":"hl7.fhir.ee.mpi","license":"CC0-1.0","fhirVersion":["5.0.0"],"dependsOn":[{"id":"hl7tx","extension":[{"url":"http://hl7.org/fhir/tools/StructureDefinition/implementationguide-dependency-comment","valueMarkdown":"Automatically added as a dependency - all IGs depend on HL7 Terminology"}],"uri":"http://terminology.hl7.org/ImplementationGuide/hl7.terminology","packageId":"hl7.terminology.r5","version":"5.0.0"},{"id":"hl7_fhir_uv_extensions","uri":"http://hl7.org/fhir/extensions/ImplementationGuide/hl7.fhir.uv.extensions","packageId":"hl7.fhir.uv.extensions","version":"current"},{"id":"hl7_fhir_ee_base","uri":"https://fhir.ee/ImplementationGuide/hl7.fhir.ee.base","packageId":"hl7.fhir.ee.base","version":"dev"}],"definition":{"extension":[{"extension":[{"url":"code","valueString":"copyrightyear"},{"url":"value","valueString":"2023+"}],"url":"http://hl7.org/fhir/tools/StructureDefinition/ig-parameter"},{"extension":[{"url":"code","valueString":"releaselabel"},{"url":"value","valueString":"ballot"}],"url":"http://hl7.org/fhir/tools/StructureDefinition/ig-parameter"},{"extension":[{"url":"code","valueString":"autoload-resources"},{"url":"value","valueString":"true"}],"url":"http://hl7.org/fhir/tools/StructureDefinition/ig-parameter"},{"extension":[{"url":"code","valueString":"path-liquid"},{"url":"value","valueString":"template/liquid"}],"url":"http://hl7.org/fhir/tools/StructureDefinition/ig-parameter"},{"extension":[{"url":"code","valueString":"path-liquid"},{"url":"value","valueString":"input/liquid"}],"url":"http://hl7.org/fhir/tools/StructureDefinition/ig-parameter"},{"extension":[{"url":"code","valueString":"path-qa"},{"url":"value","valueString":"temp/qa"}],"url":"http://hl7.org/fhir/tools/StructureDefinition/ig-parameter"},{"extension":[{"url":"code","valueString":"path-temp"},{"url":"value","valueString":"temp/pages"}],"url":"http://hl7.org/fhir/tools/StructureDefinition/ig-parameter"},{"extension":[{"url":"code","valueString":"path-output"},{"url":"value","valueString":"output"}],"url":"http://hl7.org/fhir/tools/StructureDefinition/ig-parameter"},{"extension":[{"url":"code","valueString":"path-suppressed-warnings"},{"url":"value","valueString":"input/ignoreWarnings.txt"}],"url":"http://hl7.org/fhir/tools/StructureDefinition/ig-parameter"},{"extension":[{"url":"code","valueString":"path-history"},{"url":"value","valueString":"https://fhir.ee/history.html"}],"url":"http://hl7.org/fhir/tools/StructureDefinition/ig-parameter"},{"extension":[{"url":"code","valueString":"template-html"},{"url":"value","valueString":"template-page.html"}],"url":"http://hl7.org/fhir/tools/StructureDefinition/ig-parameter"},{"extension":[{"url":"code","valueString":"template-md"},{"url":"value","valueString":"template-page-md.html"}],"url":"http://hl7.org/fhir/tools/StructureDefinition/ig-parameter"},{"extension":[{"url":"code","valueString":"apply-contact"},{"url":"value","valueString":"true"}],"url":"http://hl7.org/fhir/tools/StructureDefinition/ig-parameter"},{"extension":[{"url":"code","valueString":"apply-context"},{"url":"value","valueString":"true"}],"url":"http://hl7.org/fhir/tools/StructureDefinition/ig-parameter"},{"extension":[{"url":"code","valueString":"apply-copyright"},{"url":"value","valueString":"true"}],"url":"http://hl7.org/fhir/tools/StructureDefinition/ig-parameter"},{"extension":[{"url":"code","valueString":"apply-jurisdiction"},{"url":"value","valueString":"true"}],"url":"http://hl7.org/fhir/tools/StructureDefinition/ig-parameter"},{"extension":[{"url":"code","valueString":"apply-license"},{"url":"value","valueString":"true"}],"url":"http://hl7.org/fhir/tools/StructureDefinition/ig-parameter"},{"extension":[{"url":"code","valueString":"apply-publisher"},{"url":"value","valueString":"true"}],"url":"http://hl7.org/fhir/tools/StructureDefinition/ig-parameter"},{"extension":[{"url":"code","valueString":"apply-version"},{"url":"value","valueString":"true"}],"url":"http://hl7.org/fhir/tools/StructureDefinition/ig-parameter"},{"extension":[{"url":"code","valueString":"active-tables"},{"url":"value","valueString":"true"}],"url":"http://hl7.org/fhir/tools/StructureDefinition/ig-parameter"},{"extension":[{"url":"code","valueString":"fmm-definition"},{"url":"value","valueString":"http://hl7.org/fhir/versions.html#maturity"}],"url":"http://hl7.org/fhir/tools/StructureDefinition/ig-parameter"},{"extension":[{"url":"code","valueString":"propagate-status"},{"url":"value","valueString":"true"}],"url":"http://hl7.org/fhir/tools/StructureDefinition/ig-parameter"},{"extension":[{"url":"code","valueString":"excludelogbinaryformat"},{"url":"value","valueString":"true"}],"url":"http://hl7.org/fhir/tools/StructureDefinition/ig-parameter"},{"extension":[{"url":"code","valueString":"tabbed-snapshots"},{"url":"value","valueString":"true"}],"url":"http://hl7.org/fhir/tools/StructureDefinition/ig-parameter"},{"url":"http://hl7.org/fhir/tools/StructureDefinition/ig-internal-dependency","valueCode":"hl7.fhir.uv.tools#current"}],"grouping":[{"id":"-dyn-operationdefinition","name":"Behavior: Operation Definitions","description":"These are custom operations that can be supported by and/or invoked by systems conforming to this implementation guide."},{"id":"-str-abstractprofile","name":"Structures: Abstract Profiles","description":"These are profiles on resources or data types that describe patterns used by other profiles, but cannot be instantiated directly.  I.e. instances can conform to profiles *based* on these abstract profiles, but do not declare conformance to the abstract profiles themselves."},{"id":"-str-profile","name":"Structures: Resource Profiles","description":"These define constraints on FHIR resources for systems conforming to this implementation guide."},{"id":"-term-valueset","name":"Terminology: Value Sets","description":"These define sets of codes used by systems conforming to this implementation guide."},{"id":"-term-codesystem","name":"Terminology: Code Systems","description":"These define new code systems used by systems conforming to this implementation guide."},{"id":"-map-conceptmap","name":"Terminology: Concept Maps","description":"These define transformations to convert between codes by systems conforming with this implementation guide."},{"id":"-ex-example","name":"Example: Example Instances","description":"These are example instances that show what data produced and consumed by systems conforming with this implementation guide might look like."}],"resource":[{"extension":[{"url":"http://hl7.org/fhir/StructureDefinition/implementationguide-page","valueUri":"StructureDefinition-ee-mpi-patient.html"}],"reference":{"reference":"StructureDefinition/ee-mpi-patient"},"name":"EE MPI Patient","description":"Common MPI limitations on Patient resouce","isExample":false,"groupingId":"-str-abstractprofile"},{"extension":[{"url":"http://hl7.org/fhir/StructureDefinition/implementationguide-page","valueUri":"StructureDefinition-ee-mpi-patient-newborn.html"}],"reference":{"reference":"StructureDefinition/ee-mpi-patient-newborn"},"name":"EE MPI Patient Newborn","description":"Profiil vastsündinu andmete kirjeldamiseks","isExample":false,"groupingId":"-str-profile"},{"extension":[{"url":"http://hl7.org/fhir/StructureDefinition/implementationguide-page","valueUri":"StructureDefinition-ee-mpi-patient-stillborn.html"}],"reference":{"reference":"StructureDefinition/ee-mpi-patient-stillborn"},"name":"EE MPI Patient Stillborn","description":"Profiil surnult sündinu andmete kirjeldamiseks","isExample":false,"groupingId":"-str-profile"},{"extension":[{"url":"http://hl7.org/fhir/StructureDefinition/implementationguide-page","valueUri":"StructureDefinition-ee-mpi-patient-unknown.html"}],"reference":{"reference":"StructureDefinition/ee-mpi-patient-unknown"},"name":"EE MPI Patient Unknown","description":"Kasutamiseks EMO-s, kiirabis, anonüümsete patsientide ning keskkonnaproovide puhul","isExample":false,"groupingId":"-str-profile"},{"extension":[{"url":"http://hl7.org/fhir/StructureDefinition/implementationguide-page","valueUri":"StructureDefinition-ee-mpi-patient-verified.html"}],"reference":{"reference":"StructureDefinition/ee-mpi-patient-verified"},"name":"EE MPI Patient Verified","description":"Retseptsioonis identifitseeritud MPI Patsient.","isExample":false,"groupingId":"-str-profile"},{"extension":[{"url":"http://hl7.org/fhir/StructureDefinition/implementationguide-page","valueUri":"StructureDefinition-ee-mpi-socialhistory-disability.html"}],"reference":{"reference":"StructureDefinition/ee-mpi-socialhistory-disability"},"name":"EE MPI SocialHistory Disability","description":"Puude raskusaste","isExample":false,"groupingId":"-str-profile"},{"extension":[{"url":"http://hl7.org/fhir/StructureDefinition/implementationguide-page","valueUri":"StructureDefinition-ee-mpi-socialhistory-education-level.html"}],"reference":{"reference":"StructureDefinition/ee-mpi-socialhistory-education-level"},"name":"EE MPI SocialHistory Education Level","description":"Haridustase","isExample":false,"groupingId":"-str-profile"},{"extension":[{"url":"http://hl7.org/fhir/StructureDefinition/implementationguide-page","valueUri":"StructureDefinition-ee-mpi-socialhistory-legal-guardian-status.html"}],"reference":{"reference":"StructureDefinition/ee-mpi-socialhistory-legal-guardian-status"},"name":"EE MPI SocialHistory Legal Guardian Status","description":"Seadusliku eeskostja staatus","isExample":false,"groupingId":"-str-profile"},{"extension":[{"url":"http://hl7.org/fhir/StructureDefinition/implementationguide-page","valueUri":"StructureDefinition-ee-mpi-socialhistory-legal-status.html"}],"reference":{"reference":"StructureDefinition/ee-mpi-socialhistory-legal-status"},"name":"EE MPI SocialHistory Legal Status","description":"Patsiendi teovõime staatus.","isExample":false,"groupingId":"-str-profile"},{"extension":[{"url":"http://hl7.org/fhir/StructureDefinition/implementationguide-page","valueUri":"StructureDefinition-ee-mpi-socialhistory-marital-status.html"}],"reference":{"reference":"StructureDefinition/ee-mpi-socialhistory-marital-status"},"name":"EE MPI SocialHistory Marital Status","description":"Abielu või suhte liik.","isExample":false,"groupingId":"-str-profile"},{"extension":[{"url":"http://hl7.org/fhir/StructureDefinition/implementationguide-page","valueUri":"StructureDefinition-ee-mpi-socialhistory-occupation.html"}],"reference":{"reference":"StructureDefinition/ee-mpi-socialhistory-occupation"},"name":"EE MPI SocialHistory Occupation","description":"Töötamine","isExample":false,"groupingId":"-str-profile"},{"extension":[{"url":"http://hl7.org/fhir/StructureDefinition/implementationguide-page","valueUri":"StructureDefinition-ee-mpi-socialhistory-power-of-attorney.html"}],"reference":{"reference":"StructureDefinition/ee-mpi-socialhistory-power-of-attorney"},"name":"EE MPI SocialHistory Power Of Attorney","description":"Hooldusõigus","isExample":false,"groupingId":"-str-profile"},{"extension":[{"url":"http://hl7.org/fhir/StructureDefinition/implementationguide-page","valueUri":"StructureDefinition-ee-mpi-related-person.html"}],"reference":{"reference":"StructureDefinition/ee-mpi-related-person"},"name":"EE MPI Related Person","description":"Patsient ja tema kontakt- ja seotud isikud.","isExample":false,"groupingId":"-str-profile"},{"extension":[{"url":"http://hl7.org/fhir/StructureDefinition/implementationguide-page","valueUri":"ValueSet-disability-level.html"}],"reference":{"reference":"ValueSet/disability-level"},"name":"Disability level","description":"Puude raskusaste","isExample":false,"groupingId":"-term-valueset"},{"extension":[{"url":"http://hl7.org/fhir/StructureDefinition/implementationguide-page","valueUri":"ValueSet-education-level.html"}],"reference":{"reference":"ValueSet/education-level"},"name":"Education Level","description":"Patsiendi kõrgeim haridustase","isExample":false,"groupingId":"-term-valueset"},{"extension":[{"url":"http://hl7.org/fhir/StructureDefinition/implementationguide-page","valueUri":"ValueSet-guardian-status.html"}],"reference":{"reference":"ValueSet/guardian-status"},"name":"Guardian Status","description":"Eeskostja liik","isExample":false,"groupingId":"-term-valueset"},{"extension":[{"url":"http://hl7.org/fhir/StructureDefinition/implementationguide-page","valueUri":"ValueSet-job-type.html"}],"reference":{"reference":"ValueSet/job-type"},"name":"JobType","description":"Töötamise liik","isExample":false,"groupingId":"-term-valueset"},{"extension":[{"url":"http://hl7.org/fhir/StructureDefinition/implementationguide-page","valueUri":"ValueSet-legal-status.html"}],"reference":{"reference":"ValueSet/legal-status"},"name":"Legal Status","description":"Patsiendi teovõime staatus.","isExample":false,"groupingId":"-term-valueset"},{"extension":[{"url":"http://hl7.org/fhir/StructureDefinition/implementationguide-page","valueUri":"ValueSet-ee-mpi-person-relationship.html"}],"reference":{"reference":"ValueSet/ee-mpi-person-relationship"},"name":"Person Relationship","description":"Suhe patsiendiga","isExample":false,"groupingId":"-term-valueset"},{"extension":[{"url":"http://hl7.org/fhir/StructureDefinition/implementationguide-page","valueUri":"ValueSet-ee-mpi-person-relationship-class.html"}],"reference":{"reference":"ValueSet/ee-mpi-person-relationship-class"},"name":"Person Relationship Class","description":"Person relationship class","isExample":false,"groupingId":"-term-valueset"},{"extension":[{"url":"http://hl7.org/fhir/StructureDefinition/implementationguide-page","valueUri":"ValueSet-power-of-attorney.html"}],"reference":{"reference":"ValueSet/power-of-attorney"},"name":"PowerOfAttorney Status","description":"Hooldusõiguse liik","isExample":false,"groupingId":"-term-valueset"},{"extension":[{"url":"http://hl7.org/fhir/StructureDefinition/implementationguide-page","valueUri":"CodeSystem-disability-level.html"}],"reference":{"reference":"CodeSystem/disability-level"},"name":"Disability level","description":"Puude raskusaste","isExample":false,"groupingId":"-term-codesystem"},{"extension":[{"url":"http://hl7.org/fhir/StructureDefinition/implementationguide-page","valueUri":"CodeSystem-education-level.html"}],"reference":{"reference":"CodeSystem/education-level"},"name":"Education level","description":"Patsiendi kõrgeim haridustase","isExample":false,"groupingId":"-term-codesystem"},{"extension":[{"url":"http://hl7.org/fhir/StructureDefinition/implementationguide-page","valueUri":"CodeSystem-legal-status.html"}],"reference":{"reference":"CodeSystem/legal-status"},"name":"Legal Status","description":"The legal status that applies to the patient. The legal status indicates the basis on which the patient is staying in a healthcare organization. This can be either voluntary or involuntary, however the legal status is always determined by a judge. A patient can also receive healthcare based on a forensic status.","isExample":false,"groupingId":"-term-codesystem"},{"extension":[{"url":"http://hl7.org/fhir/StructureDefinition/implementationguide-page","valueUri":"CodeSystem-power-of-attorney.html"}],"reference":{"reference":"CodeSystem/power-of-attorney"},"name":"PowerOfAttorney Status","description":"Hooldusõiguse liik","isExample":false,"groupingId":"-term-codesystem"},{"extension":[{"url":"http://hl7.org/fhir/StructureDefinition/implementationguide-page","valueUri":"Observation-Disability.html"}],"reference":{"reference":"Observation/Disability"},"name":"Disability","description":"Example of patient disability","profile":["https://fhir.ee/StructureDefinition/ee-mpi-socialhistory-disability"],"groupingId":"-ex-example"},{"extension":[{"url":"http://hl7.org/fhir/StructureDefinition/implementationguide-page","valueUri":"Observation-EducationLevel.html"}],"reference":{"reference":"Observation/EducationLevel"},"name":"EducationLevel","description":"Example of patient education","profile":["https://fhir.ee/StructureDefinition/ee-mpi-socialhistory-education-level"],"groupingId":"-ex-example"},{"extension":[{"url":"http://hl7.org/fhir/StructureDefinition/implementationguide-page","valueUri":"Observation-LegalGuardianStatus.html"}],"reference":{"reference":"Observation/LegalGuardianStatus"},"name":"LegalGuardianStatus","description":"Example of patient legal duardian","profile":["https://fhir.ee/StructureDefinition/ee-mpi-socialhistory-legal-guardian-status"],"groupingId":"-ex-example"},{"extension":[{"url":"http://hl7.org/fhir/StructureDefinition/implementationguide-page","valueUri":"Observation-LegalStatus.html"}],"reference":{"reference":"Observation/LegalStatus"},"name":"LegalStatus","description":"Example of patient legal status","profile":["https://fhir.ee/StructureDefinition/ee-mpi-socialhistory-legal-status"],"groupingId":"-ex-example"},{"extension":[{"url":"http://hl7.org/fhir/StructureDefinition/implementationguide-page","valueUri":"Observation-MaritalStatus.html"}],"reference":{"reference":"Observation/MaritalStatus"},"name":"MaritalStatus","description":"Example of patient marital status","profile":["https://fhir.ee/StructureDefinition/ee-mpi-socialhistory-marital-status"],"groupingId":"-ex-example"},{"extension":[{"url":"http://hl7.org/fhir/StructureDefinition/implementationguide-page","valueUri":"Observation-Occupation.html"}],"reference":{"reference":"Observation/Occupation"},"name":"Occupation","description":"Example of patient occupation","profile":["https://fhir.ee/StructureDefinition/ee-mpi-socialhistory-occupation"],"groupingId":"-ex-example"},{"extension":[{"url":"http://hl7.org/fhir/StructureDefinition/implementationguide-page","valueUri":"Organization-Org1.html"}],"reference":{"reference":"Organization/Org1"},"name":"ExampleHospital","description":"Example of organization Org1","isExample":true,"groupingId":"-ex-example"},{"extension":[{"url":"http://hl7.org/fhir/StructureDefinition/implementationguide-page","valueUri":"Observation-PowerOfAttorney.html"}],"reference":{"reference":"Observation/PowerOfAttorney"},"name":"PowerOfAttorney","description":"Example of patient attorney","profile":["https://fhir.ee/StructureDefinition/ee-mpi-socialhistory-power-of-attorney"],"groupingId":"-ex-example"},{"extension":[{"url":"http://hl7.org/fhir/StructureDefinition/implementationguide-page","valueUri":"ConceptMap-identity-system-to-oid.html"}],"reference":{"reference":"ConceptMap/identity-system-to-oid"},"name":"identity-system-to-oid","description":"A mapping between the Identity System for person identification and ENHIS OID systems","isExample":false,"groupingId":"-map-conceptmap"},{"extension":[{"url":"http://hl7.org/fhir/StructureDefinition/implementationguide-page","valueUri":"Patient-pat-newborn.html"}],"reference":{"reference":"Patient/pat-newborn"},"name":"PatientNewborn","description":"Example of newborn patient","profile":["https://fhir.ee/StructureDefinition/ee-mpi-patient-newborn"],"groupingId":"-ex-example"},{"extension":[{"url":"http://hl7.org/fhir/StructureDefinition/implementationguide-page","valueUri":"Patient-pat-stillborn.html"}],"reference":{"reference":"Patient/pat-stillborn"},"name":"PatientStillborn","description":"Example of stillborn patient","profile":["https://fhir.ee/StructureDefinition/ee-mpi-patient-stillborn"],"groupingId":"-ex-example"},{"extension":[{"url":"http://hl7.org/fhir/StructureDefinition/implementationguide-page","valueUri":"Patient-pat-unk.html"}],"reference":{"reference":"Patient/pat-unk"},"name":"PatientUnknown","description":"Example of unknown patient","profile":["https://fhir.ee/StructureDefinition/ee-mpi-patient-unknown"],"groupingId":"-ex-example"},{"extension":[{"url":"http://hl7.org/fhir/StructureDefinition/implementationguide-page","valueUri":"Patient-pat1.html"}],"reference":{"reference":"Patient/pat1"},"name":"PatientIgorBossenko","description":"Patsient erinevate identifikaatoritega","profile":["https://fhir.ee/StructureDefinition/ee-mpi-patient-verified"],"groupingId":"-ex-example"},{"extension":[{"url":"http://hl7.org/fhir/StructureDefinition/implementationguide-page","valueUri":"Patient-pat2.html"}],"reference":{"reference":"Patient/pat2"},"name":"PatientJohnDoe","description":"Foreigner with minimal dataset.","isExample":true,"groupingId":"-ex-example"},{"extension":[{"url":"http://hl7.org/fhir/StructureDefinition/implementationguide-page","valueUri":"OperationDefinition-patient-education.html"}],"reference":{"reference":"OperationDefinition/patient-education"},"name":"patient-education","description":"The highest education level in the Education Register.","isExample":false,"groupingId":"-dyn-operationdefinition"},{"extension":[{"url":"http://hl7.org/fhir/StructureDefinition/implementationguide-page","valueUri":"OperationDefinition-patient-foreigner.html"}],"reference":{"reference":"OperationDefinition/patient-foreigner"},"name":"patient-foreigner","description":"The foreigner operation perform complex search over patient resource.","isExample":false,"groupingId":"-dyn-operationdefinition"},{"extension":[{"url":"http://hl7.org/fhir/StructureDefinition/implementationguide-page","valueUri":"OperationDefinition-patient-generate-mrn.html"}],"reference":{"reference":"OperationDefinition/patient-generate-mrn"},"name":"patient-generate-mrn","description":"Generate the new unique Medical Record Number may be used for unknown/anonymous patient's identification.","isExample":false,"groupingId":"-dyn-operationdefinition"},{"extension":[{"url":"http://hl7.org/fhir/StructureDefinition/implementationguide-page","valueUri":"OperationDefinition-patient-legal-guardian.html"}],"reference":{"reference":"OperationDefinition/patient-legal-guardian"},"name":"patient-legal-guardian","description":"The list of legal guardians specified in the Population Register.","isExample":false,"groupingId":"-dyn-operationdefinition"},{"extension":[{"url":"http://hl7.org/fhir/StructureDefinition/implementationguide-page","valueUri":"OperationDefinition-patient-link.html"}],"reference":{"reference":"OperationDefinition/patient-link"},"name":"patient-link","description":"The link operation is used to link two patient resources. One of the two patients is identified as the source and one as the target. The link with type 'replaces' created from source to destination patient, the another link with type 'replaced-byä created from destination to source patient. As result of linking the destination patient is deactivated.","isExample":false,"groupingId":"-dyn-operationdefinition"},{"extension":[{"url":"http://hl7.org/fhir/StructureDefinition/implementationguide-page","valueUri":"OperationDefinition-patient-lookup.html"}],"reference":{"reference":"OperationDefinition/patient-lookup"},"name":"patient-lookup","description":"The lookup operation looking for patient data in the external registers.","isExample":false,"groupingId":"-dyn-operationdefinition"},{"extension":[{"url":"http://hl7.org/fhir/StructureDefinition/implementationguide-page","valueUri":"OperationDefinition-patient-power-of-attorney.html"}],"reference":{"reference":"OperationDefinition/patient-power-of-attorney"},"name":"patient-power-of-attorney","description":"The list of power of attorneys in the Population Register.","isExample":false,"groupingId":"-dyn-operationdefinition"},{"extension":[{"url":"http://hl7.org/fhir/StructureDefinition/implementationguide-page","valueUri":"OperationDefinition-patient-unlink.html"}],"reference":{"reference":"OperationDefinition/patient-unlink"},"name":"patient-unlink","description":"The unlink operation is used to unlink two patient resources. One of the two patients is identified as the source and one as the target. The links between the source and destination Patients will be removed. Destination resource will be reactivated.","isExample":false,"groupingId":"-dyn-operationdefinition"},{"extension":[{"url":"http://hl7.org/fhir/StructureDefinition/implementationguide-page","valueUri":"RelatedPerson-relpat11.html"}],"reference":{"reference":"RelatedPerson/relpat11"},"name":"PatientIgorBossenkoSon","description":"Example of patient son","profile":["https://fhir.ee/StructureDefinition/ee-mpi-related-person"],"groupingId":"-ex-example"},{"extension":[{"url":"http://hl7.org/fhir/StructureDefinition/implementationguide-page","valueUri":"RelatedPerson-relpat12.html"}],"reference":{"reference":"RelatedPerson/relpat12"},"name":"PatientIgorBossenkoWife","description":"Example of patient wife and emergency contact","profile":["https://fhir.ee/StructureDefinition/ee-mpi-related-person"],"groupingId":"-ex-example"}],"page":{"sourceUrl":"toc.html","name":"toc.html","title":"Table of Contents","generation":"html","page":[{"sourceUrl":"index.html","name":"index.html","title":"Sissejuhatus","generation":"markdown"},{"sourceUrl":"patient.html","name":"patient.html","title":"Patsiendid","generation":"markdown"},{"sourceUrl":"identifiers.html","name":"identifiers.html","title":"Identifikaatorid","generation":"markdown"},{"sourceUrl":"dev.html","name":"dev.html","title":"Juhend arendajale","generation":"markdown"},{"sourceUrl":"link.html","name":"link.html","title":"Patsientide sidumine ja lahti sidumine","generation":"markdown"},{"sourceUrl":"errors.html","name":"errors.html","title":"Veakoodid","generation":"markdown"},{"sourceUrl":"operations.html","name":"operations.html","title":"Toetavad operatsioonid","generation":"markdown"},{"sourceUrl":"contact.html","name":"contact.html","title":"Contact Us","generation":"markdown"},{"sourceUrl":"download.html","name":"download.html","title":"Download","generation":"markdown"},{"sourceUrl":"auth.html","name":"auth.html","title":"Autentimine","generation":"markdown"},{"sourceUrl":"artifacts.html","name":"artifacts.html","title":"Artifacts Summary","generation":"html","page":[{"sourceUrl":"OperationDefinition-patient-education.html","name":"OperationDefinition-patient-education.html","title":"patient-education","generation":"generated"},{"sourceUrl":"OperationDefinition-patient-foreigner.html","name":"OperationDefinition-patient-foreigner.html","title":"patient-foreigner","generation":"generated"},{"sourceUrl":"OperationDefinition-patient-generate-mrn.html","name":"OperationDefinition-patient-generate-mrn.html","title":"patient-generate-mrn","generation":"generated"},{"sourceUrl":"OperationDefinition-patient-legal-guardian.html","name":"OperationDefinition-patient-legal-guardian.html","title":"patient-legal-guardian","generation":"generated"},{"sourceUrl":"OperationDefinition-patient-link.html","name":"OperationDefinition-patient-link.html","title":"patient-link","generation":"generated"},{"sourceUrl":"OperationDefinition-patient-lookup.html","name":"OperationDefinition-patient-lookup.html","title":"patient-lookup","generation":"generated"},{"sourceUrl":"OperationDefinition-patient-power-of-attorney.html","name":"OperationDefinition-patient-power-of-attorney.html","title":"patient-power-of-attorney","generation":"generated"},{"sourceUrl":"OperationDefinition-patient-unlink.html","name":"OperationDefinition-patient-unlink.html","title":"patient-unlink","generation":"generated"},{"sourceUrl":"StructureDefinition-ee-mpi-patient.html","name":"StructureDefinition-ee-mpi-patient.html","title":"EE MPI Patient","generation":"generated"},{"sourceUrl":"StructureDefinition-ee-mpi-patient-newborn.html","name":"StructureDefinition-ee-mpi-patient-newborn.html","title":"EE MPI Patient Newborn","generation":"generated"},{"sourceUrl":"StructureDefinition-ee-mpi-patient-stillborn.html","name":"StructureDefinition-ee-mpi-patient-stillborn.html","title":"EE MPI Patient Stillborn","generation":"generated"},{"sourceUrl":"StructureDefinition-ee-mpi-patient-unknown.html","name":"StructureDefinition-ee-mpi-patient-unknown.html","title":"EE MPI Patient Unknown","generation":"generated"},{"sourceUrl":"StructureDefinition-ee-mpi-patient-verified.html","name":"StructureDefinition-ee-mpi-patient-verified.html","title":"EE MPI Patient Verified","generation":"generated"},{"sourceUrl":"StructureDefinition-ee-mpi-socialhistory-disability.html","name":"StructureDefinition-ee-mpi-socialhistory-disability.html","title":"EE MPI SocialHistory Disability","generation":"generated"},{"sourceUrl":"StructureDefinition-ee-mpi-socialhistory-education-level.html","name":"StructureDefinition-ee-mpi-socialhistory-education-level.html","title":"EE MPI SocialHistory Education Level","generation":"generated"},{"sourceUrl":"StructureDefinition-ee-mpi-socialhistory-legal-guardian-status.html","name":"StructureDefinition-ee-mpi-socialhistory-legal-guardian-status.html","title":"EE MPI SocialHistory Legal Guardian Status","generation":"generated"},{"sourceUrl":"StructureDefinition-ee-mpi-socialhistory-legal-status.html","name":"StructureDefinition-ee-mpi-socialhistory-legal-status.html","title":"EE MPI SocialHistory Legal Status","generation":"generated"},{"sourceUrl":"StructureDefinition-ee-mpi-socialhistory-marital-status.html","name":"StructureDefinition-ee-mpi-socialhistory-marital-status.html","title":"EE MPI SocialHistory Marital Status","generation":"generated"},{"sourceUrl":"StructureDefinition-ee-mpi-socialhistory-occupation.html","name":"StructureDefinition-ee-mpi-socialhistory-occupation.html","title":"EE MPI SocialHistory Occupation","generation":"generated"},{"sourceUrl":"StructureDefinition-ee-mpi-socialhistory-power-of-attorney.html","name":"StructureDefinition-ee-mpi-socialhistory-power-of-attorney.html","title":"EE MPI SocialHistory Power Of Attorney","generation":"generated"},{"sourceUrl":"StructureDefinition-ee-mpi-related-person.html","name":"StructureDefinition-ee-mpi-related-person.html","title":"EE MPI Related Person","generation":"generated"},{"sourceUrl":"ValueSet-disability-level.html","name":"ValueSet-disability-level.html","title":"Disability level","generation":"generated"},{"sourceUrl":"ValueSet-education-level.html","name":"ValueSet-education-level.html","title":"Education Level","generation":"generated"},{"sourceUrl":"ValueSet-guardian-status.html","name":"ValueSet-guardian-status.html","title":"Guardian Status","generation":"generated"},{"sourceUrl":"ValueSet-job-type.html","name":"ValueSet-job-type.html","title":"JobType","generation":"generated"},{"sourceUrl":"ValueSet-legal-status.html","name":"ValueSet-legal-status.html","title":"Legal Status","generation":"generated"},{"sourceUrl":"ValueSet-ee-mpi-person-relationship.html","name":"ValueSet-ee-mpi-person-relationship.html","title":"Person Relationship","generation":"generated"},{"sourceUrl":"ValueSet-ee-mpi-person-relationship-class.html","name":"ValueSet-ee-mpi-person-relationship-class.html","title":"Person Relationship Class","generation":"generated"},{"sourceUrl":"ValueSet-power-of-attorney.html","name":"ValueSet-power-of-attorney.html","title":"PowerOfAttorney Status","generation":"generated"},{"sourceUrl":"CodeSystem-disability-level.html","name":"CodeSystem-disability-level.html","title":"Disability level","generation":"generated"},{"sourceUrl":"CodeSystem-education-level.html","name":"CodeSystem-education-level.html","title":"Education level","generation":"generated"},{"sourceUrl":"CodeSystem-legal-status.html","name":"CodeSystem-legal-status.html","title":"Legal Status","generation":"generated"},{"sourceUrl":"CodeSystem-power-of-attorney.html","name":"CodeSystem-power-of-attorney.html","title":"PowerOfAttorney Status","generation":"generated"},{"sourceUrl":"ConceptMap-identity-system-to-oid.html","name":"ConceptMap-identity-system-to-oid.html","title":"identity-system-to-oid","generation":"generated"},{"sourceUrl":"Observation-Disability.html","name":"Observation-Disability.html","title":"Disability","generation":"generated"},{"sourceUrl":"Observation-EducationLevel.html","name":"Observation-EducationLevel.html","title":"EducationLevel","generation":"generated"},{"sourceUrl":"Observation-LegalGuardianStatus.html","name":"Observation-LegalGuardianStatus.html","title":"LegalGuardianStatus","generation":"generated"},{"sourceUrl":"Observation-LegalStatus.html","name":"Observation-LegalStatus.html","title":"LegalStatus","generation":"generated"},{"sourceUrl":"Observation-MaritalStatus.html","name":"Observation-MaritalStatus.html","title":"MaritalStatus","generation":"generated"},{"sourceUrl":"Observation-Occupation.html","name":"Observation-Occupation.html","title":"Occupation","generation":"generated"},{"sourceUrl":"Organization-Org1.html","name":"Organization-Org1.html","title":"ExampleHospital","generation":"generated"},{"sourceUrl":"Observation-PowerOfAttorney.html","name":"Observation-PowerOfAttorney.html","title":"PowerOfAttorney","generation":"generated"},{"sourceUrl":"Patient-pat-newborn.html","name":"Patient-pat-newborn.html","title":"PatientNewborn","generation":"generated"},{"sourceUrl":"Patient-pat-stillborn.html","name":"Patient-pat-stillborn.html","title":"PatientStillborn","generation":"generated"},{"sourceUrl":"Patient-pat-unk.html","name":"Patient-pat-unk.html","title":"PatientUnknown","generation":"generated"},{"sourceUrl":"Patient-pat1.html","name":"Patient-pat1.html","title":"PatientIgorBossenko","generation":"generated"},{"sourceUrl":"Patient-pat2.html","name":"Patient-pat2.html","title":"PatientJohnDoe","generation":"generated"},{"sourceUrl":"RelatedPerson-relpat11.html","name":"RelatedPerson-relpat11.html","title":"PatientIgorBossenkoSon","generation":"generated"},{"sourceUrl":"RelatedPerson-relpat12.html","name":"RelatedPerson-relpat12.html","title":"PatientIgorBossenkoWife","generation":"generated"}]}]},"parameter":[{"code":{"system":"http://hl7.org/fhir/guide-parameter-code","code":"path-resource"},"value":"input/capabilities"},{"code":{"system":"http://hl7.org/fhir/guide-parameter-code","code":"path-resource"},"value":"input/examples"},{"code":{"system":"http://hl7.org/fhir/guide-parameter-code","code":"path-resource"},"value":"input/extensions"},{"code":{"system":"http://hl7.org/fhir/guide-parameter-code","code":"path-resource"},"value":"input/models"},{"code":{"system":"http://hl7.org/fhir/guide-parameter-code","code":"path-resource"},"value":"input/operations"},{"code":{"system":"http://hl7.org/fhir/guide-parameter-code","code":"path-resource"},"value":"input/profiles"},{"code":{"system":"http://hl7.org/fhir/guide-parameter-code","code":"path-resource"},"value":"input/resources"},{"code":{"system":"http://hl7.org/fhir/guide-parameter-code","code":"path-resource"},"value":"input/vocabulary"},{"code":{"system":"http://hl7.org/fhir/guide-parameter-code","code":"path-resource"},"value":"input/maps"},{"code":{"system":"http://hl7.org/fhir/guide-parameter-code","code":"path-resource"},"value":"input/testing"},{"code":{"system":"http://hl7.org/fhir/guide-parameter-code","code":"path-resource"},"value":"input/history"},{"code":{"system":"http://hl7.org/fhir/guide-parameter-code","code":"path-resource"},"value":"fsh-generated/resources"},{"code":{"system":"http://hl7.org/fhir/guide-parameter-code","code":"path-pages"},"value":"template/config"},{"code":{"system":"http://hl7.org/fhir/guide-parameter-code","code":"path-pages"},"value":"input/images"},{"code":{"system":"http://hl7.org/fhir/guide-parameter-code","code":"path-tx-cache"},"value":"input-cache/txcache"},{"code":{"system":"http://hl7.org/fhir/tools/CodeSystem/ig-parameters","code":"copyrightyear"},"value":"2023+"},{"code":{"system":"http://hl7.org/fhir/tools/CodeSystem/ig-parameters","code":"releaselabel"},"value":"ballot"},{"code":{"system":"http://hl7.org/fhir/tools/CodeSystem/ig-parameters","code":"autoload-resources"},"value":"true"},{"code":{"system":"http://hl7.org/fhir/tools/CodeSystem/ig-parameters","code":"path-liquid"},"value":"template/liquid"},{"code":{"system":"http://hl7.org/fhir/tools/CodeSystem/ig-parameters","code":"path-liquid"},"value":"input/liquid"},{"code":{"system":"http://hl7.org/fhir/tools/CodeSystem/ig-parameters","code":"path-qa"},"value":"temp/qa"},{"code":{"system":"http://hl7.org/fhir/tools/CodeSystem/ig-parameters","code":"path-temp"},"value":"temp/pages"},{"code":{"system":"http://hl7.org/fhir/tools/CodeSystem/ig-parameters","code":"path-output"},"value":"output"},{"code":{"system":"http://hl7.org/fhir/tools/CodeSystem/ig-parameters","code":"path-suppressed-warnings"},"value":"input/ignoreWarnings.txt"},{"code":{"system":"http://hl7.org/fhir/tools/CodeSystem/ig-parameters","code":"path-history"},"value":"https://fhir.ee/history.html"},{"code":{"system":"http://hl7.org/fhir/tools/CodeSystem/ig-parameters","code":"template-html"},"value":"template-page.html"},{"code":{"system":"http://hl7.org/fhir/tools/CodeSystem/ig-parameters","code":"template-md"},"value":"template-page-md.html"},{"code":{"system":"http://hl7.org/fhir/tools/CodeSystem/ig-parameters","code":"apply-contact"},"value":"true"},{"code":{"system":"http://hl7.org/fhir/tools/CodeSystem/ig-parameters","code":"apply-context"},"value":"true"},{"code":{"system":"http://hl7.org/fhir/tools/CodeSystem/ig-parameters","code":"apply-copyright"},"value":"true"},{"code":{"system":"http://hl7.org/fhir/tools/CodeSystem/ig-parameters","code":"apply-jurisdiction"},"value":"true"},{"code":{"system":"http://hl7.org/fhir/tools/CodeSystem/ig-parameters","code":"apply-license"},"value":"true"},{"code":{"system":"http://hl7.org/fhir/tools/CodeSystem/ig-parameters","code":"apply-publisher"},"value":"true"},{"code":{"system":"http://hl7.org/fhir/tools/CodeSystem/ig-parameters","code":"apply-version"},"value":"true"},{"code":{"system":"http://hl7.org/fhir/tools/CodeSystem/ig-parameters","code":"active-tables"},"value":"true"},{"code":{"system":"http://hl7.org/fhir/tools/CodeSystem/ig-parameters","code":"fmm-definition"},"value":"http://hl7.org/fhir/versions.html#maturity"},{"code":{"system":"http://hl7.org/fhir/tools/CodeSystem/ig-parameters","code":"propagate-status"},"value":"true"},{"code":{"system":"http://hl7.org/fhir/tools/CodeSystem/ig-parameters","code":"excludelogbinaryformat"},"value":"true"},{"code":{"system":"http://hl7.org/fhir/tools/CodeSystem/ig-parameters","code":"tabbed-snapshots"},"value":"true"},{"code":{"system":"http://hl7.org/fhir/tools/CodeSystem/ig-parameters","code":"copyrightyear"},"value":"2023+"},{"code":{"system":"http://hl7.org/fhir/tools/CodeSystem/ig-parameters","code":"releaselabel"},"value":"ballot"},{"code":{"system":"http://hl7.org/fhir/tools/CodeSystem/ig-parameters","code":"autoload-resources"},"value":"true"},{"code":{"system":"http://hl7.org/fhir/tools/CodeSystem/ig-parameters","code":"path-liquid"},"value":"template/liquid"},{"code":{"system":"http://hl7.org/fhir/tools/CodeSystem/ig-parameters","code":"path-liquid"},"value":"input/liquid"},{"code":{"system":"http://hl7.org/fhir/tools/CodeSystem/ig-parameters","code":"path-qa"},"value":"temp/qa"},{"code":{"system":"http://hl7.org/fhir/tools/CodeSystem/ig-parameters","code":"path-temp"},"value":"temp/pages"},{"code":{"system":"http://hl7.org/fhir/tools/CodeSystem/ig-parameters","code":"path-output"},"value":"output"},{"code":{"system":"http://hl7.org/fhir/tools/CodeSystem/ig-parameters","code":"path-suppressed-warnings"},"value":"input/ignoreWarnings.txt"},{"code":{"system":"http://hl7.org/fhir/tools/CodeSystem/ig-parameters","code":"path-history"},"value":"https://fhir.ee/history.html"},{"code":{"system":"http://hl7.org/fhir/tools/CodeSystem/ig-parameters","code":"template-html"},"value":"template-page.html"},{"code":{"system":"http://hl7.org/fhir/tools/CodeSystem/ig-parameters","code":"template-md"},"value":"template-page-md.html"},{"code":{"system":"http://hl7.org/fhir/tools/CodeSystem/ig-parameters","code":"apply-contact"},"value":"true"},{"code":{"system":"http://hl7.org/fhir/tools/CodeSystem/ig-parameters","code":"apply-context"},"value":"true"},{"code":{"system":"http://hl7.org/fhir/tools/CodeSystem/ig-parameters","code":"apply-copyright"},"value":"true"},{"code":{"system":"http://hl7.org/fhir/tools/CodeSystem/ig-parameters","code":"apply-jurisdiction"},"value":"true"},{"code":{"system":"http://hl7.org/fhir/tools/CodeSystem/ig-parameters","code":"apply-license"},"value":"true"},{"code":{"system":"http://hl7.org/fhir/tools/CodeSystem/ig-parameters","code":"apply-publisher"},"value":"true"},{"code":{"system":"http://hl7.org/fhir/tools/CodeSystem/ig-parameters","code":"apply-version"},"value":"true"},{"code":{"system":"http://hl7.org/fhir/tools/CodeSystem/ig-parameters","code":"active-tables"},"value":"true"},{"code":{"system":"http://hl7.org/fhir/tools/CodeSystem/ig-parameters","code":"fmm-definition"},"value":"http://hl7.org/fhir/versions.html#maturity"},{"code":{"system":"http://hl7.org/fhir/tools/CodeSystem/ig-parameters","code":"propagate-status"},"value":"true"},{"code":{"system":"http://hl7.org/fhir/tools/CodeSystem/ig-parameters","code":"excludelogbinaryformat"},"value":"true"},{"code":{"system":"http://hl7.org/fhir/tools/CodeSystem/ig-parameters","code":"tabbed-snapshots"},"value":"true"}]}}