{"resourceType":"ValueSet","id":"guardian-status","text":{"status":"generated","div":"<div xmlns=\"http://www.w3.org/1999/xhtml\"><ul><li>Include these codes as defined in <a href=\"http://www.snomed.org/\"><code>http://snomed.info/sct</code></a><table class=\"none\"><tr><td style=\"white-space:nowrap\"><b>Code</b></td><td><b>Display</b></td><td><b>Estonian (et)</b></td></tr><tr><td><a href=\"http://snomed.info/id/58626002\">58626002</a></td><td>Legal guardian</td><td>Eestkostja</td></tr><tr><td><a href=\"http://snomed.info/id/365569001\">365569001</a></td><td>Finding of wardship</td><td>Eestkostetav</td></tr></table></li></ul></div>"},"url":"https://fhir.ee/ValueSet/guardian-status","version":"0.2.0","name":"EEMPIGuardianStatus","title":"Guardian Status","status":"active","experimental":true,"date":"2023-05-30T09:50:45+03:00","publisher":"TEHIK","contact":[{"name":"TEHIK","telecom":[{"system":"url","value":"https://tehik.ee"}]}],"description":"Eeskostja liik","jurisdiction":[{"coding":[{"system":"urn:iso:std:iso:3166","code":"EE","display":"Estonia"}]}],"copyright":"This value set includes content from SNOMED CT, which is copyright © 2002+ International Health Terminology Standards Development Organisation (IHTSDO), and distributed by agreement between IHTSDO and HL7. Implementer use of SNOMED CT is not covered by this agreement","compose":{"include":[{"system":"http://snomed.info/sct","concept":[{"code":"58626002","display":"Legal guardian","designation":[{"language":"et","value":"Eestkostja"}]},{"code":"365569001","display":"Finding of wardship","designation":[{"language":"et","value":"Eestkostetav"}]}]}]}}