{"resourceType":"ValueSet","id":"ee-mpi-person-relationship-class","text":{"status":"extensions","div":"<div xmlns=\"http://www.w3.org/1999/xhtml\"><ul><li>Include these codes as defined in <a href=\"http://terminology.hl7.org/5.0.0/CodeSystem-v3-RoleClass.html\"><code>http://terminology.hl7.org/CodeSystem/v3-RoleClass</code></a><table class=\"none\"><tr><td style=\"white-space:nowrap\"><b>Code</b></td><td><b>Display</b></td><td><b>Definition</b></td><td><b>Estonian (et)</b></td></tr><tr><td><a href=\"http://terminology.hl7.org/5.0.0/CodeSystem-v3-RoleClass.html#v3-RoleClass-ECON\">ECON</a></td><td>emergency contact</td><td>An entity to be contacted in the event of an emergency.</td><td>Hädaabi kontakt</td></tr><tr><td><a href=\"http://terminology.hl7.org/5.0.0/CodeSystem-v3-RoleClass.html#v3-RoleClass-GUARD\">GUARD</a></td><td>guardian</td><td>Guardian of a ward</td><td>Eestkostja</td></tr><tr><td><a href=\"http://terminology.hl7.org/5.0.0/CodeSystem-v3-RoleClass.html#v3-RoleClass-DEPEN\">DEPEN</a></td><td>dependent</td><td>**Description:** A role played by a person covered under a policy or program based on an association with a subscriber, which is recognized by the policy holder.<br/><br/>**Note:** The party playing the role of a dependent is not a claimant in the sense conveyed by the RoleClassCoveredParty CLAIM (claimant). However, a dependent may make a claim under a policy, e.g., a dependent under a health insurance policy may become the claimant for coverage under that policy for wellness examines or if injured and there is no liable third party. In the case of a dependent making a claim, a role type code INSCLM (insured claimant) subtypes the class to indicate that the dependent has filed a claim for services covered under the health insurance policy.<br/><br/>**Example:** The dependent has an association with the subscriber such as a financial dependency or personal relationship such as that of a spouse, or a natural or adopted child. The policy holder may be required by law to recognize certain associations or may have discretion about the associations. For example, a policy holder may dictate the criteria for the dependent status of adult children who are students, such as requiring full time enrollment, or may recognize domestic partners as dependents. Under certain circumstances, the dependent may be under the indirect authority of a responsible party acting as a surrogate for the subscriber, for example, if the subscriber is differently abled or deceased, a guardian ad Lidem or estate executor may be appointed to assume the subscriberaTMs legal standing in the relationship with the dependent.</td><td>Eestkostetav</td></tr><tr><td><a href=\"http://terminology.hl7.org/5.0.0/CodeSystem-v3-RoleClass.html#v3-RoleClass-NOK\">NOK</a></td><td>next of kin</td><td>An individual designated for notification as the next of kin for a given entity.</td><td>Sugulane</td></tr></table></li></ul></div>"},"url":"https://fhir.ee/ValueSet/ee-mpi-person-relationship-class","version":"1.0.0","name":"EEMPIPersonRelationshipClass","title":"Person Relationship Class","status":"active","experimental":false,"date":"2023-05-30T18:29:05+03:00","publisher":"TEHIK","contact":[{"name":"TEHIK","telecom":[{"system":"url","value":"https://tehik.ee"}]}],"description":"Person relationship class","jurisdiction":[{"coding":[{"system":"urn:iso:std:iso:3166","code":"EE","display":"Estonia"}]}],"compose":{"include":[{"system":"http://terminology.hl7.org/CodeSystem/v3-RoleClass","concept":[{"code":"ECON","designation":[{"language":"et","value":"Hädaabi kontakt"}]},{"code":"GUARD","designation":[{"language":"et","value":"Eestkostja"}]},{"code":"DEPEN","designation":[{"language":"et","value":"Eestkostetav"}]},{"code":"NOK","designation":[{"language":"et","value":"Sugulane"}]}]}]}}