{"resourceType":"ValueSet","id":"disability-level","text":{"status":"generated","div":"<div xmlns=\"http://www.w3.org/1999/xhtml\"><ul><li>Include all codes defined in <a href=\"CodeSystem-disability-level.html\"><code>https://fhir.ee/CodeSystem/disability-level</code></a></li></ul></div>"},"url":"https://fhir.ee/ValueSet/disability-level","version":"0.2.0","name":"EEMPIDisabilityLevel","title":"Disability level","status":"active","experimental":false,"date":"2023-05-30T09:50:45+03:00","publisher":"TEHIK","contact":[{"name":"TEHIK","telecom":[{"system":"url","value":"https://tehik.ee"}]}],"description":"Puude raskusaste","jurisdiction":[{"coding":[{"system":"urn:iso:std:iso:3166","code":"EE","display":"Estonia"}]}],"compose":{"include":[{"system":"https://fhir.ee/CodeSystem/disability-level"}]}}