{"resourceType":"ValueSet","id":"legal-status","text":{"status":"generated","div":"<div xmlns=\"http://www.w3.org/1999/xhtml\"><ul><li>Include all codes defined in <a href=\"CodeSystem-legal-status.html\"><code>https://fhir.ee/CodeSystem/legal-status</code></a></li></ul></div>"},"url":"https://fhir.ee/ValueSet/legal-status","version":"1.0.0","name":"EEMPILegalStatus","title":"Legal Status","status":"active","experimental":false,"date":"2023-05-30T18:29:05+03:00","publisher":"TEHIK","contact":[{"name":"TEHIK","telecom":[{"system":"url","value":"https://tehik.ee"}]}],"description":"Patsiendi teovõime staatus.","jurisdiction":[{"coding":[{"system":"urn:iso:std:iso:3166","code":"EE","display":"Estonia"}]}],"compose":{"include":[{"system":"https://fhir.ee/CodeSystem/legal-status"}]}}