{"resourceType":"ValueSet","id":"education-level","text":{"status":"generated","div":"<div xmlns=\"http://www.w3.org/1999/xhtml\"><ul><li>Include all codes defined in <a href=\"CodeSystem-education-level.html\"><code>https://fhir.ee/CodeSystem/education-level</code></a></li></ul></div>"},"url":"https://fhir.ee/ValueSet/education-level","version":"0.2.0","name":"EEMPIEducationLevel","title":"Education Level","status":"active","experimental":false,"date":"2023-05-30T09:50:45+03:00","publisher":"TEHIK","contact":[{"name":"TEHIK","telecom":[{"system":"url","value":"https://tehik.ee"}]}],"description":"Patsiendi kõrgeim haridustase","jurisdiction":[{"coding":[{"system":"urn:iso:std:iso:3166","code":"EE","display":"Estonia"}]}],"compose":{"include":[{"system":"https://fhir.ee/CodeSystem/education-level"}]}}