[
  {
    "id" : "ads-adr-id",
    "type" : "CodeSystem",
    "url" : "https://fhir.ee/CodeSystem/ads-adr-id",
    "version" : "0.2.0",
    "name" : "EEAdsAdrId"
  },
  {
    "id" : "ads-oid",
    "type" : "CodeSystem",
    "url" : "https://fhir.ee/CodeSystem/ads-oid",
    "version" : "0.2.0",
    "name" : "EEAdsOid"
  },
  {
    "id" : "date-accuracy-indicator",
    "type" : "CodeSystem",
    "url" : "https://fhir.ee/CodeSystem/date-accuracy-indicator",
    "version" : "0.2.0",
    "name" : "EEDateAccuracyIndicator"
  },
  {
    "id" : "eriala",
    "type" : "CodeSystem",
    "url" : "https://fhir.ee/CodeSystem/eriala",
    "version" : "0.2.0",
    "name" : "EEEriala"
  },
  {
    "id" : "hooldusoiguse-liik",
    "type" : "CodeSystem",
    "url" : "https://fhir.ee/CodeSystem/hooldusoiguse-liik",
    "version" : "0.2.0",
    "name" : "HooldusoiguseLiik"
  },
  {
    "id" : "identifier-domain",
    "type" : "CodeSystem",
    "url" : "https://fhir.ee/CodeSystem/identifier-domain",
    "version" : "0.2.0",
    "name" : "EEBaseIdentifierDomain"
  },
  {
    "id" : "mode-of-arrival",
    "type" : "CodeSystem",
    "url" : "https://fhir.ee/CodeSystem/mode-of-arrival",
    "version" : "0.2.0",
    "name" : "EEModeOfArrival"
  },
  {
    "id" : "national-identifier-requirement",
    "type" : "CodeSystem",
    "url" : "https://fhir.ee/CodeSystem/national-identifier-requirement",
    "version" : "0.2.0",
    "name" : "NationalIdentifierRequirement"
  },
  {
    "id" : "occupation",
    "type" : "CodeSystem",
    "url" : "https://fhir.ee/CodeSystem/occupation",
    "version" : "0.2.0",
    "name" : "EEOccupation"
  },
  {
    "id" : "omandatud-korgeim-haridus",
    "type" : "CodeSystem",
    "url" : "https://fhir.ee/CodeSystem/omandatud-korgeim-haridus",
    "version" : "0.2.0",
    "name" : "OmandatudKorgeimHaridus"
  },
  {
    "id" : "puude-raskusaste",
    "type" : "CodeSystem",
    "url" : "https://fhir.ee/CodeSystem/puude-raskusaste",
    "version" : "0.2.0",
    "name" : "PuudeRaskusaste"
  },
  {
    "id" : "teovoime-staatus",
    "type" : "CodeSystem",
    "url" : "https://fhir.ee/CodeSystem/teovoime-staatus",
    "version" : "0.2.0",
    "name" : "TeovoimeStaatus"
  },
  {
    "id" : "tootamise-liik",
    "type" : "CodeSystem",
    "url" : "https://fhir.ee/CodeSystem/tootamise-liik",
    "version" : "0.2.0",
    "name" : "TootamiseLiik"
  },
  {
    "id" : "toovoime-liik",
    "type" : "CodeSystem",
    "url" : "https://fhir.ee/CodeSystem/toovoime-liik",
    "version" : "0.2.0",
    "name" : "ToovoimeLiik"
  },
  {
    "id" : "identity-system-to-oid",
    "type" : "ConceptMap",
    "url" : "https://fhir.ee/ConceptMap/identity-system-to-oid",
    "version" : "0.2.0",
    "name" : "IdentitySystemToOID"
  },
  {
    "id" : "person-relationship-mpi-v3",
    "type" : "ConceptMap",
    "url" : "https://fhir.ee/ConceptMap/person-relationship-mpi-v3",
    "version" : "0.2.0",
    "name" : "PersonRelationshipMPIV3"
  },
  {
    "id" : "person-relationship-v3-mpi",
    "type" : "ConceptMap",
    "url" : "https://fhir.ee/ConceptMap/person-relationship-v3-mpi",
    "version" : "0.2.0",
    "name" : "PersonRelationshipV3MPI"
  },
  {
    "id" : "ee.fhir.terminology",
    "type" : "ImplementationGuide",
    "url" : "https://fhir.ee/ImplementationGuide/ee.fhir.terminology",
    "version" : "0.2.0",
    "name" : "EETerminology"
  },
  {
    "id" : "ehak",
    "type" : "NamingSystem",
    "url" : "https://fhir.ee/NamingSystem/ehak",
    "version" : "0.2.0",
    "name" : "EHAK"
  },
  {
    "id" : "org-est-br",
    "type" : "NamingSystem",
    "url" : "https://fhir.ee/NamingSystem/org-est-br",
    "version" : "0.2.0",
    "name" : "OrgEstBr"
  },
  {
    "id" : "org-est-fi",
    "type" : "NamingSystem",
    "url" : "https://fhir.ee/NamingSystem/org-est-fi",
    "version" : "0.2.0",
    "name" : "OrgEstFi"
  },
  {
    "id" : "org-vatin",
    "type" : "NamingSystem",
    "url" : "https://fhir.ee/NamingSystem/org-vatin",
    "version" : "0.2.0",
    "name" : "OrgVATIN"
  },
  {
    "id" : "pid-est-ni",
    "type" : "NamingSystem",
    "url" : "https://fhir.ee/NamingSystem/pid-est-ni",
    "version" : "0.2.0",
    "name" : "PidEstNi"
  },
  {
    "id" : "pro-est-pho",
    "type" : "NamingSystem",
    "url" : "https://fhir.ee/NamingSystem/pro-est-pho",
    "version" : "0.2.0",
    "name" : "ProEstPho"
  },
  {
    "id" : "act-priority",
    "type" : "ValueSet",
    "url" : "https://fhir.ee/ValueSet/act-priority",
    "version" : "0.2.0",
    "name" : "EEActPriority"
  },
  {
    "id" : "administrative-gender",
    "type" : "ValueSet",
    "url" : "https://fhir.ee/ValueSet/administrative-gender",
    "version" : "0.2.0",
    "name" : "EEAdministrativeGender"
  },
  {
    "id" : "ads-adr-id",
    "type" : "ValueSet",
    "url" : "https://fhir.ee/ValueSet/ads-adr-id",
    "version" : "0.2.0",
    "name" : "EEAdsAdrId"
  },
  {
    "id" : "ads-oid",
    "type" : "ValueSet",
    "url" : "https://fhir.ee/ValueSet/ads-oid",
    "version" : "0.2.0",
    "name" : "EEAdsOid"
  },
  {
    "id" : "clinical-specialty",
    "type" : "ValueSet",
    "url" : "https://fhir.ee/ValueSet/clinical-specialty",
    "version" : "0.2.0",
    "name" : "EEClinicalSpecialty"
  },
  {
    "id" : "date-accuracy-indicator",
    "type" : "ValueSet",
    "url" : "https://fhir.ee/ValueSet/date-accuracy-indicator",
    "version" : "0.2.0",
    "name" : "EEDateAccuracyIndicator"
  },
  {
    "id" : "degree-license-certificate",
    "type" : "ValueSet",
    "url" : "https://fhir.ee/ValueSet/degree-license-certificate",
    "version" : "0.2.0",
    "name" : "EEBaseDegreeLicenseCertificate"
  },
  {
    "id" : "eestkoste-liik",
    "type" : "ValueSet",
    "url" : "https://fhir.ee/ValueSet/eestkoste-liik",
    "version" : "0.2.0",
    "name" : "EestkosteLiik"
  },
  {
    "id" : "encounter-class",
    "type" : "ValueSet",
    "url" : "https://fhir.ee/ValueSet/encounter-class",
    "version" : "0.2.0",
    "name" : "EEEncounterClass"
  },
  {
    "id" : "eriala",
    "type" : "ValueSet",
    "url" : "https://fhir.ee/ValueSet/eriala",
    "version" : "0.2.0",
    "name" : "EEEriala"
  },
  {
    "id" : "hooldusoiguse-liik",
    "type" : "ValueSet",
    "url" : "https://fhir.ee/ValueSet/hooldusoiguse-liik",
    "version" : "0.2.0",
    "name" : "HooldusoiguseLiik"
  },
  {
    "id" : "identifier-domain",
    "type" : "ValueSet",
    "url" : "https://fhir.ee/ValueSet/identifier-domain",
    "version" : "0.2.0",
    "name" : "EEBaseIdentifierDomain"
  },
  {
    "id" : "isiku-seos-patsiendiga",
    "type" : "ValueSet",
    "url" : "https://fhir.ee/ValueSet/isiku-seos-patsiendiga",
    "version" : "0.2.0",
    "name" : "IsikuSeosPatsiendiga"
  },
  {
    "id" : "location-form",
    "type" : "ValueSet",
    "url" : "https://fhir.ee/ValueSet/location-form",
    "version" : "0.2.0",
    "name" : "EELocationForm"
  },
  {
    "id" : "mode-of-arrival",
    "type" : "ValueSet",
    "url" : "https://fhir.ee/ValueSet/mode-of-arrival",
    "version" : "0.2.0",
    "name" : "EEModeOfArrival"
  },
  {
    "id" : "national-identifier-requirement",
    "type" : "ValueSet",
    "url" : "https://fhir.ee/ValueSet/national-identifier-requirement",
    "version" : "0.2.0",
    "name" : "NationalIdentifierRequirement"
  },
  {
    "id" : "observation-category",
    "type" : "ValueSet",
    "url" : "https://fhir.ee/ValueSet/observation-category",
    "version" : "0.2.0",
    "name" : "EEObservationCategory"
  },
  {
    "id" : "occupation",
    "type" : "ValueSet",
    "url" : "https://fhir.ee/ValueSet/occupation",
    "version" : "0.2.0",
    "name" : "EEOccupation"
  },
  {
    "id" : "omandatud-korgeim-haridus",
    "type" : "ValueSet",
    "url" : "https://fhir.ee/ValueSet/omandatud-korgeim-haridus",
    "version" : "0.2.0",
    "name" : "OmandatudKorgeimHaridus"
  },
  {
    "id" : "organization-identifier-domain",
    "type" : "ValueSet",
    "url" : "https://fhir.ee/ValueSet/organization-identifier-domain",
    "version" : "0.2.0",
    "name" : "EEBaseOrganizationIdentifierDomain"
  },
  {
    "id" : "organization-type",
    "type" : "ValueSet",
    "url" : "https://fhir.ee/ValueSet/organization-type",
    "version" : "0.2.0",
    "name" : "EEOrganizationType"
  },
  {
    "id" : "patient-identifier-domain",
    "type" : "ValueSet",
    "url" : "https://fhir.ee/ValueSet/patient-identifier-domain",
    "version" : "0.2.0",
    "name" : "EEBasePatientIdentifierDomain"
  },
  {
    "id" : "person-relationship",
    "type" : "ValueSet",
    "url" : "https://fhir.ee/ValueSet/person-relationship",
    "version" : "0.2.0",
    "name" : "EEPersonRelationship"
  },
  {
    "id" : "practitioner-identifier-domain",
    "type" : "ValueSet",
    "url" : "https://fhir.ee/ValueSet/practitioner-identifier-domain",
    "version" : "0.2.0",
    "name" : "EEBasePractitionerIdentifierDomain"
  },
  {
    "id" : "practitioner-role",
    "type" : "ValueSet",
    "url" : "https://fhir.ee/ValueSet/practitioner-role",
    "version" : "0.2.0",
    "name" : "EEPractitionerRole"
  },
  {
    "id" : "puude-raskusaste",
    "type" : "ValueSet",
    "url" : "https://fhir.ee/ValueSet/puude-raskusaste",
    "version" : "0.2.0",
    "name" : "PuudeRaskusaste"
  },
  {
    "id" : "teovoime-staatus",
    "type" : "ValueSet",
    "url" : "https://fhir.ee/ValueSet/teovoime-staatus",
    "version" : "0.2.0",
    "name" : "TeovoimeStaatus"
  },
  {
    "id" : "tootamise-liik",
    "type" : "ValueSet",
    "url" : "https://fhir.ee/ValueSet/tootamise-liik",
    "version" : "0.2.0",
    "name" : "TootamiseLiik"
  },
  {
    "id" : "toovoime-liik",
    "type" : "ValueSet",
    "url" : "https://fhir.ee/ValueSet/toovoime-liik",
    "version" : "0.2.0",
    "name" : "ToovoimeLiik"
  }
]
