{
  "resourceType" : "CodeSystem",
  "id" : "tootamise-liik",
  "text" : {
    "status" : "generated",
    "div" : "<div xmlns=\"http://www.w3.org/1999/xhtml\"><p class=\"res-header-id\"><b>Generated Narrative: CodeSystem tootamise-liik</b></p><a name=\"tootamise-liik\"> </a><a name=\"hctootamise-liik\"> </a><a name=\"tootamise-liik-en-US\"> </a><p><b>Properties</b></p><p><b>This code system defines the following properties for its concepts</b></p><table class=\"grid\"><tr><td><b>Name</b></td><td><b>Code</b></td><td><b>Type</b></td></tr><tr><td>definition</td><td>definition</td><td>string</td></tr><tr><td>display</td><td>display</td><td>string</td></tr></table><p><b>Concepts</b></p><p>This case-insensitive code system <code>https://fhir.ee/CodeSystem/tootamise-liik</code> defines the following codes:</p><table class=\"codes\"><tr><td style=\"white-space:nowrap\"><b>Code</b></td><td><b>Display</b></td><td><b>Estonian (et)</b></td></tr><tr><td style=\"white-space:nowrap\">1<a name=\"tootamise-liik-1\"> </a></td><td>Tööleping</td><td>Tööleping</td></tr><tr><td style=\"white-space:nowrap\">15<a name=\"tootamise-liik-15\"> </a></td><td>Abikaasatasu</td><td>Abikaasatasu</td></tr><tr><td style=\"white-space:nowrap\">2<a name=\"tootamise-liik-2\"> </a></td><td>Avalik teenistus</td><td>Avalik teenistus</td></tr><tr><td style=\"white-space:nowrap\">3<a name=\"tootamise-liik-3\"> </a></td><td>Kõrgemad riigiteenijad</td><td>Kõrgemad riigiteenijad</td></tr><tr><td style=\"white-space:nowrap\">4<a name=\"tootamise-liik-4\"> </a></td><td>Omavalitsuse valitud või nimetatud liige</td><td>Omavalitsuse valitud või nimetatud liige</td></tr><tr><td style=\"white-space:nowrap\">501<a name=\"tootamise-liik-501\"> </a></td><td>Vabatahtlik töö</td><td>Vabatahtlik töö</td></tr><tr><td style=\"white-space:nowrap\">504<a name=\"tootamise-liik-504\"> </a></td><td>Töötamine TM kohustusega Eestis, SM välisriigis</td><td>Töötamine TM kohustusega Eestis, SM välisriigis</td></tr><tr><td style=\"white-space:nowrap\">505<a name=\"tootamise-liik-505\"> </a></td><td>KOV komisjoni liige, kes ei ole KOV volikogu liige</td><td>KOV komisjoni liige, kes ei ole KOV volikogu liige</td></tr><tr><td style=\"white-space:nowrap\">506<a name=\"tootamise-liik-506\"> </a></td><td>Töötamine TM kohustusega Eestis ilma SM kohustuseta</td><td>Töötamine TM kohustusega Eestis ilma SM kohustuseta</td></tr><tr><td style=\"white-space:nowrap\">507<a name=\"tootamise-liik-507\"> </a></td><td>Viisa alusel - tööleping</td><td>Viisa alusel - tööleping</td></tr><tr><td style=\"white-space:nowrap\">6<a name=\"tootamise-liik-6\"> </a></td><td>Sotsiaalmaksukohustusega FIE abikaasa</td><td>Sotsiaalmaksukohustusega FIE abikaasa</td></tr><tr><td style=\"white-space:nowrap\">600<a name=\"tootamise-liik-600\"> </a></td><td>VÕS leping</td><td>VÕS leping</td></tr><tr><td style=\"white-space:nowrap\">601<a name=\"tootamise-liik-601\"> </a></td><td>Juhtimis-, kontrollorgani liige</td><td>Juhtimis-, kontrollorgani liige</td></tr><tr><td style=\"white-space:nowrap\">602<a name=\"tootamise-liik-602\"> </a></td><td>Viisa alusel - VÕS leping</td><td>Viisa alusel - VÕS leping</td></tr><tr><td style=\"white-space:nowrap\">603<a name=\"tootamise-liik-603\"> </a></td><td>Viisa alusel - juhtimis-, kontrollorgani liikme tasu</td><td>Viisa alusel - juhtimis-, kontrollorgani liikme tasu</td></tr><tr><td style=\"white-space:nowrap\">800<a name=\"tootamise-liik-800\"> </a></td><td>Tööleping laevapere liikme soodustusega</td><td>Tööleping laevapere liikme soodustusega</td></tr><tr><td style=\"white-space:nowrap\">801<a name=\"tootamise-liik-801\"> </a></td><td>Meretööleping, juhtivtöötaja reisilaeval</td><td>Meretööleping, juhtivtöötaja reisilaeval</td></tr><tr><td style=\"white-space:nowrap\">802<a name=\"tootamise-liik-802\"> </a></td><td>Meretööleping, töötaja reisilaeval</td><td>Meretööleping, töötaja reisilaeval</td></tr></table></div>"
  },
  "extension" : [{
    "url" : "http://hl7.org/fhir/tools/StructureDefinition/web-source",
    "valueUrl" : "https://termx.kodality.dev/fhir/CodeSystem/tootamise-liik"
  }],
  "url" : "https://fhir.ee/CodeSystem/tootamise-liik",
  "version" : "0.2.0",
  "versionAlgorithmString" : "semver",
  "name" : "TootamiseLiik",
  "title" : "Töötamise liik",
  "status" : "draft",
  "experimental" : false,
  "date" : "2023-08-18T00:00:00Z",
  "publisher" : "HL7 Estonia",
  "contact" : [{
    "name" : "HL7 Estonia",
    "telecom" : [{
      "system" : "url",
      "value" : "https://www.hl7.ee"
    }]
  }],
  "jurisdiction" : [{
    "coding" : [{
      "system" : "urn:iso:std:iso:3166",
      "code" : "EE",
      "display" : "Estonia"
    }]
  }],
  "caseSensitive" : false,
  "content" : "complete",
  "count" : 18,
  "property" : [{
    "code" : "definition",
    "type" : "string"
  },
  {
    "code" : "display",
    "type" : "string"
  }],
  "concept" : [{
    "code" : "1",
    "display" : "Tööleping",
    "designation" : [{
      "language" : "et",
      "use" : {
        "code" : "display"
      },
      "value" : "Tööleping"
    }]
  },
  {
    "code" : "15",
    "display" : "Abikaasatasu",
    "designation" : [{
      "language" : "et",
      "use" : {
        "code" : "display"
      },
      "value" : "Abikaasatasu"
    }]
  },
  {
    "code" : "2",
    "display" : "Avalik teenistus",
    "designation" : [{
      "language" : "et",
      "use" : {
        "code" : "display"
      },
      "value" : "Avalik teenistus"
    }]
  },
  {
    "code" : "3",
    "display" : "Kõrgemad riigiteenijad",
    "designation" : [{
      "language" : "et",
      "use" : {
        "code" : "display"
      },
      "value" : "Kõrgemad riigiteenijad"
    }]
  },
  {
    "code" : "4",
    "display" : "Omavalitsuse valitud või nimetatud liige",
    "designation" : [{
      "language" : "et",
      "use" : {
        "code" : "display"
      },
      "value" : "Omavalitsuse valitud või nimetatud liige"
    }]
  },
  {
    "code" : "501",
    "display" : "Vabatahtlik töö",
    "designation" : [{
      "language" : "et",
      "use" : {
        "code" : "display"
      },
      "value" : "Vabatahtlik töö"
    }]
  },
  {
    "code" : "504",
    "display" : "Töötamine TM kohustusega Eestis, SM välisriigis",
    "designation" : [{
      "language" : "et",
      "use" : {
        "code" : "display"
      },
      "value" : "Töötamine TM kohustusega Eestis, SM välisriigis"
    }]
  },
  {
    "code" : "505",
    "display" : "KOV komisjoni liige, kes ei ole KOV volikogu liige",
    "designation" : [{
      "language" : "et",
      "use" : {
        "code" : "display"
      },
      "value" : "KOV komisjoni liige, kes ei ole KOV volikogu liige"
    }]
  },
  {
    "code" : "506",
    "display" : "Töötamine TM kohustusega Eestis ilma SM kohustuseta",
    "designation" : [{
      "language" : "et",
      "use" : {
        "code" : "display"
      },
      "value" : "Töötamine TM kohustusega Eestis ilma SM kohustuseta"
    }]
  },
  {
    "code" : "507",
    "display" : "Viisa alusel - tööleping",
    "designation" : [{
      "language" : "et",
      "use" : {
        "code" : "display"
      },
      "value" : "Viisa alusel - tööleping"
    }]
  },
  {
    "code" : "6",
    "display" : "Sotsiaalmaksukohustusega FIE abikaasa",
    "designation" : [{
      "language" : "et",
      "use" : {
        "code" : "display"
      },
      "value" : "Sotsiaalmaksukohustusega FIE abikaasa"
    }]
  },
  {
    "code" : "600",
    "display" : "VÕS leping",
    "designation" : [{
      "language" : "et",
      "use" : {
        "code" : "display"
      },
      "value" : "VÕS leping"
    }]
  },
  {
    "code" : "601",
    "display" : "Juhtimis-, kontrollorgani liige",
    "designation" : [{
      "language" : "et",
      "use" : {
        "code" : "display"
      },
      "value" : "Juhtimis-, kontrollorgani liige"
    }]
  },
  {
    "code" : "602",
    "display" : "Viisa alusel - VÕS leping",
    "designation" : [{
      "language" : "et",
      "use" : {
        "code" : "display"
      },
      "value" : "Viisa alusel - VÕS leping"
    }]
  },
  {
    "code" : "603",
    "display" : "Viisa alusel - juhtimis-, kontrollorgani liikme tasu",
    "designation" : [{
      "language" : "et",
      "use" : {
        "code" : "display"
      },
      "value" : "Viisa alusel - juhtimis-, kontrollorgani liikme tasu"
    }]
  },
  {
    "code" : "800",
    "display" : "Tööleping laevapere liikme soodustusega",
    "designation" : [{
      "language" : "et",
      "use" : {
        "code" : "display"
      },
      "value" : "Tööleping laevapere liikme soodustusega"
    }]
  },
  {
    "code" : "801",
    "display" : "Meretööleping, juhtivtöötaja reisilaeval",
    "designation" : [{
      "language" : "et",
      "use" : {
        "code" : "display"
      },
      "value" : "Meretööleping, juhtivtöötaja reisilaeval"
    }]
  },
  {
    "code" : "802",
    "display" : "Meretööleping, töötaja reisilaeval",
    "designation" : [{
      "language" : "et",
      "use" : {
        "code" : "display"
      },
      "value" : "Meretööleping, töötaja reisilaeval"
    }]
  }]
}