{
  "resourceType" : "CodeSystem",
  "id" : "hooldusoiguse-liik",
  "text" : {
    "status" : "generated",
    "div" : "<div xmlns=\"http://www.w3.org/1999/xhtml\"><p class=\"res-header-id\"><b>Generated Narrative: CodeSystem hooldusoiguse-liik</b></p><a name=\"hooldusoiguse-liik\"> </a><a name=\"hchooldusoiguse-liik\"> </a><a name=\"hooldusoiguse-liik-en-US\"> </a><p>This case-insensitive code system <code>https://fhir.ee/CodeSystem/hooldusoiguse-liik</code> defines the following codes:</p><table class=\"codes\"><tr><td style=\"white-space:nowrap\"><b>Code</b></td><td><b>Display</b></td></tr><tr><td style=\"white-space:nowrap\">H9<a name=\"hooldusoiguse-liik-H9\"> </a></td><td>Lapse eraldamine vanemast</td></tr><tr><td style=\"white-space:nowrap\">H11<a name=\"hooldusoiguse-liik-H11\"> </a></td><td>Osaline isikuhooldusõigus</td></tr><tr><td style=\"white-space:nowrap\">H21<a name=\"hooldusoiguse-liik-H21\"> </a></td><td>Osaline varahooldusõigus</td></tr><tr><td style=\"white-space:nowrap\">H12<a name=\"hooldusoiguse-liik-H12\"> </a></td><td>Piiratud isikuhooldusõigus</td></tr><tr><td style=\"white-space:nowrap\">H22<a name=\"hooldusoiguse-liik-H22\"> </a></td><td>Piiratud varahooldusõigus</td></tr><tr><td style=\"white-space:nowrap\">H10<a name=\"hooldusoiguse-liik-H10\"> </a></td><td>Täielik isikuhooldusõigus</td></tr><tr><td style=\"white-space:nowrap\">H20<a name=\"hooldusoiguse-liik-H20\"> </a></td><td>Täielik varahooldusõigus</td></tr><tr><td style=\"white-space:nowrap\">H19<a name=\"hooldusoiguse-liik-H19\"> </a></td><td>Vanema õigused</td></tr></table></div>"
  },
  "url" : "https://fhir.ee/CodeSystem/hooldusoiguse-liik",
  "version" : "0.2.0",
  "name" : "HooldusoiguseLiik",
  "title" : "Hooldusõiguse liik",
  "status" : "active",
  "experimental" : false,
  "date" : "2024-07-22T11:22:27+03:00",
  "publisher" : "HL7 Estonia",
  "contact" : [{
    "name" : "HL7 Estonia",
    "telecom" : [{
      "system" : "url",
      "value" : "https://www.hl7.ee"
    }]
  }],
  "description" : "Hooldusõiguse liik",
  "jurisdiction" : [{
    "coding" : [{
      "system" : "urn:iso:std:iso:3166",
      "code" : "EE",
      "display" : "Estonia"
    }]
  }],
  "caseSensitive" : false,
  "content" : "complete",
  "count" : 8,
  "concept" : [{
    "code" : "H9",
    "display" : "Lapse eraldamine vanemast"
  },
  {
    "code" : "H11",
    "display" : "Osaline isikuhooldusõigus"
  },
  {
    "code" : "H21",
    "display" : "Osaline varahooldusõigus"
  },
  {
    "code" : "H12",
    "display" : "Piiratud isikuhooldusõigus"
  },
  {
    "code" : "H22",
    "display" : "Piiratud varahooldusõigus"
  },
  {
    "code" : "H10",
    "display" : "Täielik isikuhooldusõigus"
  },
  {
    "code" : "H20",
    "display" : "Täielik varahooldusõigus"
  },
  {
    "code" : "H19",
    "display" : "Vanema õigused"
  }]
}