<?xml version="1.0" encoding="UTF-8"?>

<CodeSystem xmlns="http://hl7.org/fhir">
  <id value="omandatud-korgeim-haridus"/>
  <text>
    <status value="generated"/><div xmlns="http://www.w3.org/1999/xhtml"><p class="res-header-id"><b>Generated Narrative: CodeSystem omandatud-korgeim-haridus</b></p><a name="omandatud-korgeim-haridus"> </a><a name="hcomandatud-korgeim-haridus"> </a><a name="omandatud-korgeim-haridus-en-US"> </a><p>This case-insensitive code system <code>https://fhir.ee/CodeSystem/omandatud-korgeim-haridus</code> defines the following codes:</p><table class="codes"><tr><td style="white-space:nowrap"><b>Code</b></td><td><b>Display</b></td><td><b>Definition</b></td><td><b>Estonian (et)</b></td></tr><tr><td style="white-space:nowrap">A0<a name="omandatud-korgeim-haridus-A0"> </a></td><td>Less than primary education</td><td>Hariduseta, alusharidus</td><td>Hariduseta, alusharidus</td></tr><tr><td style="white-space:nowrap">A1<a name="omandatud-korgeim-haridus-A1"> </a></td><td>Primary education</td><td>Algharidus, praegune põhikooli 6 klassi, põhihariduse nõudeta kutseharidus</td><td>Algharidus, praegune põhikooli 6 klassi, põhihariduse nõudeta kutseharidus</td></tr><tr><td style="white-space:nowrap">A24<a name="omandatud-korgeim-haridus-A24"> </a></td><td>Lower secondary general education</td><td>Põhiharidus</td><td>Põhiharidus</td></tr><tr><td style="white-space:nowrap">A25<a name="omandatud-korgeim-haridus-A25"> </a></td><td>Lower secondary vocational education</td><td>Kutseharidus koos põhihariduse omandamisega ja kutseharidus põhihariduse baasil</td><td>Kutseharidus koos põhihariduse omandamisega ja kutseharidus põhihariduse baasil</td></tr><tr><td style="white-space:nowrap">A34<a name="omandatud-korgeim-haridus-A34"> </a></td><td>Upper secondary general education</td><td>Üldkeskharidus</td><td>Üldkeskharidus</td></tr><tr><td style="white-space:nowrap">A35<a name="omandatud-korgeim-haridus-A35"> </a></td><td>Upper secondary vocational education</td><td>Kutsekeskharidus</td><td>Kutsekeskharidus</td></tr><tr><td style="white-space:nowrap">A4<a name="omandatud-korgeim-haridus-A4"> </a></td><td>Post-secondary non-tertiary vocational education</td><td>Kutseharidus keskhariduse baasil</td><td>Kutseharidus keskhariduse baasil</td></tr><tr><td style="white-space:nowrap">A5<a name="omandatud-korgeim-haridus-A5"> </a></td><td>Short-cycle tertiary education</td><td>Keskeriharidus keskhariduse baasil</td><td>Keskeriharidus keskhariduse baasil</td></tr><tr><td style="white-space:nowrap">A6<a name="omandatud-korgeim-haridus-A6"> </a></td><td>Bachelor's or equivalent level education level</td><td>Bakalaureus või sellega võrdsustatud, rakenduskõrgharidus</td><td>Bakalaureus või sellega võrdsustatud, rakenduskõrgharidus</td></tr><tr><td style="white-space:nowrap">A7<a name="omandatud-korgeim-haridus-A7"> </a></td><td>Master's or equivalent level</td><td>Magister või sellega võrdsustatud</td><td>Magister või sellega võrdsustatud</td></tr><tr><td style="white-space:nowrap">A8<a name="omandatud-korgeim-haridus-A8"> </a></td><td>Doctoral or equivalent level</td><td>Doktor või sellega võrdsustatud</td><td>Doktor või sellega võrdsustatud</td></tr><tr><td style="white-space:nowrap">A9<a name="omandatud-korgeim-haridus-A9"> </a></td><td>Not elsewhere classified</td><td>Mujal nimetamata</td><td>Mujal nimetamata</td></tr></table></div>
  </text>
  <url value="https://fhir.ee/CodeSystem/omandatud-korgeim-haridus"/>
  <version value="0.2.0"/>
  <name value="OmandatudKorgeimHaridus"/>
  <title value="Omandatud kõrgeim haridus"/>
  <status value="active"/>
  <experimental value="false"/>
  <date value="2024-07-22T11:22:27+03:00"/>
  <publisher value="HL7 Estonia"/>
  <contact>
    <name value="HL7 Estonia"/>
    <telecom>
      <system value="url"/>
      <value value="https://www.hl7.ee"/>
    </telecom>
  </contact>
  <description value="Omandatud kõrgeim haridustase"/>
  <jurisdiction>
    <coding>
      <system value="urn:iso:std:iso:3166"/>
      <code value="EE"/>
      <display value="Estonia"/>
    </coding>
  </jurisdiction>
  <caseSensitive value="false"/>
  <content value="complete"/>
  <count value="12"/>
  <concept>
    <code value="A0"/>
    <display value="Less than primary education"/>
    <definition value="Hariduseta, alusharidus"/>
    <designation>
      <language value="et"/>
      <value value="Hariduseta, alusharidus"/>
    </designation>
  </concept>
  <concept>
    <code value="A1"/>
    <display value="Primary education"/>
    <definition value="Algharidus, praegune põhikooli 6 klassi, põhihariduse nõudeta kutseharidus"/>
    <designation>
      <language value="et"/>
      <value value="Algharidus, praegune põhikooli 6 klassi, põhihariduse nõudeta kutseharidus"/>
    </designation>
    <designation>
      <language value="et"/>
      <value value="Algharidus"/>
    </designation>
  </concept>
  <concept>
    <code value="A24"/>
    <display value="Lower secondary general education"/>
    <definition value="Põhiharidus"/>
    <designation>
      <language value="et"/>
      <value value="Põhiharidus"/>
    </designation>
  </concept>
  <concept>
    <code value="A25"/>
    <display value="Lower secondary vocational education"/>
    <definition value="Kutseharidus koos põhihariduse omandamisega ja kutseharidus põhihariduse baasil"/>
    <designation>
      <language value="et"/>
      <value value="Kutseharidus koos põhihariduse omandamisega ja kutseharidus põhihariduse baasil"/>
    </designation>
    <designation>
      <language value="et"/>
      <value value="Kutsehariduse omandamine koos põhihariduse omandamisega"/>
    </designation>
  </concept>
  <concept>
    <code value="A34"/>
    <display value="Upper secondary general education"/>
    <definition value="Üldkeskharidus"/>
    <designation>
      <language value="et"/>
      <value value="Üldkeskharidus"/>
    </designation>
  </concept>
  <concept>
    <code value="A35"/>
    <display value="Upper secondary vocational education"/>
    <definition value="Kutsekeskharidus"/>
    <designation>
      <language value="et"/>
      <value value="Kutsekeskharidus"/>
    </designation>
  </concept>
  <concept>
    <code value="A4"/>
    <display value="Post-secondary non-tertiary vocational education"/>
    <definition value="Kutseharidus keskhariduse baasil"/>
    <designation>
      <language value="et"/>
      <value value="Kutseharidus keskhariduse baasil"/>
    </designation>
  </concept>
  <concept>
    <code value="A5"/>
    <display value="Short-cycle tertiary education"/>
    <definition value="Keskeriharidus keskhariduse baasil"/>
    <designation>
      <language value="et"/>
      <value value="Keskeriharidus keskhariduse baasil"/>
    </designation>
  </concept>
  <concept>
    <code value="A6"/>
    <display value="Bachelor's or equivalent level education level"/>
    <definition value="Bakalaureus või sellega võrdsustatud, rakenduskõrgharidus"/>
    <designation>
      <language value="et"/>
      <value value="Bakalaureus või sellega võrdsustatud, rakenduskõrgharidus"/>
    </designation>
  </concept>
  <concept>
    <code value="A7"/>
    <display value="Master's or equivalent level"/>
    <definition value="Magister või sellega võrdsustatud"/>
    <designation>
      <language value="et"/>
      <value value="Magister või sellega võrdsustatud"/>
    </designation>
    <designation>
      <language value="et"/>
      <value value="Magister või sellega võrdsustatud haridus"/>
    </designation>
  </concept>
  <concept>
    <code value="A8"/>
    <display value="Doctoral or equivalent level"/>
    <definition value="Doktor või sellega võrdsustatud"/>
    <designation>
      <language value="et"/>
      <value value="Doktor või sellega võrdsustatud"/>
    </designation>
    <designation>
      <language value="et"/>
      <value value="Doktor või sellega võrdsustatud haridus"/>
    </designation>
  </concept>
  <concept>
    <code value="A9"/>
    <display value="Not elsewhere classified"/>
    <definition value="Mujal nimetamata"/>
    <designation>
      <language value="et"/>
      <value value="Mujal nimetamata"/>
    </designation>
  </concept>
</CodeSystem>