{
  "resourceType" : "CodeSystem",
  "id" : "national-identifier-requirement",
  "text" : {
    "status" : "generated",
    "div" : "<div xmlns=\"http://www.w3.org/1999/xhtml\"><p class=\"res-header-id\"><b>Generated Narrative: CodeSystem national-identifier-requirement</b></p><a name=\"national-identifier-requirement\"> </a><a name=\"hcnational-identifier-requirement\"> </a><a name=\"national-identifier-requirement-en-US\"> </a><p>This case-insensitive code system <code>https://fhir.ee/CodeSystem/national-identifier-requirement</code> defines the following codes:</p><table class=\"codes\"><tr><td style=\"white-space:nowrap\"><b>Code</b></td><td><b>Display</b></td></tr><tr><td style=\"white-space:nowrap\">EST<a name=\"national-identifier-requirement-EST\"> </a></td><td>Eesti</td></tr><tr><td style=\"white-space:nowrap\">BGR<a name=\"national-identifier-requirement-BGR\"> </a></td><td>Bulgaaria</td></tr><tr><td style=\"white-space:nowrap\">CZE<a name=\"national-identifier-requirement-CZE\"> </a></td><td>Tšehhi</td></tr><tr><td style=\"white-space:nowrap\">LVA<a name=\"national-identifier-requirement-LVA\"> </a></td><td>Läti</td></tr><tr><td style=\"white-space:nowrap\">MLT<a name=\"national-identifier-requirement-MLT\"> </a></td><td>Malta</td></tr><tr><td style=\"white-space:nowrap\">ROU<a name=\"national-identifier-requirement-ROU\"> </a></td><td>Rumeenia</td></tr><tr><td style=\"white-space:nowrap\">ALB<a name=\"national-identifier-requirement-ALB\"> </a></td><td>Albaania</td></tr><tr><td style=\"white-space:nowrap\">BIH<a name=\"national-identifier-requirement-BIH\"> </a></td><td>Bosnia ja Hertsogoviina</td></tr><tr><td style=\"white-space:nowrap\">MNE<a name=\"national-identifier-requirement-MNE\"> </a></td><td>Montenegro</td></tr><tr><td style=\"white-space:nowrap\">MKD<a name=\"national-identifier-requirement-MKD\"> </a></td><td>Põhja-Makedoonia</td></tr><tr><td style=\"white-space:nowrap\">SRB<a name=\"national-identifier-requirement-SRB\"> </a></td><td>Serbia</td></tr><tr><td style=\"white-space:nowrap\">TUR<a name=\"national-identifier-requirement-TUR\"> </a></td><td>Türgi</td></tr><tr><td style=\"white-space:nowrap\">GEO<a name=\"national-identifier-requirement-GEO\"> </a></td><td>Gruusia</td></tr><tr><td style=\"white-space:nowrap\">ZAF<a name=\"national-identifier-requirement-ZAF\"> </a></td><td>Lõuna-Aafrika Vabariik</td></tr><tr><td style=\"white-space:nowrap\">ZWE<a name=\"national-identifier-requirement-ZWE\"> </a></td><td>Zimbabwe</td></tr><tr><td style=\"white-space:nowrap\">ARG<a name=\"national-identifier-requirement-ARG\"> </a></td><td>Argentiina</td></tr><tr><td style=\"white-space:nowrap\">BRA<a name=\"national-identifier-requirement-BRA\"> </a></td><td>Brasiilia</td></tr><tr><td style=\"white-space:nowrap\">MEX<a name=\"national-identifier-requirement-MEX\"> </a></td><td>Mehhiko</td></tr><tr><td style=\"white-space:nowrap\">VEN<a name=\"national-identifier-requirement-VEN\"> </a></td><td>Venetsueela</td></tr><tr><td style=\"white-space:nowrap\">BHR<a name=\"national-identifier-requirement-BHR\"> </a></td><td>Bahrein</td></tr><tr><td style=\"white-space:nowrap\">ISR<a name=\"national-identifier-requirement-ISR\"> </a></td><td>Israel</td></tr><tr><td style=\"white-space:nowrap\">KAZ<a name=\"national-identifier-requirement-KAZ\"> </a></td><td>Kasashtan</td></tr><tr><td style=\"white-space:nowrap\">KWT<a name=\"national-identifier-requirement-KWT\"> </a></td><td>Kuveit</td></tr><tr><td style=\"white-space:nowrap\">MYS<a name=\"national-identifier-requirement-MYS\"> </a></td><td>Malaisia</td></tr><tr><td style=\"white-space:nowrap\">NPL<a name=\"national-identifier-requirement-NPL\"> </a></td><td>Nepaal</td></tr><tr><td style=\"white-space:nowrap\">PAK<a name=\"national-identifier-requirement-PAK\"> </a></td><td>Pakistan</td></tr><tr><td style=\"white-space:nowrap\">TWN<a name=\"national-identifier-requirement-TWN\"> </a></td><td>Taiwan</td></tr><tr><td style=\"white-space:nowrap\">THA<a name=\"national-identifier-requirement-THA\"> </a></td><td>Tai</td></tr></table></div>"
  },
  "url" : "https://fhir.ee/CodeSystem/national-identifier-requirement",
  "version" : "0.2.0",
  "name" : "NationalIdentifierRequirement",
  "title" : "National identifier requirement",
  "status" : "active",
  "experimental" : false,
  "date" : "2024-07-22T11:22:27+03:00",
  "publisher" : "HL7 Estonia",
  "contact" : [{
    "name" : "HL7 Estonia",
    "telecom" : [{
      "system" : "url",
      "value" : "https://www.hl7.ee"
    }]
  }],
  "description" : "Nimekiri riikidest mille puhul on kohustuslik lisaks isiku identifitseerivale dokumendinumbrile määrata ka isikukood",
  "jurisdiction" : [{
    "coding" : [{
      "system" : "urn:iso:std:iso:3166",
      "code" : "EE",
      "display" : "Estonia"
    }]
  }],
  "caseSensitive" : false,
  "content" : "complete",
  "count" : 28,
  "concept" : [{
    "code" : "EST",
    "display" : "Eesti"
  },
  {
    "code" : "BGR",
    "display" : "Bulgaaria"
  },
  {
    "code" : "CZE",
    "display" : "Tšehhi"
  },
  {
    "code" : "LVA",
    "display" : "Läti"
  },
  {
    "code" : "MLT",
    "display" : "Malta"
  },
  {
    "code" : "ROU",
    "display" : "Rumeenia"
  },
  {
    "code" : "ALB",
    "display" : "Albaania"
  },
  {
    "code" : "BIH",
    "display" : "Bosnia ja Hertsogoviina"
  },
  {
    "code" : "MNE",
    "display" : "Montenegro"
  },
  {
    "code" : "MKD",
    "display" : "Põhja-Makedoonia"
  },
  {
    "code" : "SRB",
    "display" : "Serbia"
  },
  {
    "code" : "TUR",
    "display" : "Türgi"
  },
  {
    "code" : "GEO",
    "display" : "Gruusia"
  },
  {
    "code" : "ZAF",
    "display" : "Lõuna-Aafrika Vabariik"
  },
  {
    "code" : "ZWE",
    "display" : "Zimbabwe"
  },
  {
    "code" : "ARG",
    "display" : "Argentiina"
  },
  {
    "code" : "BRA",
    "display" : "Brasiilia"
  },
  {
    "code" : "MEX",
    "display" : "Mehhiko"
  },
  {
    "code" : "VEN",
    "display" : "Venetsueela"
  },
  {
    "code" : "BHR",
    "display" : "Bahrein"
  },
  {
    "code" : "ISR",
    "display" : "Israel"
  },
  {
    "code" : "KAZ",
    "display" : "Kasashtan"
  },
  {
    "code" : "KWT",
    "display" : "Kuveit"
  },
  {
    "code" : "MYS",
    "display" : "Malaisia"
  },
  {
    "code" : "NPL",
    "display" : "Nepaal"
  },
  {
    "code" : "PAK",
    "display" : "Pakistan"
  },
  {
    "code" : "TWN",
    "display" : "Taiwan"
  },
  {
    "code" : "THA",
    "display" : "Tai"
  }]
}