{
  "resourceType" : "ImplementationGuide",
  "id" : "ee.fhir.terminology",
  "text" : {
    "status" : "generated",
    "div" : "<div xmlns=\"http://www.w3.org/1999/xhtml\"><p class=\"res-header-id\"><b>Generated Narrative: ImplementationGuide ee.fhir.terminology</b></p><a name=\"ee.fhir.terminology\"> </a><a name=\"hcee.fhir.terminology\"> </a><a name=\"ee.fhir.terminology-en-US\"> </a><h2>EETerminology</h2><p>The official URL for this implementation guide is: </p><pre>https://fhir.ee/ImplementationGuide/ee.fhir.terminology</pre><div><p>Terminoloogia mis on kasutusel juurutusjuhendites</p>\n</div></div>"
  },
  "url" : "https://fhir.ee/ImplementationGuide/ee.fhir.terminology",
  "version" : "0.2.0",
  "name" : "EETerminology",
  "title" : "Estonian Terminology resources",
  "status" : "active",
  "date" : "2024-07-22T11:22:27+03:00",
  "publisher" : "HL7 Estonia",
  "contact" : [{
    "name" : "HL7 Estonia",
    "telecom" : [{
      "system" : "url",
      "value" : "https://www.hl7.ee"
    }]
  }],
  "description" : "Terminoloogia mis on kasutusel juurutusjuhendites",
  "jurisdiction" : [{
    "coding" : [{
      "system" : "urn:iso:std:iso:3166",
      "code" : "EE",
      "display" : "Estonia"
    }]
  }],
  "packageId" : "ee.fhir.terminology",
  "license" : "MIT",
  "fhirVersion" : ["5.0.0"],
  "dependsOn" : [{
    "id" : "hl7tx",
    "extension" : [{
      "url" : "http://hl7.org/fhir/tools/StructureDefinition/implementationguide-dependency-comment",
      "valueMarkdown" : "Automatically added as a dependency - all IGs depend on HL7 Terminology"
    }],
    "uri" : "http://terminology.hl7.org/ImplementationGuide/hl7.terminology",
    "packageId" : "hl7.terminology.r5",
    "version" : "6.0.1"
  },
  {
    "id" : "hl7ext",
    "extension" : [{
      "url" : "http://hl7.org/fhir/tools/StructureDefinition/implementationguide-dependency-comment",
      "valueMarkdown" : "Automatically added as a dependency - all IGs depend on the HL7 Extension Pack"
    }],
    "uri" : "http://hl7.org/fhir/extensions/ImplementationGuide/hl7.fhir.uv.extensions",
    "packageId" : "hl7.fhir.uv.extensions.r5",
    "version" : "5.1.0"
  }],
  "definition" : {
    "extension" : [{
      "url" : "http://hl7.org/fhir/tools/StructureDefinition/ig-internal-dependency",
      "valueCode" : "hl7.fhir.uv.tools#0.1.0"
    }],
    "grouping" : [{
      "id" : "GroupBC",
      "name" : "Estonian Base code systems",
      "description" : "EEBase koodisüsteemid"
    },
    {
      "id" : "GroupBV",
      "name" : "Estonian Base value sets",
      "description" : "EEBase loendid"
    },
    {
      "id" : "GroupBN",
      "name" : "Estonian Base naming systems",
      "description" : "EEBase nimespsteemid"
    },
    {
      "id" : "GroupMC",
      "name" : "MPI code systems",
      "description" : "EEBase koodisüsteemid"
    },
    {
      "id" : "GroupMV",
      "name" : "MPI value sets",
      "description" : "MPI koodisüsteemid"
    },
    {
      "id" : "GroupMM",
      "name" : "MPI concept maps",
      "description" : "MPI vastavustabelid"
    }],
    "resource" : [{
      "extension" : [{
        "url" : "http://hl7.org/fhir/tools/StructureDefinition/resource-information",
        "valueString" : "CodeSystem"
      }],
      "reference" : {
        "reference" : "CodeSystem/ads-adr-id"
      },
      "name" : "ADS AdrId",
      "description" : "Address identifiers in the Estonian Address.",
      "isExample" : false,
      "groupingId" : "GroupBC"
    },
    {
      "extension" : [{
        "url" : "http://hl7.org/fhir/tools/StructureDefinition/resource-information",
        "valueString" : "CodeSystem"
      }],
      "reference" : {
        "reference" : "CodeSystem/ads-oid"
      },
      "name" : "ADS Oid",
      "description" : "Address objects in the Estonian Address System.",
      "isExample" : false,
      "groupingId" : "GroupBC"
    },
    {
      "extension" : [{
        "url" : "http://hl7.org/fhir/tools/StructureDefinition/resource-information",
        "valueString" : "CodeSystem"
      }],
      "reference" : {
        "reference" : "CodeSystem/date-accuracy-indicator"
      },
      "name" : "Date Accuracy Indicator",
      "description" : "The Date Accuracy Indicator code system defines concepts that indicate the accuracy of components of a reported date. The concepts defined in this code system are equivalent to those defined in the METeOR value domains for Date—accuracy indicator, code AAA (http://meteor.aihw.gov.au/content/index.phtml/itemId/294429).",
      "isExample" : false,
      "groupingId" : "GroupBC"
    },
    {
      "extension" : [{
        "url" : "http://hl7.org/fhir/tools/StructureDefinition/resource-information",
        "valueString" : "CodeSystem"
      }],
      "reference" : {
        "reference" : "CodeSystem/identifier-domain"
      },
      "name" : "Identifier Domain",
      "description" : "Description of the identifier systems acceptable for entity identification",
      "isExample" : false,
      "groupingId" : "GroupBC"
    },
    {
      "extension" : [{
        "url" : "http://hl7.org/fhir/tools/StructureDefinition/resource-information",
        "valueString" : "CodeSystem"
      }],
      "reference" : {
        "reference" : "CodeSystem/eriala"
      },
      "name" : "Eriala",
      "description" : "Medre specialty. TIS erialad.",
      "isExample" : false,
      "groupingId" : "GroupBC"
    },
    {
      "extension" : [{
        "url" : "http://hl7.org/fhir/tools/StructureDefinition/resource-information",
        "valueString" : "CodeSystem"
      }],
      "reference" : {
        "reference" : "CodeSystem/mode-of-arrival"
      },
      "name" : "Mode Of Arrival",
      "description" : "The content of this code system is intended to supplement HL7's code system arrivalMode (version 2.1.0) with one additional code ('PV') for using in ValueSets",
      "isExample" : false,
      "groupingId" : "GroupBC"
    },
    {
      "extension" : [{
        "url" : "http://hl7.org/fhir/tools/StructureDefinition/resource-information",
        "valueString" : "CodeSystem"
      }],
      "reference" : {
        "reference" : "CodeSystem/occupation"
      },
      "name" : "Classification of Occupations",
      "description" : "Estonian Edition of International Standard Classification of Occupations. Based on ISCO-88",
      "isExample" : false,
      "groupingId" : "GroupBC"
    },
    {
      "extension" : [{
        "url" : "http://hl7.org/fhir/tools/StructureDefinition/resource-information",
        "valueString" : "ValueSet"
      }],
      "reference" : {
        "reference" : "ValueSet/act-priority"
      },
      "name" : "Act Priority",
      "description" : "Act Priority",
      "isExample" : false,
      "groupingId" : "GroupBV"
    },
    {
      "extension" : [{
        "url" : "http://hl7.org/fhir/tools/StructureDefinition/resource-information",
        "valueString" : "ValueSet"
      }],
      "reference" : {
        "reference" : "ValueSet/ads-adr-id"
      },
      "name" : "ADS AdrId",
      "description" : "Address identifiers in the Estonian Address.",
      "isExample" : false,
      "groupingId" : "GroupBV"
    },
    {
      "extension" : [{
        "url" : "http://hl7.org/fhir/tools/StructureDefinition/resource-information",
        "valueString" : "ValueSet"
      }],
      "reference" : {
        "reference" : "ValueSet/ads-oid"
      },
      "name" : "ADS Oid",
      "description" : "Address objects in the Estonian Address System.",
      "isExample" : false,
      "groupingId" : "GroupBV"
    },
    {
      "extension" : [{
        "url" : "http://hl7.org/fhir/tools/StructureDefinition/resource-information",
        "valueString" : "ValueSet"
      }],
      "reference" : {
        "reference" : "ValueSet/administrative-gender"
      },
      "name" : "Administrative Gender",
      "description" : "Administrative Gender",
      "isExample" : false,
      "groupingId" : "GroupBV"
    },
    {
      "extension" : [{
        "url" : "http://hl7.org/fhir/tools/StructureDefinition/resource-information",
        "valueString" : "ValueSet"
      }],
      "reference" : {
        "reference" : "ValueSet/clinical-specialty"
      },
      "name" : "Clinical Specialty",
      "description" : "Clinical specialty (aka 'tegevusvaldkond' in Estonian)",
      "isExample" : false,
      "groupingId" : "GroupBV"
    },
    {
      "extension" : [{
        "url" : "http://hl7.org/fhir/tools/StructureDefinition/resource-information",
        "valueString" : "ValueSet"
      }],
      "reference" : {
        "reference" : "ValueSet/date-accuracy-indicator"
      },
      "name" : "Date Accuracy Indicator",
      "description" : "Date Accuracy Indicator",
      "isExample" : false,
      "groupingId" : "GroupBV"
    },
    {
      "extension" : [{
        "url" : "http://hl7.org/fhir/tools/StructureDefinition/resource-information",
        "valueString" : "ValueSet"
      }],
      "reference" : {
        "reference" : "ValueSet/degree-license-certificate"
      },
      "name" : "Qualification",
      "description" : "Qualification based on the education",
      "isExample" : false,
      "groupingId" : "GroupBV"
    },
    {
      "extension" : [{
        "url" : "http://hl7.org/fhir/tools/StructureDefinition/resource-information",
        "valueString" : "ValueSet"
      }],
      "reference" : {
        "reference" : "ValueSet/encounter-class"
      },
      "name" : "Encounter Class",
      "description" : "This value set defines a set of codes that can be used to indicate the class of encounter: a specific code indicating class of service provided.",
      "isExample" : false,
      "groupingId" : "GroupBV"
    },
    {
      "extension" : [{
        "url" : "http://hl7.org/fhir/tools/StructureDefinition/resource-information",
        "valueString" : "ValueSet"
      }],
      "reference" : {
        "reference" : "ValueSet/eriala"
      },
      "name" : "Eriala",
      "description" : "Medre Specialty. TIS erialade loend.",
      "isExample" : false,
      "groupingId" : "GroupBV"
    },
    {
      "extension" : [{
        "url" : "http://hl7.org/fhir/tools/StructureDefinition/resource-information",
        "valueString" : "ValueSet"
      }],
      "reference" : {
        "reference" : "ValueSet/identifier-domain"
      },
      "name" : "Identity System",
      "description" : "All identification systems have ever been used for identification.",
      "isExample" : false,
      "groupingId" : "GroupBV"
    },
    {
      "extension" : [{
        "url" : "http://hl7.org/fhir/tools/StructureDefinition/resource-information",
        "valueString" : "ValueSet"
      }],
      "reference" : {
        "reference" : "ValueSet/location-form"
      },
      "name" : "Location Form",
      "description" : "Location Form",
      "isExample" : false,
      "groupingId" : "GroupBV"
    },
    {
      "extension" : [{
        "url" : "http://hl7.org/fhir/tools/StructureDefinition/resource-information",
        "valueString" : "ValueSet"
      }],
      "reference" : {
        "reference" : "ValueSet/mode-of-arrival"
      },
      "name" : "Mode Of Arrival",
      "description" : "Mode Of Arrival",
      "isExample" : false,
      "groupingId" : "GroupBV"
    },
    {
      "extension" : [{
        "url" : "http://hl7.org/fhir/tools/StructureDefinition/resource-information",
        "valueString" : "ValueSet"
      }],
      "reference" : {
        "reference" : "ValueSet/observation-category"
      },
      "name" : "Observation Category",
      "description" : "Observation category",
      "isExample" : false,
      "groupingId" : "GroupBV"
    },
    {
      "extension" : [{
        "url" : "http://hl7.org/fhir/tools/StructureDefinition/resource-information",
        "valueString" : "ValueSet"
      }],
      "reference" : {
        "reference" : "ValueSet/occupation"
      },
      "name" : "Occupation",
      "description" : "Classification of Occupations",
      "isExample" : false,
      "groupingId" : "GroupBV"
    },
    {
      "extension" : [{
        "url" : "http://hl7.org/fhir/tools/StructureDefinition/resource-information",
        "valueString" : "ValueSet"
      }],
      "reference" : {
        "reference" : "ValueSet/organization-identifier-domain"
      },
      "name" : "Organization Identifier Domain",
      "description" : "Identifier systems acceptable for organization identification",
      "isExample" : false,
      "groupingId" : "GroupBV"
    },
    {
      "extension" : [{
        "url" : "http://hl7.org/fhir/tools/StructureDefinition/resource-information",
        "valueString" : "ValueSet"
      }],
      "reference" : {
        "reference" : "ValueSet/organization-type"
      },
      "name" : "Organization Types",
      "description" : "Organization Types",
      "isExample" : false,
      "groupingId" : "GroupBV"
    },
    {
      "extension" : [{
        "url" : "http://hl7.org/fhir/tools/StructureDefinition/resource-information",
        "valueString" : "ValueSet"
      }],
      "reference" : {
        "reference" : "ValueSet/patient-identifier-domain"
      },
      "name" : "Patient Identifier Domain",
      "description" : "Identity systems acceptable for patient identification",
      "isExample" : false,
      "groupingId" : "GroupBV"
    },
    {
      "extension" : [{
        "url" : "http://hl7.org/fhir/tools/StructureDefinition/resource-information",
        "valueString" : "ValueSet"
      }],
      "reference" : {
        "reference" : "ValueSet/person-relationship"
      },
      "name" : "Person Relationship",
      "description" : "Suhe patsiendiga",
      "isExample" : false,
      "groupingId" : "GroupBV"
    },
    {
      "extension" : [{
        "url" : "http://hl7.org/fhir/tools/StructureDefinition/resource-information",
        "valueString" : "ValueSet"
      }],
      "reference" : {
        "reference" : "ValueSet/practitioner-identifier-domain"
      },
      "name" : "Practitioner Identifier Domain",
      "description" : "Identifier systems acceptable for practitioner identification",
      "isExample" : false,
      "groupingId" : "GroupBV"
    },
    {
      "extension" : [{
        "url" : "http://hl7.org/fhir/tools/StructureDefinition/resource-information",
        "valueString" : "ValueSet"
      }],
      "reference" : {
        "reference" : "ValueSet/practitioner-role"
      },
      "name" : "Practitioner Role",
      "description" : "The role of practitioner in the healthcare facility.",
      "isExample" : false,
      "groupingId" : "GroupBV"
    },
    {
      "extension" : [{
        "url" : "http://hl7.org/fhir/tools/StructureDefinition/resource-information",
        "valueString" : "NamingSystem"
      }],
      "reference" : {
        "reference" : "NamingSystem/ehak"
      },
      "name" : "Estonian Administrative and Settlement Classification",
      "description" : "The national code system of Estonian administrative and settlement data. EHAK.",
      "isExample" : false,
      "groupingId" : "GroupBN"
    },
    {
      "extension" : [{
        "url" : "http://hl7.org/fhir/tools/StructureDefinition/resource-information",
        "valueString" : "NamingSystem"
      }],
      "reference" : {
        "reference" : "NamingSystem/org-est-fi"
      },
      "name" : "Estonian Medre Health Facility ID",
      "description" : "The license number of Estonian health care facilities registered at The National Institute for Health Development.",
      "isExample" : false,
      "groupingId" : "GroupBN"
    },
    {
      "extension" : [{
        "url" : "http://hl7.org/fhir/tools/StructureDefinition/resource-information",
        "valueString" : "NamingSystem"
      }],
      "reference" : {
        "reference" : "NamingSystem/org-est-br"
      },
      "name" : "Estonian Business Registry Number",
      "description" : "The identification code of organization in the Estonian Business Register.",
      "isExample" : false,
      "groupingId" : "GroupBN"
    },
    {
      "extension" : [{
        "url" : "http://hl7.org/fhir/tools/StructureDefinition/resource-information",
        "valueString" : "NamingSystem"
      }],
      "reference" : {
        "reference" : "NamingSystem/org-vatin"
      },
      "name" : "VAT identification number",
      "description" : "VAT identification number.",
      "isExample" : false,
      "groupingId" : "GroupBN"
    },
    {
      "extension" : [{
        "url" : "http://hl7.org/fhir/tools/StructureDefinition/resource-information",
        "valueString" : "NamingSystem"
      }],
      "reference" : {
        "reference" : "NamingSystem/pro-est-pho"
      },
      "name" : "Estonian Medre Health Professional Official ID",
      "description" : "The official identifier of Estonian health care professional registered at Health Board.",
      "isExample" : false,
      "groupingId" : "GroupBN"
    },
    {
      "extension" : [{
        "url" : "http://hl7.org/fhir/tools/StructureDefinition/resource-information",
        "valueString" : "NamingSystem"
      }],
      "reference" : {
        "reference" : "NamingSystem/pid-est-ni"
      },
      "name" : "Estonian Personal National Identification Code",
      "description" : "The personal national identification code of Estonian citizens and residents.",
      "isExample" : false,
      "groupingId" : "GroupBN"
    },
    {
      "extension" : [{
        "url" : "http://hl7.org/fhir/tools/StructureDefinition/resource-information",
        "valueString" : "CodeSystem"
      }],
      "reference" : {
        "reference" : "CodeSystem/hooldusoiguse-liik"
      },
      "name" : "Hooldusõiguse liik",
      "description" : "Hooldusõiguse liik",
      "isExample" : false,
      "groupingId" : "GroupMC"
    },
    {
      "extension" : [{
        "url" : "http://hl7.org/fhir/tools/StructureDefinition/resource-information",
        "valueString" : "CodeSystem"
      }],
      "reference" : {
        "reference" : "CodeSystem/puude-raskusaste"
      },
      "name" : "Puude raskusaste",
      "description" : "Puude raskusaste",
      "isExample" : false,
      "groupingId" : "GroupMC"
    },
    {
      "extension" : [{
        "url" : "http://hl7.org/fhir/tools/StructureDefinition/resource-information",
        "valueString" : "CodeSystem"
      }],
      "reference" : {
        "reference" : "CodeSystem/national-identifier-requirement"
      },
      "name" : "National identifier requirement",
      "description" : "Nimekiri riikidest mille puhul on kohustuslik lisaks isiku identifitseerivale dokumendinumbrile määrata ka isikukood",
      "isExample" : false,
      "groupingId" : "GroupMC"
    },
    {
      "extension" : [{
        "url" : "http://hl7.org/fhir/tools/StructureDefinition/resource-information",
        "valueString" : "CodeSystem"
      }],
      "reference" : {
        "reference" : "CodeSystem/omandatud-korgeim-haridus"
      },
      "name" : "Omandatud kõrgeim haridus",
      "description" : "Omandatud kõrgeim haridustase",
      "isExample" : false,
      "groupingId" : "GroupMC"
    },
    {
      "extension" : [{
        "url" : "http://hl7.org/fhir/tools/StructureDefinition/resource-information",
        "valueString" : "CodeSystem"
      }],
      "reference" : {
        "reference" : "CodeSystem/teovoime-staatus"
      },
      "name" : "Teovõime staatus",
      "description" : "The legal status that applies to the patient. The legal status indicates the basis on which the patient is staying in a healthcare organization. This can be either voluntary or involuntary, however the legal status is always determined by a judge. A patient can also receive healthcare based on a forensic status.",
      "isExample" : false,
      "groupingId" : "GroupMC"
    },
    {
      "extension" : [{
        "url" : "http://hl7.org/fhir/tools/StructureDefinition/resource-information",
        "valueString" : "CodeSystem"
      }],
      "reference" : {
        "reference" : "CodeSystem/tootamise-liik"
      },
      "name" : "Töötamise liik",
      "isExample" : false,
      "groupingId" : "GroupMC"
    },
    {
      "extension" : [{
        "url" : "http://hl7.org/fhir/tools/StructureDefinition/resource-information",
        "valueString" : "CodeSystem"
      }],
      "reference" : {
        "reference" : "CodeSystem/toovoime-liik"
      },
      "name" : "Töövõime liik",
      "description" : "Töövõime liik",
      "isExample" : false,
      "groupingId" : "GroupMC"
    },
    {
      "extension" : [{
        "url" : "http://hl7.org/fhir/tools/StructureDefinition/resource-information",
        "valueString" : "ValueSet"
      }],
      "reference" : {
        "reference" : "ValueSet/eestkoste-liik"
      },
      "name" : "Eestkoste liik",
      "description" : "Eestkoste liik",
      "isExample" : false,
      "groupingId" : "GroupMV"
    },
    {
      "extension" : [{
        "url" : "http://hl7.org/fhir/tools/StructureDefinition/resource-information",
        "valueString" : "ValueSet"
      }],
      "reference" : {
        "reference" : "ValueSet/hooldusoiguse-liik"
      },
      "name" : "Hooldusõiguse liik",
      "description" : "Hooldusõiguse liik",
      "isExample" : false,
      "groupingId" : "GroupMV"
    },
    {
      "extension" : [{
        "url" : "http://hl7.org/fhir/tools/StructureDefinition/resource-information",
        "valueString" : "ValueSet"
      }],
      "reference" : {
        "reference" : "ValueSet/isiku-seos-patsiendiga"
      },
      "name" : "Isiku seos patsiendiga",
      "description" : "Isiku seos patsiendiga",
      "isExample" : false,
      "groupingId" : "GroupMV"
    },
    {
      "extension" : [{
        "url" : "http://hl7.org/fhir/tools/StructureDefinition/resource-information",
        "valueString" : "ValueSet"
      }],
      "reference" : {
        "reference" : "ValueSet/national-identifier-requirement"
      },
      "name" : "National identifier requirement",
      "description" : "Nimekiri riikidest mille puhul on kohustuslik lisaks isiku identifitseerivale dokumendinumbrile määrata ka isikukood",
      "isExample" : false,
      "groupingId" : "GroupMV"
    },
    {
      "extension" : [{
        "url" : "http://hl7.org/fhir/tools/StructureDefinition/resource-information",
        "valueString" : "ValueSet"
      }],
      "reference" : {
        "reference" : "ValueSet/omandatud-korgeim-haridus"
      },
      "name" : "Omandatud kõrgeim haridus",
      "description" : "Patsiendi kõrgeim haridustase",
      "isExample" : false,
      "groupingId" : "GroupMV"
    },
    {
      "extension" : [{
        "url" : "http://hl7.org/fhir/tools/StructureDefinition/resource-information",
        "valueString" : "ValueSet"
      }],
      "reference" : {
        "reference" : "ValueSet/puude-raskusaste"
      },
      "name" : "Puude raskusaste",
      "description" : "Puude raskusaste",
      "isExample" : false,
      "groupingId" : "GroupMV"
    },
    {
      "extension" : [{
        "url" : "http://hl7.org/fhir/tools/StructureDefinition/resource-information",
        "valueString" : "ValueSet"
      }],
      "reference" : {
        "reference" : "ValueSet/teovoime-staatus"
      },
      "name" : "Teovõime staatus",
      "description" : "Teovõime staatus.",
      "isExample" : false,
      "groupingId" : "GroupMV"
    },
    {
      "extension" : [{
        "url" : "http://hl7.org/fhir/tools/StructureDefinition/resource-information",
        "valueString" : "ValueSet"
      }],
      "reference" : {
        "reference" : "ValueSet/tootamise-liik"
      },
      "name" : "Töötamise liik",
      "description" : "Töötamise liik",
      "isExample" : false,
      "groupingId" : "GroupMV"
    },
    {
      "extension" : [{
        "url" : "http://hl7.org/fhir/tools/StructureDefinition/resource-information",
        "valueString" : "ValueSet"
      }],
      "reference" : {
        "reference" : "ValueSet/toovoime-liik"
      },
      "name" : "Töövõime liik",
      "description" : "Töövõime liik",
      "isExample" : false,
      "groupingId" : "GroupMV"
    },
    {
      "extension" : [{
        "url" : "http://hl7.org/fhir/tools/StructureDefinition/resource-information",
        "valueString" : "ConceptMap"
      }],
      "reference" : {
        "reference" : "ConceptMap/identity-system-to-oid"
      },
      "name" : "Mapping of Identity System to OID",
      "description" : "A mapping between the Identity System for person identification and ENHIS OID systems",
      "isExample" : false,
      "groupingId" : "GroupMM"
    },
    {
      "extension" : [{
        "url" : "http://hl7.org/fhir/tools/StructureDefinition/resource-information",
        "valueString" : "ConceptMap"
      }],
      "reference" : {
        "reference" : "ConceptMap/person-relationship-v3-mpi"
      },
      "name" : "Mapping of legacy V3 person relationship to MPI",
      "description" : "A mapping between the legacy and new person relationships",
      "isExample" : false,
      "groupingId" : "GroupMM"
    },
    {
      "extension" : [{
        "url" : "http://hl7.org/fhir/tools/StructureDefinition/resource-information",
        "valueString" : "ConceptMap"
      }],
      "reference" : {
        "reference" : "ConceptMap/person-relationship-mpi-v3"
      },
      "name" : "Mapping of MPI person relationship to legacy V3",
      "description" : "A mapping between the new and legacy person relationships",
      "isExample" : false,
      "groupingId" : "GroupMM"
    }],
    "page" : {
      "sourceUrl" : "toc.html",
      "name" : "toc.html",
      "title" : "Table of Contents",
      "generation" : "html",
      "page" : [{
        "sourceUrl" : "index.html",
        "name" : "index.html",
        "title" : "Home",
        "generation" : "markdown"
      },
      {
        "sourceUrl" : "contact.html",
        "name" : "contact.html",
        "title" : "Contact Us",
        "generation" : "markdown"
      },
      {
        "sourceUrl" : "download.html",
        "name" : "download.html",
        "title" : "Download",
        "generation" : "markdown"
      }]
    },
    "parameter" : [{
      "code" : {
        "system" : "http://hl7.org/fhir/tools/CodeSystem/ig-parameters",
        "code" : "copyrightyear"
      },
      "value" : "2023+"
    },
    {
      "code" : {
        "system" : "http://hl7.org/fhir/tools/CodeSystem/ig-parameters",
        "code" : "releaselabel"
      },
      "value" : "trial-use"
    },
    {
      "code" : {
        "system" : "http://hl7.org/fhir/tools/CodeSystem/ig-parameters",
        "code" : "autoload-resources"
      },
      "value" : "true"
    },
    {
      "code" : {
        "system" : "http://hl7.org/fhir/guide-parameter-code",
        "code" : "path-resource"
      },
      "value" : "input/capabilities"
    },
    {
      "code" : {
        "system" : "http://hl7.org/fhir/guide-parameter-code",
        "code" : "path-resource"
      },
      "value" : "input/examples"
    },
    {
      "code" : {
        "system" : "http://hl7.org/fhir/guide-parameter-code",
        "code" : "path-resource"
      },
      "value" : "input/extensions"
    },
    {
      "code" : {
        "system" : "http://hl7.org/fhir/guide-parameter-code",
        "code" : "path-resource"
      },
      "value" : "input/models"
    },
    {
      "code" : {
        "system" : "http://hl7.org/fhir/guide-parameter-code",
        "code" : "path-resource"
      },
      "value" : "input/operations"
    },
    {
      "code" : {
        "system" : "http://hl7.org/fhir/guide-parameter-code",
        "code" : "path-resource"
      },
      "value" : "input/profiles"
    },
    {
      "code" : {
        "system" : "http://hl7.org/fhir/guide-parameter-code",
        "code" : "path-resource"
      },
      "value" : "input/resources"
    },
    {
      "code" : {
        "system" : "http://hl7.org/fhir/guide-parameter-code",
        "code" : "path-resource"
      },
      "value" : "input/vocabulary"
    },
    {
      "code" : {
        "system" : "http://hl7.org/fhir/guide-parameter-code",
        "code" : "path-resource"
      },
      "value" : "input/maps"
    },
    {
      "code" : {
        "system" : "http://hl7.org/fhir/guide-parameter-code",
        "code" : "path-resource"
      },
      "value" : "input/testing"
    },
    {
      "code" : {
        "system" : "http://hl7.org/fhir/guide-parameter-code",
        "code" : "path-resource"
      },
      "value" : "input/history"
    },
    {
      "code" : {
        "system" : "http://hl7.org/fhir/guide-parameter-code",
        "code" : "path-resource"
      },
      "value" : "fsh-generated/resources"
    },
    {
      "code" : {
        "system" : "http://hl7.org/fhir/guide-parameter-code",
        "code" : "path-pages"
      },
      "value" : "template/config"
    },
    {
      "code" : {
        "system" : "http://hl7.org/fhir/guide-parameter-code",
        "code" : "path-pages"
      },
      "value" : "input/images"
    },
    {
      "code" : {
        "system" : "http://hl7.org/fhir/tools/CodeSystem/ig-parameters",
        "code" : "path-liquid"
      },
      "value" : "template/liquid"
    },
    {
      "code" : {
        "system" : "http://hl7.org/fhir/tools/CodeSystem/ig-parameters",
        "code" : "path-liquid"
      },
      "value" : "input/liquid"
    },
    {
      "code" : {
        "system" : "http://hl7.org/fhir/tools/CodeSystem/ig-parameters",
        "code" : "path-qa"
      },
      "value" : "temp/qa"
    },
    {
      "code" : {
        "system" : "http://hl7.org/fhir/tools/CodeSystem/ig-parameters",
        "code" : "path-temp"
      },
      "value" : "temp/pages"
    },
    {
      "code" : {
        "system" : "http://hl7.org/fhir/tools/CodeSystem/ig-parameters",
        "code" : "path-output"
      },
      "value" : "output"
    },
    {
      "code" : {
        "system" : "http://hl7.org/fhir/guide-parameter-code",
        "code" : "path-tx-cache"
      },
      "value" : "input-cache/txcache"
    },
    {
      "code" : {
        "system" : "http://hl7.org/fhir/tools/CodeSystem/ig-parameters",
        "code" : "path-suppressed-warnings"
      },
      "value" : "input/ignoreWarnings.txt"
    },
    {
      "code" : {
        "system" : "http://hl7.org/fhir/tools/CodeSystem/ig-parameters",
        "code" : "path-history"
      },
      "value" : "https://fhir.ee/history.html"
    },
    {
      "code" : {
        "system" : "http://hl7.org/fhir/tools/CodeSystem/ig-parameters",
        "code" : "template-html"
      },
      "value" : "template-page.html"
    },
    {
      "code" : {
        "system" : "http://hl7.org/fhir/tools/CodeSystem/ig-parameters",
        "code" : "template-md"
      },
      "value" : "template-page-md.html"
    },
    {
      "code" : {
        "system" : "http://hl7.org/fhir/tools/CodeSystem/ig-parameters",
        "code" : "apply-contact"
      },
      "value" : "true"
    },
    {
      "code" : {
        "system" : "http://hl7.org/fhir/tools/CodeSystem/ig-parameters",
        "code" : "apply-context"
      },
      "value" : "true"
    },
    {
      "code" : {
        "system" : "http://hl7.org/fhir/tools/CodeSystem/ig-parameters",
        "code" : "apply-copyright"
      },
      "value" : "true"
    },
    {
      "code" : {
        "system" : "http://hl7.org/fhir/tools/CodeSystem/ig-parameters",
        "code" : "apply-jurisdiction"
      },
      "value" : "true"
    },
    {
      "code" : {
        "system" : "http://hl7.org/fhir/tools/CodeSystem/ig-parameters",
        "code" : "apply-license"
      },
      "value" : "true"
    },
    {
      "code" : {
        "system" : "http://hl7.org/fhir/tools/CodeSystem/ig-parameters",
        "code" : "apply-publisher"
      },
      "value" : "true"
    },
    {
      "code" : {
        "system" : "http://hl7.org/fhir/tools/CodeSystem/ig-parameters",
        "code" : "apply-version"
      },
      "value" : "true"
    },
    {
      "code" : {
        "system" : "http://hl7.org/fhir/tools/CodeSystem/ig-parameters",
        "code" : "apply-wg"
      },
      "value" : "true"
    },
    {
      "code" : {
        "system" : "http://hl7.org/fhir/tools/CodeSystem/ig-parameters",
        "code" : "active-tables"
      },
      "value" : "true"
    },
    {
      "code" : {
        "system" : "http://hl7.org/fhir/tools/CodeSystem/ig-parameters",
        "code" : "fmm-definition"
      },
      "value" : "http://hl7.org/fhir/versions.html#maturity"
    },
    {
      "code" : {
        "system" : "http://hl7.org/fhir/tools/CodeSystem/ig-parameters",
        "code" : "propagate-status"
      },
      "value" : "true"
    },
    {
      "code" : {
        "system" : "http://hl7.org/fhir/tools/CodeSystem/ig-parameters",
        "code" : "excludelogbinaryformat"
      },
      "value" : "true"
    },
    {
      "code" : {
        "system" : "http://hl7.org/fhir/tools/CodeSystem/ig-parameters",
        "code" : "tabbed-snapshots"
      },
      "value" : "true"
    }]
  }
}