<?xml version="1.0" encoding="UTF-8"?>

<ValueSet xmlns="http://hl7.org/fhir">
  <id value="encounter-class"/>
  <text>
    <status value="generated"/><div xmlns="http://www.w3.org/1999/xhtml"><p class="res-header-id"><b>Generated Narrative: ValueSet encounter-class</b></p><a name="encounter-class"> </a><a name="hcencounter-class"> </a><a name="encounter-class-en-US"> </a><ul><li>Import all the codes that are contained in <a href="http://terminology.hl7.org/6.0.1/ValueSet-encounter-class.html">Encounter class</a></li></ul></div>
  </text>
  <url value="https://fhir.ee/ValueSet/encounter-class"/>
  <version value="0.2.0"/>
  <name value="EEEncounterClass"/>
  <title value="Encounter Class"/>
  <status value="active"/>
  <experimental value="false"/>
  <date value="2024-07-22T11:22:27+03:00"/>
  <publisher value="HL7 Estonia"/>
  <contact>
    <name value="HL7 Estonia"/>
    <telecom>
      <system value="url"/>
      <value value="https://www.hl7.ee"/>
    </telecom>
  </contact>
  <description value="This value set defines a set of codes that can be used to indicate the class of encounter: a specific code indicating class of service provided."/>
  <jurisdiction>
    <coding>
      <system value="urn:iso:std:iso:3166"/>
      <code value="EE"/>
      <display value="Estonia"/>
    </coding>
  </jurisdiction>
  <compose>
    <include>
      <valueSet value="http://terminology.hl7.org/ValueSet/encounter-class"/>
    </include>
  </compose>
</ValueSet>