<?xml version="1.0" encoding="UTF-8"?>

<ValueSet xmlns="http://hl7.org/fhir">
  <id value="occupation"/>
  <text>
    <status value="generated"/><div xmlns="http://www.w3.org/1999/xhtml"><p class="res-header-id"><b>Generated Narrative: ValueSet occupation</b></p><a name="occupation"> </a><a name="hcoccupation"> </a><a name="occupation-en-US"> </a><ul><li>Include all codes defined in <a href="CodeSystem-occupation.html"><code>https://fhir.ee/CodeSystem/occupation</code></a></li></ul></div>
  </text>
  <url value="https://fhir.ee/ValueSet/occupation"/>
  <version value="0.2.0"/>
  <name value="EEOccupation"/>
  <title value="Occupation"/>
  <status value="active"/>
  <experimental value="true"/>
  <date value="2024-07-22T11:22:27+03:00"/>
  <publisher value="HL7 Estonia"/>
  <contact>
    <name value="HL7 Estonia"/>
    <telecom>
      <system value="url"/>
      <value value="https://www.hl7.ee"/>
    </telecom>
  </contact>
  <description value="Classification of Occupations"/>
  <jurisdiction>
    <coding>
      <system value="urn:iso:std:iso:3166"/>
      <code value="EE"/>
      <display value="Estonia"/>
    </coding>
  </jurisdiction>
  <compose>
    <include>
      <system value="https://fhir.ee/CodeSystem/occupation"/>
    </include>
  </compose>
</ValueSet>