{
  "resourceType" : "ValueSet",
  "id" : "toovoime-liik",
  "text" : {
    "status" : "generated",
    "div" : "<div xmlns=\"http://www.w3.org/1999/xhtml\"><p class=\"res-header-id\"><b>Generated Narrative: ValueSet toovoime-liik</b></p><a name=\"toovoime-liik\"> </a><a name=\"hctoovoime-liik\"> </a><a name=\"toovoime-liik-en-US\"> </a><ul><li>Include all codes defined in <a href=\"CodeSystem-toovoime-liik.html\"><code>https://fhir.ee/CodeSystem/toovoime-liik</code></a></li></ul></div>"
  },
  "url" : "https://fhir.ee/ValueSet/toovoime-liik",
  "version" : "0.2.0",
  "name" : "ToovoimeLiik",
  "title" : "Töövõime liik",
  "status" : "active",
  "experimental" : false,
  "date" : "2024-07-22T11:22:27+03:00",
  "publisher" : "HL7 Estonia",
  "contact" : [{
    "name" : "HL7 Estonia",
    "telecom" : [{
      "system" : "url",
      "value" : "https://www.hl7.ee"
    }]
  }],
  "description" : "Töövõime liik",
  "jurisdiction" : [{
    "coding" : [{
      "system" : "urn:iso:std:iso:3166",
      "code" : "EE",
      "display" : "Estonia"
    }]
  }],
  "compose" : {
    "include" : [{
      "system" : "https://fhir.ee/CodeSystem/toovoime-liik"
    }]
  }
}