{
  "resourceType" : "ValueSet",
  "id" : "encounter-class",
  "text" : {
    "status" : "generated",
    "div" : "<div xmlns=\"http://www.w3.org/1999/xhtml\"><p class=\"res-header-id\"><b>Generated Narrative: ValueSet encounter-class</b></p><a name=\"encounter-class\"> </a><a name=\"hcencounter-class\"> </a><a name=\"encounter-class-en-US\"> </a><ul><li>Import all the codes that are contained in <a href=\"http://terminology.hl7.org/6.0.1/ValueSet-encounter-class.html\">Encounter class</a></li></ul></div>"
  },
  "url" : "https://fhir.ee/ValueSet/encounter-class",
  "version" : "0.2.0",
  "name" : "EEEncounterClass",
  "title" : "Encounter Class",
  "status" : "active",
  "experimental" : false,
  "date" : "2024-07-22T11:22:27+03:00",
  "publisher" : "HL7 Estonia",
  "contact" : [{
    "name" : "HL7 Estonia",
    "telecom" : [{
      "system" : "url",
      "value" : "https://www.hl7.ee"
    }]
  }],
  "description" : "This value set defines a set of codes that can be used to indicate the class of encounter: a specific code indicating class of service provided.",
  "jurisdiction" : [{
    "coding" : [{
      "system" : "urn:iso:std:iso:3166",
      "code" : "EE",
      "display" : "Estonia"
    }]
  }],
  "compose" : {
    "include" : [{
      "valueSet" : ["http://terminology.hl7.org/ValueSet/encounter-class"]
    }]
  }
}