{
  "resourceType" : "ValueSet",
  "id" : "identifier-domain",
  "text" : {
    "status" : "generated",
    "div" : "<div xmlns=\"http://www.w3.org/1999/xhtml\"><p class=\"res-header-id\"><b>Generated Narrative: ValueSet identifier-domain</b></p><a name=\"identifier-domain\"> </a><a name=\"hcidentifier-domain\"> </a><a name=\"identifier-domain-en-US\"> </a><ul><li>Include all codes defined in <a href=\"CodeSystem-identifier-domain.html\"><code>https://fhir.ee/CodeSystem/identifier-domain</code></a></li></ul></div>"
  },
  "url" : "https://fhir.ee/ValueSet/identifier-domain",
  "version" : "0.2.0",
  "name" : "EEBaseIdentifierDomain",
  "title" : "Identity System",
  "status" : "active",
  "experimental" : false,
  "date" : "2024-07-22T11:22:27+03:00",
  "publisher" : "HL7 Estonia",
  "contact" : [{
    "name" : "HL7 Estonia",
    "telecom" : [{
      "system" : "url",
      "value" : "https://www.hl7.ee"
    }]
  }],
  "description" : "All identification systems have ever been used for identification.",
  "jurisdiction" : [{
    "coding" : [{
      "system" : "urn:iso:std:iso:3166",
      "code" : "EE",
      "display" : "Estonia"
    }]
  }],
  "compose" : {
    "include" : [{
      "system" : "https://fhir.ee/CodeSystem/identifier-domain"
    }]
  }
}