{
  "resourceType" : "ValueSet",
  "id" : "clinical-specialty",
  "text" : {
    "status" : "generated",
    "div" : "<div xmlns=\"http://www.w3.org/1999/xhtml\"><p class=\"res-header-id\"><b>Generated Narrative: ValueSet clinical-specialty</b></p><a name=\"clinical-specialty\"> </a><a name=\"hcclinical-specialty\"> </a><a name=\"clinical-specialty-en-US\"> </a><ul><li>Include codes from<a href=\"http://www.snomed.org/\"><code>http://snomed.info/sct</code></a> where concept  descends from 394658006 (Clinical specialties)</li></ul></div>"
  },
  "url" : "https://fhir.ee/ValueSet/clinical-specialty",
  "version" : "0.2.0",
  "name" : "EEClinicalSpecialty",
  "title" : "Clinical Specialty",
  "status" : "active",
  "experimental" : true,
  "date" : "2024-07-22T11:22:27+03:00",
  "publisher" : "HL7 Estonia",
  "contact" : [{
    "name" : "HL7 Estonia",
    "telecom" : [{
      "system" : "url",
      "value" : "https://www.hl7.ee"
    }]
  }],
  "description" : "Clinical specialty (aka 'tegevusvaldkond' in Estonian)",
  "jurisdiction" : [{
    "coding" : [{
      "system" : "urn:iso:std:iso:3166",
      "code" : "EE",
      "display" : "Estonia"
    }]
  }],
  "copyright" : "This value set includes content from SNOMED CT, which is copyright © 2002+ International Health Terminology Standards Development Organisation (IHTSDO), and distributed by agreement between IHTSDO and HL7. Implementer use of SNOMED CT is not covered by this agreement",
  "compose" : {
    "include" : [{
      "system" : "http://snomed.info/sct",
      "filter" : [{
        "property" : "concept",
        "op" : "descendent-of",
        "value" : "394658006"
      }]
    }]
  }
}