{
  "resourceType" : "ValueSet",
  "id" : "teovoime-staatus",
  "text" : {
    "status" : "generated",
    "div" : "<div xmlns=\"http://www.w3.org/1999/xhtml\"><p class=\"res-header-id\"><b>Generated Narrative: ValueSet teovoime-staatus</b></p><a name=\"teovoime-staatus\"> </a><a name=\"hcteovoime-staatus\"> </a><a name=\"teovoime-staatus-en-US\"> </a><ul><li>Include all codes defined in <a href=\"CodeSystem-teovoime-staatus.html\"><code>https://fhir.ee/CodeSystem/teovoime-staatus</code></a></li></ul></div>"
  },
  "url" : "https://fhir.ee/ValueSet/teovoime-staatus",
  "version" : "0.2.0",
  "name" : "TeovoimeStaatus",
  "title" : "Teovõime staatus",
  "status" : "active",
  "experimental" : false,
  "date" : "2024-07-22T11:22:27+03:00",
  "publisher" : "HL7 Estonia",
  "contact" : [{
    "name" : "HL7 Estonia",
    "telecom" : [{
      "system" : "url",
      "value" : "https://www.hl7.ee"
    }]
  }],
  "description" : "Teovõime staatus.",
  "jurisdiction" : [{
    "coding" : [{
      "system" : "urn:iso:std:iso:3166",
      "code" : "EE",
      "display" : "Estonia"
    }]
  }],
  "compose" : {
    "include" : [{
      "system" : "https://fhir.ee/CodeSystem/teovoime-staatus"
    }]
  }
}