<?xml version="1.0" encoding="UTF-8"?>

<ValueSet xmlns="http://hl7.org/fhir">
  <id value="teovoime-staatus"/>
  <text>
    <status value="generated"/><div xmlns="http://www.w3.org/1999/xhtml"><p class="res-header-id"><b>Generated Narrative: ValueSet teovoime-staatus</b></p><a name="teovoime-staatus"> </a><a name="hcteovoime-staatus"> </a><a name="teovoime-staatus-en-US"> </a><ul><li>Include all codes defined in <a href="CodeSystem-teovoime-staatus.html"><code>https://fhir.ee/CodeSystem/teovoime-staatus</code></a></li></ul></div>
  </text>
  <url value="https://fhir.ee/ValueSet/teovoime-staatus"/>
  <version value="0.2.0"/>
  <name value="TeovoimeStaatus"/>
  <title value="Teovõime staatus"/>
  <status value="active"/>
  <experimental value="false"/>
  <date value="2024-07-22T11:22:27+03:00"/>
  <publisher value="HL7 Estonia"/>
  <contact>
    <name value="HL7 Estonia"/>
    <telecom>
      <system value="url"/>
      <value value="https://www.hl7.ee"/>
    </telecom>
  </contact>
  <description value="Teovõime staatus."/>
  <jurisdiction>
    <coding>
      <system value="urn:iso:std:iso:3166"/>
      <code value="EE"/>
      <display value="Estonia"/>
    </coding>
  </jurisdiction>
  <compose>
    <include>
      <system value="https://fhir.ee/CodeSystem/teovoime-staatus"/>
    </include>
  </compose>
</ValueSet>