URL,Version,Status,OIDs,Name,Title,Descriptino,Uses,Used,Sources
https://fhir.ee/ValueSet/act-priority,0.2.0,active,,EEActPriority,Act Priority,"Act Priority",,
https://fhir.ee/ValueSet/administrative-gender,0.2.0,active,,EEAdministrativeGender,Administrative Gender,"Administrative Gender",,"hl7.fhir.r5.core"
https://fhir.ee/ValueSet/ads-adr-id,0.2.0,active,,EEAdsAdrId,ADS AdrId,"Address identifiers in the Estonian Address.",,"Internal"
https://fhir.ee/ValueSet/ads-oid,0.2.0,active,,EEAdsOid,ADS Oid,"Address objects in the Estonian Address System.",,"Internal"
https://fhir.ee/ValueSet/clinical-specialty,0.2.0,active,,EEClinicalSpecialty,Clinical Specialty,"Clinical specialty (aka 'tegevusvaldkond' in Estonian)",,"SCT"
https://fhir.ee/ValueSet/date-accuracy-indicator,0.2.0,active,,EEDateAccuracyIndicator,Date Accuracy Indicator,"Date Accuracy Indicator",,"Internal"
https://fhir.ee/ValueSet/degree-license-certificate,0.2.0,active,,EEBaseDegreeLicenseCertificate,Qualification,"Qualification based on the education",,"THO (V2)"
https://fhir.ee/ValueSet/eestkoste-liik,0.2.0,active,,EestkosteLiik,Eestkoste liik,"Eestkoste liik",,"SCT"
https://fhir.ee/ValueSet/encounter-class,0.2.0,active,,EEEncounterClass,Encounter Class,"This value set defines a set of codes that can be used to indicate the class of encounter: a specific code indicating class of service provided.",,
https://fhir.ee/ValueSet/eriala,0.2.0,active,,EEEriala,Eriala,"Medre Specialty. TIS erialade loend.",,"Internal"
https://fhir.ee/ValueSet/hooldusoiguse-liik,0.2.0,active,,HooldusoiguseLiik,Hooldusõiguse liik,"Hooldusõiguse liik",,"Internal"
https://fhir.ee/ValueSet/identifier-domain,0.2.0,active,,EEBaseIdentifierDomain,Identity System,"All identification systems have ever been used for identification.",,"Internal"
https://fhir.ee/ValueSet/isiku-seos-patsiendiga,0.2.0,active,,IsikuSeosPatsiendiga,Isiku seos patsiendiga,"Isiku seos patsiendiga",,"THO (V3)"
https://fhir.ee/ValueSet/location-form,0.2.0,active,,EELocationForm,Location Form,"Location Form",,"THO"
https://fhir.ee/ValueSet/mode-of-arrival,0.2.0,active,,EEModeOfArrival,Mode Of Arrival,"Mode Of Arrival",,"THO (V2),Internal"
https://fhir.ee/ValueSet/national-identifier-requirement,0.2.0,active,,NationalIdentifierRequirement,National identifier requirement,"Nimekiri riikidest mille puhul on kohustuslik lisaks isiku identifitseerivale dokumendinumbrile määrata ka isikukood",,"Internal"
https://fhir.ee/ValueSet/observation-category,0.2.0,active,,EEObservationCategory,Observation Category,"Observation category",,"THO"
https://fhir.ee/ValueSet/occupation,0.2.0,active,,EEOccupation,Occupation,"Classification of Occupations",,"Internal"
https://fhir.ee/ValueSet/omandatud-korgeim-haridus,0.2.0,active,,OmandatudKorgeimHaridus,Omandatud kõrgeim haridus,"Patsiendi kõrgeim haridustase",,"Internal"
https://fhir.ee/ValueSet/organization-identifier-domain,0.2.0,active,,EEBaseOrganizationIdentifierDomain,Organization Identifier Domain,"Identifier systems acceptable for organization identification",,"Internal"
https://fhir.ee/ValueSet/organization-type,0.2.0,active,,EEOrganizationType,Organization Types,"Organization Types",,"THO"
https://fhir.ee/ValueSet/patient-identifier-domain,0.2.0,active,,EEBasePatientIdentifierDomain,Patient Identifier Domain,"Identity systems acceptable for patient identification",,"Internal"
https://fhir.ee/ValueSet/person-relationship,0.2.0,active,,EEPersonRelationship,Person Relationship,"Suhe patsiendiga",,"SCT"
https://fhir.ee/ValueSet/practitioner-identifier-domain,0.2.0,active,,EEBasePractitionerIdentifierDomain,Practitioner Identifier Domain,"Identifier systems acceptable for practitioner identification",,"Internal"
https://fhir.ee/ValueSet/practitioner-role,0.2.0,active,,EEPractitionerRole,Practitioner Role,"The role of practitioner in the healthcare facility.",,"THO"
https://fhir.ee/ValueSet/puude-raskusaste,0.2.0,active,,PuudeRaskusaste,Puude raskusaste,"Puude raskusaste",,"Internal"
https://fhir.ee/ValueSet/teovoime-staatus,0.2.0,active,,TeovoimeStaatus,Teovõime staatus,"Teovõime staatus.",,"Internal"
https://fhir.ee/ValueSet/tootamise-liik,0.2.0,active,,TootamiseLiik,Töötamise liik,"Töötamise liik",,"Internal"
https://fhir.ee/ValueSet/toovoime-liik,0.2.0,active,,ToovoimeLiik,Töövõime liik,"Töövõime liik",,"Internal"
