<?xml version="1.0" encoding="UTF-8"?>

<ValueSet xmlns="http://hl7.org/fhir">
  <id value="national-identifier-requirement"/>
  <text>
    <status value="generated"/><div xmlns="http://www.w3.org/1999/xhtml"><p class="res-header-id"><b>Generated Narrative: ValueSet national-identifier-requirement</b></p><a name="national-identifier-requirement"> </a><a name="hcnational-identifier-requirement"> </a><a name="national-identifier-requirement-en-US"> </a><ul><li>Include all codes defined in <a href="CodeSystem-national-identifier-requirement.html"><code>https://fhir.ee/CodeSystem/national-identifier-requirement</code></a></li></ul></div>
  </text>
  <url value="https://fhir.ee/ValueSet/national-identifier-requirement"/>
  <version value="0.2.0"/>
  <name value="NationalIdentifierRequirement"/>
  <title value="National identifier requirement"/>
  <status value="active"/>
  <experimental value="false"/>
  <date value="2024-07-22T11:22:27+03:00"/>
  <publisher value="HL7 Estonia"/>
  <contact>
    <name value="HL7 Estonia"/>
    <telecom>
      <system value="url"/>
      <value value="https://www.hl7.ee"/>
    </telecom>
  </contact>
  <description value="Nimekiri riikidest mille puhul on kohustuslik lisaks isiku identifitseerivale dokumendinumbrile määrata ka isikukood"/>
  <jurisdiction>
    <coding>
      <system value="urn:iso:std:iso:3166"/>
      <code value="EE"/>
      <display value="Estonia"/>
    </coding>
  </jurisdiction>
  <compose>
    <include>
      <system value="https://fhir.ee/CodeSystem/national-identifier-requirement"/>
    </include>
  </compose>
</ValueSet>