<?xml version="1.0" encoding="UTF-8"?><ImplementationGuide xmlns="http://hl7.org/fhir"><id value="hl7.fhir.ee.mpi"/><text><status value="extensions"/><div xmlns="http://www.w3.org/1999/xhtml"><h2>EEMPI</h2><p>The official URL for this implementation guide is: </p><pre>https://fhir.ee/ImplementationGuide/hl7.fhir.ee.mpi</pre></div></text><url value="https://fhir.ee/ImplementationGuide/hl7.fhir.ee.mpi"/><version value="1.0.0"/><name value="EEMPI"/><title value="Patsientide üldandmete teenus / Master Patient Index"/><status value="draft"/><date value="2023-05-30T18:29:05+03:00"/><publisher value="TEHIK"/><contact><name value="TEHIK"/><telecom><system value="url"/><value value="https://tehik.ee"/></telecom></contact><jurisdiction><coding><system value="urn:iso:std:iso:3166"/><code value="EE"/><display value="Estonia"/></coding></jurisdiction><packageId value="hl7.fhir.ee.mpi"/><license value="CC0-1.0"/><fhirVersion value="5.0.0"/><dependsOn id="hl7tx"><extension url="http://hl7.org/fhir/tools/StructureDefinition/implementationguide-dependency-comment"><valueMarkdown value="Automatically added as a dependency - all IGs depend on HL7 Terminology"/></extension><uri value="http://terminology.hl7.org/ImplementationGuide/hl7.terminology"/><packageId value="hl7.terminology.r5"/><version value="5.0.0"/></dependsOn><dependsOn id="hl7_fhir_uv_extensions"><uri value="http://hl7.org/fhir/extensions/ImplementationGuide/hl7.fhir.uv.extensions"/><packageId value="hl7.fhir.uv.extensions"/><version value="current"/></dependsOn><dependsOn id="hl7_fhir_ee_base"><uri value="https://fhir.ee/ImplementationGuide/hl7.fhir.ee.base"/><packageId value="hl7.fhir.ee.base"/><version value="dev"/></dependsOn><definition><extension url="http://hl7.org/fhir/tools/StructureDefinition/ig-parameter"><extension url="code"><valueString value="copyrightyear"/></extension><extension url="value"><valueString value="2023+"/></extension></extension><extension url="http://hl7.org/fhir/tools/StructureDefinition/ig-parameter"><extension url="code"><valueString value="releaselabel"/></extension><extension url="value"><valueString value="ballot"/></extension></extension><extension url="http://hl7.org/fhir/tools/StructureDefinition/ig-parameter"><extension url="code"><valueString value="autoload-resources"/></extension><extension url="value"><valueString value="true"/></extension></extension><extension url="http://hl7.org/fhir/tools/StructureDefinition/ig-parameter"><extension url="code"><valueString value="path-liquid"/></extension><extension url="value"><valueString value="template/liquid"/></extension></extension><extension url="http://hl7.org/fhir/tools/StructureDefinition/ig-parameter"><extension url="code"><valueString value="path-liquid"/></extension><extension url="value"><valueString value="input/liquid"/></extension></extension><extension url="http://hl7.org/fhir/tools/StructureDefinition/ig-parameter"><extension url="code"><valueString value="path-qa"/></extension><extension url="value"><valueString value="temp/qa"/></extension></extension><extension url="http://hl7.org/fhir/tools/StructureDefinition/ig-parameter"><extension url="code"><valueString value="path-temp"/></extension><extension url="value"><valueString value="temp/pages"/></extension></extension><extension url="http://hl7.org/fhir/tools/StructureDefinition/ig-parameter"><extension url="code"><valueString value="path-output"/></extension><extension url="value"><valueString value="output"/></extension></extension><extension url="http://hl7.org/fhir/tools/StructureDefinition/ig-parameter"><extension url="code"><valueString value="path-suppressed-warnings"/></extension><extension url="value"><valueString value="input/ignoreWarnings.txt"/></extension></extension><extension url="http://hl7.org/fhir/tools/StructureDefinition/ig-parameter"><extension url="code"><valueString value="path-history"/></extension><extension url="value"><valueString value="https://fhir.ee/history.html"/></extension></extension><extension url="http://hl7.org/fhir/tools/StructureDefinition/ig-parameter"><extension url="code"><valueString value="template-html"/></extension><extension url="value"><valueString value="template-page.html"/></extension></extension><extension url="http://hl7.org/fhir/tools/StructureDefinition/ig-parameter"><extension url="code"><valueString value="template-md"/></extension><extension url="value"><valueString value="template-page-md.html"/></extension></extension><extension url="http://hl7.org/fhir/tools/StructureDefinition/ig-parameter"><extension url="code"><valueString value="apply-contact"/></extension><extension url="value"><valueString value="true"/></extension></extension><extension url="http://hl7.org/fhir/tools/StructureDefinition/ig-parameter"><extension url="code"><valueString value="apply-context"/></extension><extension url="value"><valueString value="true"/></extension></extension><extension url="http://hl7.org/fhir/tools/StructureDefinition/ig-parameter"><extension url="code"><valueString value="apply-copyright"/></extension><extension url="value"><valueString value="true"/></extension></extension><extension url="http://hl7.org/fhir/tools/StructureDefinition/ig-parameter"><extension url="code"><valueString value="apply-jurisdiction"/></extension><extension url="value"><valueString value="true"/></extension></extension><extension url="http://hl7.org/fhir/tools/StructureDefinition/ig-parameter"><extension url="code"><valueString value="apply-license"/></extension><extension url="value"><valueString value="true"/></extension></extension><extension url="http://hl7.org/fhir/tools/StructureDefinition/ig-parameter"><extension url="code"><valueString value="apply-publisher"/></extension><extension url="value"><valueString value="true"/></extension></extension><extension url="http://hl7.org/fhir/tools/StructureDefinition/ig-parameter"><extension url="code"><valueString value="apply-version"/></extension><extension url="value"><valueString value="true"/></extension></extension><extension url="http://hl7.org/fhir/tools/StructureDefinition/ig-parameter"><extension url="code"><valueString value="active-tables"/></extension><extension url="value"><valueString value="true"/></extension></extension><extension url="http://hl7.org/fhir/tools/StructureDefinition/ig-parameter"><extension url="code"><valueString value="fmm-definition"/></extension><extension url="value"><valueString value="http://hl7.org/fhir/versions.html#maturity"/></extension></extension><extension url="http://hl7.org/fhir/tools/StructureDefinition/ig-parameter"><extension url="code"><valueString value="propagate-status"/></extension><extension url="value"><valueString value="true"/></extension></extension><extension url="http://hl7.org/fhir/tools/StructureDefinition/ig-parameter"><extension url="code"><valueString value="excludelogbinaryformat"/></extension><extension url="value"><valueString value="true"/></extension></extension><extension url="http://hl7.org/fhir/tools/StructureDefinition/ig-parameter"><extension url="code"><valueString value="tabbed-snapshots"/></extension><extension url="value"><valueString value="true"/></extension></extension><extension url="http://hl7.org/fhir/tools/StructureDefinition/ig-internal-dependency"><valueCode value="hl7.fhir.uv.tools#current"/></extension><grouping id="-dyn-operationdefinition"><name value="Behavior: Operation Definitions"/><description value="These are custom operations that can be supported by and/or invoked by systems conforming to this implementation guide."/></grouping><grouping id="-str-abstractprofile"><name value="Structures: Abstract Profiles"/><description value="These are profiles on resources or data types that describe patterns used by other profiles, but cannot be instantiated directly.  I.e. instances can conform to profiles *based* on these abstract profiles, but do not declare conformance to the abstract profiles themselves."/></grouping><grouping id="-str-profile"><name value="Structures: Resource Profiles"/><description value="These define constraints on FHIR resources for systems conforming to this implementation guide."/></grouping><grouping id="-term-valueset"><name value="Terminology: Value Sets"/><description value="These define sets of codes used by systems conforming to this implementation guide."/></grouping><grouping id="-term-codesystem"><name value="Terminology: Code Systems"/><description value="These define new code systems used by systems conforming to this implementation guide."/></grouping><grouping id="-map-conceptmap"><name value="Terminology: Concept Maps"/><description value="These define transformations to convert between codes by systems conforming with this implementation guide."/></grouping><grouping id="-ex-example"><name value="Example: Example Instances"/><description value="These are example instances that show what data produced and consumed by systems conforming with this implementation guide might look like."/></grouping><resource><extension url="http://hl7.org/fhir/StructureDefinition/implementationguide-page"><valueUri value="StructureDefinition-ee-mpi-patient.html"/></extension><reference><reference value="StructureDefinition/ee-mpi-patient"/></reference><name value="EE MPI Patient"/><description value="Common MPI limitations on Patient resouce"/><isExample value="false"/><groupingId value="-str-abstractprofile"/></resource><resource><extension url="http://hl7.org/fhir/StructureDefinition/implementationguide-page"><valueUri value="StructureDefinition-ee-mpi-patient-newborn.html"/></extension><reference><reference value="StructureDefinition/ee-mpi-patient-newborn"/></reference><name value="EE MPI Patient Newborn"/><description value="Profiil vastsündinu andmete kirjeldamiseks"/><isExample value="false"/><groupingId value="-str-profile"/></resource><resource><extension url="http://hl7.org/fhir/StructureDefinition/implementationguide-page"><valueUri value="StructureDefinition-ee-mpi-patient-stillborn.html"/></extension><reference><reference value="StructureDefinition/ee-mpi-patient-stillborn"/></reference><name value="EE MPI Patient Stillborn"/><description value="Profiil surnult sündinu andmete kirjeldamiseks"/><isExample value="false"/><groupingId value="-str-profile"/></resource><resource><extension url="http://hl7.org/fhir/StructureDefinition/implementationguide-page"><valueUri value="StructureDefinition-ee-mpi-patient-unknown.html"/></extension><reference><reference value="StructureDefinition/ee-mpi-patient-unknown"/></reference><name value="EE MPI Patient Unknown"/><description value="Kasutamiseks EMO-s, kiirabis, anonüümsete patsientide ning keskkonnaproovide puhul"/><isExample value="false"/><groupingId value="-str-profile"/></resource><resource><extension url="http://hl7.org/fhir/StructureDefinition/implementationguide-page"><valueUri value="StructureDefinition-ee-mpi-patient-verified.html"/></extension><reference><reference value="StructureDefinition/ee-mpi-patient-verified"/></reference><name value="EE MPI Patient Verified"/><description value="Retseptsioonis identifitseeritud MPI Patsient."/><isExample value="false"/><groupingId value="-str-profile"/></resource><resource><extension url="http://hl7.org/fhir/StructureDefinition/implementationguide-page"><valueUri value="StructureDefinition-ee-mpi-socialhistory-disability.html"/></extension><reference><reference value="StructureDefinition/ee-mpi-socialhistory-disability"/></reference><name value="EE MPI SocialHistory Disability"/><description value="Puude raskusaste"/><isExample value="false"/><groupingId value="-str-profile"/></resource><resource><extension url="http://hl7.org/fhir/StructureDefinition/implementationguide-page"><valueUri value="StructureDefinition-ee-mpi-socialhistory-education-level.html"/></extension><reference><reference value="StructureDefinition/ee-mpi-socialhistory-education-level"/></reference><name value="EE MPI SocialHistory Education Level"/><description value="Haridustase"/><isExample value="false"/><groupingId value="-str-profile"/></resource><resource><extension url="http://hl7.org/fhir/StructureDefinition/implementationguide-page"><valueUri value="StructureDefinition-ee-mpi-socialhistory-legal-guardian-status.html"/></extension><reference><reference value="StructureDefinition/ee-mpi-socialhistory-legal-guardian-status"/></reference><name value="EE MPI SocialHistory Legal Guardian Status"/><description value="Seadusliku eeskostja staatus"/><isExample value="false"/><groupingId value="-str-profile"/></resource><resource><extension url="http://hl7.org/fhir/StructureDefinition/implementationguide-page"><valueUri value="StructureDefinition-ee-mpi-socialhistory-legal-status.html"/></extension><reference><reference value="StructureDefinition/ee-mpi-socialhistory-legal-status"/></reference><name value="EE MPI SocialHistory Legal Status"/><description value="Patsiendi teovõime staatus."/><isExample value="false"/><groupingId value="-str-profile"/></resource><resource><extension url="http://hl7.org/fhir/StructureDefinition/implementationguide-page"><valueUri value="StructureDefinition-ee-mpi-socialhistory-marital-status.html"/></extension><reference><reference value="StructureDefinition/ee-mpi-socialhistory-marital-status"/></reference><name value="EE MPI SocialHistory Marital Status"/><description value="Abielu või suhte liik."/><isExample value="false"/><groupingId value="-str-profile"/></resource><resource><extension url="http://hl7.org/fhir/StructureDefinition/implementationguide-page"><valueUri value="StructureDefinition-ee-mpi-socialhistory-occupation.html"/></extension><reference><reference value="StructureDefinition/ee-mpi-socialhistory-occupation"/></reference><name value="EE MPI SocialHistory Occupation"/><description value="Töötamine"/><isExample value="false"/><groupingId value="-str-profile"/></resource><resource><extension url="http://hl7.org/fhir/StructureDefinition/implementationguide-page"><valueUri value="StructureDefinition-ee-mpi-socialhistory-power-of-attorney.html"/></extension><reference><reference value="StructureDefinition/ee-mpi-socialhistory-power-of-attorney"/></reference><name value="EE MPI SocialHistory Power Of Attorney"/><description value="Hooldusõigus"/><isExample value="false"/><groupingId value="-str-profile"/></resource><resource><extension url="http://hl7.org/fhir/StructureDefinition/implementationguide-page"><valueUri value="StructureDefinition-ee-mpi-related-person.html"/></extension><reference><reference value="StructureDefinition/ee-mpi-related-person"/></reference><name value="EE MPI Related Person"/><description value="Patsient ja tema kontakt- ja seotud isikud."/><isExample value="false"/><groupingId value="-str-profile"/></resource><resource><extension url="http://hl7.org/fhir/StructureDefinition/implementationguide-page"><valueUri value="ValueSet-disability-level.html"/></extension><reference><reference value="ValueSet/disability-level"/></reference><name value="Disability level"/><description value="Puude raskusaste"/><isExample value="false"/><groupingId value="-term-valueset"/></resource><resource><extension url="http://hl7.org/fhir/StructureDefinition/implementationguide-page"><valueUri value="ValueSet-education-level.html"/></extension><reference><reference value="ValueSet/education-level"/></reference><name value="Education Level"/><description value="Patsiendi kõrgeim haridustase"/><isExample value="false"/><groupingId value="-term-valueset"/></resource><resource><extension url="http://hl7.org/fhir/StructureDefinition/implementationguide-page"><valueUri value="ValueSet-guardian-status.html"/></extension><reference><reference value="ValueSet/guardian-status"/></reference><name value="Guardian Status"/><description value="Eeskostja liik"/><isExample value="false"/><groupingId value="-term-valueset"/></resource><resource><extension url="http://hl7.org/fhir/StructureDefinition/implementationguide-page"><valueUri value="ValueSet-job-type.html"/></extension><reference><reference value="ValueSet/job-type"/></reference><name value="JobType"/><description value="Töötamise liik"/><isExample value="false"/><groupingId value="-term-valueset"/></resource><resource><extension url="http://hl7.org/fhir/StructureDefinition/implementationguide-page"><valueUri value="ValueSet-legal-status.html"/></extension><reference><reference value="ValueSet/legal-status"/></reference><name value="Legal Status"/><description value="Patsiendi teovõime staatus."/><isExample value="false"/><groupingId value="-term-valueset"/></resource><resource><extension url="http://hl7.org/fhir/StructureDefinition/implementationguide-page"><valueUri value="ValueSet-ee-mpi-person-relationship.html"/></extension><reference><reference value="ValueSet/ee-mpi-person-relationship"/></reference><name value="Person Relationship"/><description value="Suhe patsiendiga"/><isExample value="false"/><groupingId value="-term-valueset"/></resource><resource><extension url="http://hl7.org/fhir/StructureDefinition/implementationguide-page"><valueUri value="ValueSet-ee-mpi-person-relationship-class.html"/></extension><reference><reference value="ValueSet/ee-mpi-person-relationship-class"/></reference><name value="Person Relationship Class"/><description value="Person relationship class"/><isExample value="false"/><groupingId value="-term-valueset"/></resource><resource><extension url="http://hl7.org/fhir/StructureDefinition/implementationguide-page"><valueUri value="ValueSet-power-of-attorney.html"/></extension><reference><reference value="ValueSet/power-of-attorney"/></reference><name value="PowerOfAttorney Status"/><description value="Hooldusõiguse liik"/><isExample value="false"/><groupingId value="-term-valueset"/></resource><resource><extension url="http://hl7.org/fhir/StructureDefinition/implementationguide-page"><valueUri value="CodeSystem-disability-level.html"/></extension><reference><reference value="CodeSystem/disability-level"/></reference><name value="Disability level"/><description value="Puude raskusaste"/><isExample value="false"/><groupingId value="-term-codesystem"/></resource><resource><extension url="http://hl7.org/fhir/StructureDefinition/implementationguide-page"><valueUri value="CodeSystem-education-level.html"/></extension><reference><reference value="CodeSystem/education-level"/></reference><name value="Education level"/><description value="Patsiendi kõrgeim haridustase"/><isExample value="false"/><groupingId value="-term-codesystem"/></resource><resource><extension url="http://hl7.org/fhir/StructureDefinition/implementationguide-page"><valueUri value="CodeSystem-legal-status.html"/></extension><reference><reference value="CodeSystem/legal-status"/></reference><name value="Legal Status"/><description value="The legal status that applies to the patient. The legal status indicates the basis on which the patient is staying in a healthcare organization. This can be either voluntary or involuntary, however the legal status is always determined by a judge. A patient can also receive healthcare based on a forensic status."/><isExample value="false"/><groupingId value="-term-codesystem"/></resource><resource><extension url="http://hl7.org/fhir/StructureDefinition/implementationguide-page"><valueUri value="CodeSystem-power-of-attorney.html"/></extension><reference><reference value="CodeSystem/power-of-attorney"/></reference><name value="PowerOfAttorney Status"/><description value="Hooldusõiguse liik"/><isExample value="false"/><groupingId value="-term-codesystem"/></resource><resource><extension url="http://hl7.org/fhir/StructureDefinition/implementationguide-page"><valueUri value="Observation-Disability.html"/></extension><reference><reference value="Observation/Disability"/></reference><name value="Disability"/><description value="Example of patient disability"/><profile value="https://fhir.ee/StructureDefinition/ee-mpi-socialhistory-disability"/><groupingId value="-ex-example"/></resource><resource><extension url="http://hl7.org/fhir/StructureDefinition/implementationguide-page"><valueUri value="Observation-EducationLevel.html"/></extension><reference><reference value="Observation/EducationLevel"/></reference><name value="EducationLevel"/><description value="Example of patient education"/><profile value="https://fhir.ee/StructureDefinition/ee-mpi-socialhistory-education-level"/><groupingId value="-ex-example"/></resource><resource><extension url="http://hl7.org/fhir/StructureDefinition/implementationguide-page"><valueUri value="Observation-LegalGuardianStatus.html"/></extension><reference><reference value="Observation/LegalGuardianStatus"/></reference><name value="LegalGuardianStatus"/><description value="Example of patient legal duardian"/><profile value="https://fhir.ee/StructureDefinition/ee-mpi-socialhistory-legal-guardian-status"/><groupingId value="-ex-example"/></resource><resource><extension url="http://hl7.org/fhir/StructureDefinition/implementationguide-page"><valueUri value="Observation-LegalStatus.html"/></extension><reference><reference value="Observation/LegalStatus"/></reference><name value="LegalStatus"/><description value="Example of patient legal status"/><profile value="https://fhir.ee/StructureDefinition/ee-mpi-socialhistory-legal-status"/><groupingId value="-ex-example"/></resource><resource><extension url="http://hl7.org/fhir/StructureDefinition/implementationguide-page"><valueUri value="Observation-MaritalStatus.html"/></extension><reference><reference value="Observation/MaritalStatus"/></reference><name value="MaritalStatus"/><description value="Example of patient marital status"/><profile value="https://fhir.ee/StructureDefinition/ee-mpi-socialhistory-marital-status"/><groupingId value="-ex-example"/></resource><resource><extension url="http://hl7.org/fhir/StructureDefinition/implementationguide-page"><valueUri value="Observation-Occupation.html"/></extension><reference><reference value="Observation/Occupation"/></reference><name value="Occupation"/><description value="Example of patient occupation"/><profile value="https://fhir.ee/StructureDefinition/ee-mpi-socialhistory-occupation"/><groupingId value="-ex-example"/></resource><resource><extension url="http://hl7.org/fhir/StructureDefinition/implementationguide-page"><valueUri value="Organization-Org1.html"/></extension><reference><reference value="Organization/Org1"/></reference><name value="ExampleHospital"/><description value="Example of organization Org1"/><isExample value="true"/><groupingId value="-ex-example"/></resource><resource><extension url="http://hl7.org/fhir/StructureDefinition/implementationguide-page"><valueUri value="Observation-PowerOfAttorney.html"/></extension><reference><reference value="Observation/PowerOfAttorney"/></reference><name value="PowerOfAttorney"/><description value="Example of patient attorney"/><profile value="https://fhir.ee/StructureDefinition/ee-mpi-socialhistory-power-of-attorney"/><groupingId value="-ex-example"/></resource><resource><extension url="http://hl7.org/fhir/StructureDefinition/implementationguide-page"><valueUri value="ConceptMap-identity-system-to-oid.html"/></extension><reference><reference value="ConceptMap/identity-system-to-oid"/></reference><name value="identity-system-to-oid"/><description value="A mapping between the Identity System for person identification and ENHIS OID systems"/><isExample value="false"/><groupingId value="-map-conceptmap"/></resource><resource><extension url="http://hl7.org/fhir/StructureDefinition/implementationguide-page"><valueUri value="Patient-pat-newborn.html"/></extension><reference><reference value="Patient/pat-newborn"/></reference><name value="PatientNewborn"/><description value="Example of newborn patient"/><profile value="https://fhir.ee/StructureDefinition/ee-mpi-patient-newborn"/><groupingId value="-ex-example"/></resource><resource><extension url="http://hl7.org/fhir/StructureDefinition/implementationguide-page"><valueUri value="Patient-pat-stillborn.html"/></extension><reference><reference value="Patient/pat-stillborn"/></reference><name value="PatientStillborn"/><description value="Example of stillborn patient"/><profile value="https://fhir.ee/StructureDefinition/ee-mpi-patient-stillborn"/><groupingId value="-ex-example"/></resource><resource><extension url="http://hl7.org/fhir/StructureDefinition/implementationguide-page"><valueUri value="Patient-pat-unk.html"/></extension><reference><reference value="Patient/pat-unk"/></reference><name value="PatientUnknown"/><description value="Example of unknown patient"/><profile value="https://fhir.ee/StructureDefinition/ee-mpi-patient-unknown"/><groupingId value="-ex-example"/></resource><resource><extension url="http://hl7.org/fhir/StructureDefinition/implementationguide-page"><valueUri value="Patient-pat1.html"/></extension><reference><reference value="Patient/pat1"/></reference><name value="PatientIgorBossenko"/><description value="Patsient erinevate identifikaatoritega"/><profile value="https://fhir.ee/StructureDefinition/ee-mpi-patient-verified"/><groupingId value="-ex-example"/></resource><resource><extension url="http://hl7.org/fhir/StructureDefinition/implementationguide-page"><valueUri value="Patient-pat2.html"/></extension><reference><reference value="Patient/pat2"/></reference><name value="PatientJohnDoe"/><description value="Foreigner with minimal dataset."/><isExample value="true"/><groupingId value="-ex-example"/></resource><resource><extension url="http://hl7.org/fhir/StructureDefinition/implementationguide-page"><valueUri value="OperationDefinition-patient-education.html"/></extension><reference><reference value="OperationDefinition/patient-education"/></reference><name value="patient-education"/><description value="The highest education level in the Education Register."/><isExample value="false"/><groupingId value="-dyn-operationdefinition"/></resource><resource><extension url="http://hl7.org/fhir/StructureDefinition/implementationguide-page"><valueUri value="OperationDefinition-patient-foreigner.html"/></extension><reference><reference value="OperationDefinition/patient-foreigner"/></reference><name value="patient-foreigner"/><description value="The foreigner operation perform complex search over patient resource."/><isExample value="false"/><groupingId value="-dyn-operationdefinition"/></resource><resource><extension url="http://hl7.org/fhir/StructureDefinition/implementationguide-page"><valueUri value="OperationDefinition-patient-generate-mrn.html"/></extension><reference><reference value="OperationDefinition/patient-generate-mrn"/></reference><name value="patient-generate-mrn"/><description value="Generate the new unique Medical Record Number may be used for unknown/anonymous patient's identification."/><isExample value="false"/><groupingId value="-dyn-operationdefinition"/></resource><resource><extension url="http://hl7.org/fhir/StructureDefinition/implementationguide-page"><valueUri value="OperationDefinition-patient-legal-guardian.html"/></extension><reference><reference value="OperationDefinition/patient-legal-guardian"/></reference><name value="patient-legal-guardian"/><description value="The list of legal guardians specified in the Population Register."/><isExample value="false"/><groupingId value="-dyn-operationdefinition"/></resource><resource><extension url="http://hl7.org/fhir/StructureDefinition/implementationguide-page"><valueUri value="OperationDefinition-patient-link.html"/></extension><reference><reference value="OperationDefinition/patient-link"/></reference><name value="patient-link"/><description value="The link operation is used to link two patient resources. One of the two patients is identified as the source and one as the target. The link with type 'replaces' created from source to destination patient, the another link with type 'replaced-byä created from destination to source patient. As result of linking the destination patient is deactivated."/><isExample value="false"/><groupingId value="-dyn-operationdefinition"/></resource><resource><extension url="http://hl7.org/fhir/StructureDefinition/implementationguide-page"><valueUri value="OperationDefinition-patient-lookup.html"/></extension><reference><reference value="OperationDefinition/patient-lookup"/></reference><name value="patient-lookup"/><description value="The lookup operation looking for patient data in the external registers."/><isExample value="false"/><groupingId value="-dyn-operationdefinition"/></resource><resource><extension url="http://hl7.org/fhir/StructureDefinition/implementationguide-page"><valueUri value="OperationDefinition-patient-power-of-attorney.html"/></extension><reference><reference value="OperationDefinition/patient-power-of-attorney"/></reference><name value="patient-power-of-attorney"/><description value="The list of power of attorneys in the Population Register."/><isExample value="false"/><groupingId value="-dyn-operationdefinition"/></resource><resource><extension url="http://hl7.org/fhir/StructureDefinition/implementationguide-page"><valueUri value="OperationDefinition-patient-unlink.html"/></extension><reference><reference value="OperationDefinition/patient-unlink"/></reference><name value="patient-unlink"/><description value="The unlink operation is used to unlink two patient resources. One of the two patients is identified as the source and one as the target. The links between the source and destination Patients will be removed. Destination resource will be reactivated."/><isExample value="false"/><groupingId value="-dyn-operationdefinition"/></resource><resource><extension url="http://hl7.org/fhir/StructureDefinition/implementationguide-page"><valueUri value="RelatedPerson-relpat11.html"/></extension><reference><reference value="RelatedPerson/relpat11"/></reference><name value="PatientIgorBossenkoSon"/><description value="Example of patient son"/><profile value="https://fhir.ee/StructureDefinition/ee-mpi-related-person"/><groupingId value="-ex-example"/></resource><resource><extension url="http://hl7.org/fhir/StructureDefinition/implementationguide-page"><valueUri value="RelatedPerson-relpat12.html"/></extension><reference><reference value="RelatedPerson/relpat12"/></reference><name value="PatientIgorBossenkoWife"/><description value="Example of patient wife and emergency contact"/><profile value="https://fhir.ee/StructureDefinition/ee-mpi-related-person"/><groupingId value="-ex-example"/></resource><page><sourceUrl value="toc.html"/><name value="toc.html"/><title value="Table of Contents"/><generation value="html"/><page><sourceUrl value="index.html"/><name value="index.html"/><title value="Sissejuhatus"/><generation value="markdown"/></page><page><sourceUrl value="patient.html"/><name value="patient.html"/><title value="Patsiendid"/><generation value="markdown"/></page><page><sourceUrl value="identifiers.html"/><name value="identifiers.html"/><title value="Identifikaatorid"/><generation value="markdown"/></page><page><sourceUrl value="dev.html"/><name value="dev.html"/><title value="Juhend arendajale"/><generation value="markdown"/></page><page><sourceUrl value="link.html"/><name value="link.html"/><title value="Patsientide sidumine ja lahti sidumine"/><generation value="markdown"/></page><page><sourceUrl value="errors.html"/><name value="errors.html"/><title value="Veakoodid"/><generation value="markdown"/></page><page><sourceUrl value="operations.html"/><name value="operations.html"/><title value="Toetavad operatsioonid"/><generation value="markdown"/></page><page><sourceUrl value="contact.html"/><name value="contact.html"/><title value="Contact Us"/><generation value="markdown"/></page><page><sourceUrl value="download.html"/><name value="download.html"/><title value="Download"/><generation value="markdown"/></page><page><sourceUrl value="auth.html"/><name value="auth.html"/><title value="Autentimine"/><generation value="markdown"/></page><page><sourceUrl value="artifacts.html"/><name value="artifacts.html"/><title value="Artifacts Summary"/><generation value="html"/><page><sourceUrl value="OperationDefinition-patient-education.html"/><name value="OperationDefinition-patient-education.html"/><title value="patient-education"/><generation value="generated"/></page><page><sourceUrl value="OperationDefinition-patient-foreigner.html"/><name value="OperationDefinition-patient-foreigner.html"/><title value="patient-foreigner"/><generation value="generated"/></page><page><sourceUrl value="OperationDefinition-patient-generate-mrn.html"/><name value="OperationDefinition-patient-generate-mrn.html"/><title value="patient-generate-mrn"/><generation value="generated"/></page><page><sourceUrl value="OperationDefinition-patient-legal-guardian.html"/><name value="OperationDefinition-patient-legal-guardian.html"/><title value="patient-legal-guardian"/><generation value="generated"/></page><page><sourceUrl value="OperationDefinition-patient-link.html"/><name value="OperationDefinition-patient-link.html"/><title value="patient-link"/><generation value="generated"/></page><page><sourceUrl value="OperationDefinition-patient-lookup.html"/><name value="OperationDefinition-patient-lookup.html"/><title value="patient-lookup"/><generation value="generated"/></page><page><sourceUrl value="OperationDefinition-patient-power-of-attorney.html"/><name value="OperationDefinition-patient-power-of-attorney.html"/><title value="patient-power-of-attorney"/><generation value="generated"/></page><page><sourceUrl value="OperationDefinition-patient-unlink.html"/><name value="OperationDefinition-patient-unlink.html"/><title value="patient-unlink"/><generation value="generated"/></page><page><sourceUrl value="StructureDefinition-ee-mpi-patient.html"/><name value="StructureDefinition-ee-mpi-patient.html"/><title value="EE MPI Patient"/><generation value="generated"/></page><page><sourceUrl value="StructureDefinition-ee-mpi-patient-newborn.html"/><name value="StructureDefinition-ee-mpi-patient-newborn.html"/><title value="EE MPI Patient Newborn"/><generation value="generated"/></page><page><sourceUrl value="StructureDefinition-ee-mpi-patient-stillborn.html"/><name value="StructureDefinition-ee-mpi-patient-stillborn.html"/><title value="EE MPI Patient Stillborn"/><generation value="generated"/></page><page><sourceUrl value="StructureDefinition-ee-mpi-patient-unknown.html"/><name value="StructureDefinition-ee-mpi-patient-unknown.html"/><title value="EE MPI Patient Unknown"/><generation value="generated"/></page><page><sourceUrl value="StructureDefinition-ee-mpi-patient-verified.html"/><name value="StructureDefinition-ee-mpi-patient-verified.html"/><title value="EE MPI Patient Verified"/><generation value="generated"/></page><page><sourceUrl value="StructureDefinition-ee-mpi-socialhistory-disability.html"/><name value="StructureDefinition-ee-mpi-socialhistory-disability.html"/><title value="EE MPI SocialHistory Disability"/><generation value="generated"/></page><page><sourceUrl value="StructureDefinition-ee-mpi-socialhistory-education-level.html"/><name value="StructureDefinition-ee-mpi-socialhistory-education-level.html"/><title value="EE MPI SocialHistory Education Level"/><generation value="generated"/></page><page><sourceUrl value="StructureDefinition-ee-mpi-socialhistory-legal-guardian-status.html"/><name value="StructureDefinition-ee-mpi-socialhistory-legal-guardian-status.html"/><title value="EE MPI SocialHistory Legal Guardian Status"/><generation value="generated"/></page><page><sourceUrl value="StructureDefinition-ee-mpi-socialhistory-legal-status.html"/><name value="StructureDefinition-ee-mpi-socialhistory-legal-status.html"/><title value="EE MPI SocialHistory Legal Status"/><generation value="generated"/></page><page><sourceUrl value="StructureDefinition-ee-mpi-socialhistory-marital-status.html"/><name value="StructureDefinition-ee-mpi-socialhistory-marital-status.html"/><title value="EE MPI SocialHistory Marital Status"/><generation value="generated"/></page><page><sourceUrl value="StructureDefinition-ee-mpi-socialhistory-occupation.html"/><name value="StructureDefinition-ee-mpi-socialhistory-occupation.html"/><title value="EE MPI SocialHistory Occupation"/><generation value="generated"/></page><page><sourceUrl value="StructureDefinition-ee-mpi-socialhistory-power-of-attorney.html"/><name value="StructureDefinition-ee-mpi-socialhistory-power-of-attorney.html"/><title value="EE MPI SocialHistory Power Of Attorney"/><generation value="generated"/></page><page><sourceUrl value="StructureDefinition-ee-mpi-related-person.html"/><name value="StructureDefinition-ee-mpi-related-person.html"/><title value="EE MPI Related Person"/><generation value="generated"/></page><page><sourceUrl value="ValueSet-disability-level.html"/><name value="ValueSet-disability-level.html"/><title value="Disability level"/><generation value="generated"/></page><page><sourceUrl value="ValueSet-education-level.html"/><name value="ValueSet-education-level.html"/><title value="Education Level"/><generation value="generated"/></page><page><sourceUrl value="ValueSet-guardian-status.html"/><name value="ValueSet-guardian-status.html"/><title value="Guardian Status"/><generation value="generated"/></page><page><sourceUrl value="ValueSet-job-type.html"/><name value="ValueSet-job-type.html"/><title value="JobType"/><generation value="generated"/></page><page><sourceUrl value="ValueSet-legal-status.html"/><name value="ValueSet-legal-status.html"/><title value="Legal Status"/><generation value="generated"/></page><page><sourceUrl value="ValueSet-ee-mpi-person-relationship.html"/><name value="ValueSet-ee-mpi-person-relationship.html"/><title value="Person Relationship"/><generation value="generated"/></page><page><sourceUrl value="ValueSet-ee-mpi-person-relationship-class.html"/><name value="ValueSet-ee-mpi-person-relationship-class.html"/><title value="Person Relationship Class"/><generation value="generated"/></page><page><sourceUrl value="ValueSet-power-of-attorney.html"/><name value="ValueSet-power-of-attorney.html"/><title value="PowerOfAttorney Status"/><generation value="generated"/></page><page><sourceUrl value="CodeSystem-disability-level.html"/><name value="CodeSystem-disability-level.html"/><title value="Disability level"/><generation value="generated"/></page><page><sourceUrl value="CodeSystem-education-level.html"/><name value="CodeSystem-education-level.html"/><title value="Education level"/><generation value="generated"/></page><page><sourceUrl value="CodeSystem-legal-status.html"/><name value="CodeSystem-legal-status.html"/><title value="Legal Status"/><generation value="generated"/></page><page><sourceUrl value="CodeSystem-power-of-attorney.html"/><name value="CodeSystem-power-of-attorney.html"/><title value="PowerOfAttorney Status"/><generation value="generated"/></page><page><sourceUrl value="ConceptMap-identity-system-to-oid.html"/><name value="ConceptMap-identity-system-to-oid.html"/><title value="identity-system-to-oid"/><generation value="generated"/></page><page><sourceUrl value="Observation-Disability.html"/><name value="Observation-Disability.html"/><title value="Disability"/><generation value="generated"/></page><page><sourceUrl value="Observation-EducationLevel.html"/><name value="Observation-EducationLevel.html"/><title value="EducationLevel"/><generation value="generated"/></page><page><sourceUrl value="Observation-LegalGuardianStatus.html"/><name value="Observation-LegalGuardianStatus.html"/><title value="LegalGuardianStatus"/><generation value="generated"/></page><page><sourceUrl value="Observation-LegalStatus.html"/><name value="Observation-LegalStatus.html"/><title value="LegalStatus"/><generation value="generated"/></page><page><sourceUrl value="Observation-MaritalStatus.html"/><name value="Observation-MaritalStatus.html"/><title value="MaritalStatus"/><generation value="generated"/></page><page><sourceUrl value="Observation-Occupation.html"/><name value="Observation-Occupation.html"/><title value="Occupation"/><generation value="generated"/></page><page><sourceUrl value="Organization-Org1.html"/><name value="Organization-Org1.html"/><title value="ExampleHospital"/><generation value="generated"/></page><page><sourceUrl value="Observation-PowerOfAttorney.html"/><name value="Observation-PowerOfAttorney.html"/><title value="PowerOfAttorney"/><generation value="generated"/></page><page><sourceUrl value="Patient-pat-newborn.html"/><name value="Patient-pat-newborn.html"/><title value="PatientNewborn"/><generation value="generated"/></page><page><sourceUrl value="Patient-pat-stillborn.html"/><name value="Patient-pat-stillborn.html"/><title value="PatientStillborn"/><generation value="generated"/></page><page><sourceUrl value="Patient-pat-unk.html"/><name value="Patient-pat-unk.html"/><title value="PatientUnknown"/><generation value="generated"/></page><page><sourceUrl value="Patient-pat1.html"/><name value="Patient-pat1.html"/><title value="PatientIgorBossenko"/><generation value="generated"/></page><page><sourceUrl value="Patient-pat2.html"/><name value="Patient-pat2.html"/><title value="PatientJohnDoe"/><generation value="generated"/></page><page><sourceUrl value="RelatedPerson-relpat11.html"/><name value="RelatedPerson-relpat11.html"/><title value="PatientIgorBossenkoSon"/><generation value="generated"/></page><page><sourceUrl value="RelatedPerson-relpat12.html"/><name value="RelatedPerson-relpat12.html"/><title value="PatientIgorBossenkoWife"/><generation value="generated"/></page></page></page><parameter><code><system value="http://hl7.org/fhir/guide-parameter-code"/><code value="path-resource"/></code><value value="input/capabilities"/></parameter><parameter><code><system value="http://hl7.org/fhir/guide-parameter-code"/><code value="path-resource"/></code><value value="input/examples"/></parameter><parameter><code><system value="http://hl7.org/fhir/guide-parameter-code"/><code value="path-resource"/></code><value value="input/extensions"/></parameter><parameter><code><system value="http://hl7.org/fhir/guide-parameter-code"/><code value="path-resource"/></code><value value="input/models"/></parameter><parameter><code><system value="http://hl7.org/fhir/guide-parameter-code"/><code value="path-resource"/></code><value value="input/operations"/></parameter><parameter><code><system value="http://hl7.org/fhir/guide-parameter-code"/><code value="path-resource"/></code><value value="input/profiles"/></parameter><parameter><code><system value="http://hl7.org/fhir/guide-parameter-code"/><code value="path-resource"/></code><value value="input/resources"/></parameter><parameter><code><system value="http://hl7.org/fhir/guide-parameter-code"/><code value="path-resource"/></code><value value="input/vocabulary"/></parameter><parameter><code><system value="http://hl7.org/fhir/guide-parameter-code"/><code value="path-resource"/></code><value value="input/maps"/></parameter><parameter><code><system value="http://hl7.org/fhir/guide-parameter-code"/><code value="path-resource"/></code><value value="input/testing"/></parameter><parameter><code><system value="http://hl7.org/fhir/guide-parameter-code"/><code value="path-resource"/></code><value value="input/history"/></parameter><parameter><code><system value="http://hl7.org/fhir/guide-parameter-code"/><code value="path-resource"/></code><value value="fsh-generated/resources"/></parameter><parameter><code><system value="http://hl7.org/fhir/guide-parameter-code"/><code value="path-pages"/></code><value value="template/config"/></parameter><parameter><code><system value="http://hl7.org/fhir/guide-parameter-code"/><code value="path-pages"/></code><value value="input/images"/></parameter><parameter><code><system value="http://hl7.org/fhir/guide-parameter-code"/><code value="path-tx-cache"/></code><value value="input-cache/txcache"/></parameter><parameter><code><system value="http://hl7.org/fhir/tools/CodeSystem/ig-parameters"/><code value="copyrightyear"/></code><value value="2023+"/></parameter><parameter><code><system value="http://hl7.org/fhir/tools/CodeSystem/ig-parameters"/><code value="releaselabel"/></code><value value="ballot"/></parameter><parameter><code><system value="http://hl7.org/fhir/tools/CodeSystem/ig-parameters"/><code value="autoload-resources"/></code><value value="true"/></parameter><parameter><code><system value="http://hl7.org/fhir/tools/CodeSystem/ig-parameters"/><code value="path-liquid"/></code><value value="template/liquid"/></parameter><parameter><code><system value="http://hl7.org/fhir/tools/CodeSystem/ig-parameters"/><code value="path-liquid"/></code><value value="input/liquid"/></parameter><parameter><code><system value="http://hl7.org/fhir/tools/CodeSystem/ig-parameters"/><code value="path-qa"/></code><value value="temp/qa"/></parameter><parameter><code><system value="http://hl7.org/fhir/tools/CodeSystem/ig-parameters"/><code value="path-temp"/></code><value value="temp/pages"/></parameter><parameter><code><system value="http://hl7.org/fhir/tools/CodeSystem/ig-parameters"/><code value="path-output"/></code><value value="output"/></parameter><parameter><code><system value="http://hl7.org/fhir/tools/CodeSystem/ig-parameters"/><code value="path-suppressed-warnings"/></code><value value="input/ignoreWarnings.txt"/></parameter><parameter><code><system value="http://hl7.org/fhir/tools/CodeSystem/ig-parameters"/><code value="path-history"/></code><value value="https://fhir.ee/history.html"/></parameter><parameter><code><system value="http://hl7.org/fhir/tools/CodeSystem/ig-parameters"/><code value="template-html"/></code><value value="template-page.html"/></parameter><parameter><code><system value="http://hl7.org/fhir/tools/CodeSystem/ig-parameters"/><code value="template-md"/></code><value value="template-page-md.html"/></parameter><parameter><code><system value="http://hl7.org/fhir/tools/CodeSystem/ig-parameters"/><code value="apply-contact"/></code><value value="true"/></parameter><parameter><code><system value="http://hl7.org/fhir/tools/CodeSystem/ig-parameters"/><code value="apply-context"/></code><value value="true"/></parameter><parameter><code><system value="http://hl7.org/fhir/tools/CodeSystem/ig-parameters"/><code value="apply-copyright"/></code><value value="true"/></parameter><parameter><code><system value="http://hl7.org/fhir/tools/CodeSystem/ig-parameters"/><code value="apply-jurisdiction"/></code><value value="true"/></parameter><parameter><code><system value="http://hl7.org/fhir/tools/CodeSystem/ig-parameters"/><code value="apply-license"/></code><value value="true"/></parameter><parameter><code><system value="http://hl7.org/fhir/tools/CodeSystem/ig-parameters"/><code value="apply-publisher"/></code><value value="true"/></parameter><parameter><code><system value="http://hl7.org/fhir/tools/CodeSystem/ig-parameters"/><code value="apply-version"/></code><value value="true"/></parameter><parameter><code><system value="http://hl7.org/fhir/tools/CodeSystem/ig-parameters"/><code value="active-tables"/></code><value value="true"/></parameter><parameter><code><system value="http://hl7.org/fhir/tools/CodeSystem/ig-parameters"/><code value="fmm-definition"/></code><value value="http://hl7.org/fhir/versions.html#maturity"/></parameter><parameter><code><system value="http://hl7.org/fhir/tools/CodeSystem/ig-parameters"/><code value="propagate-status"/></code><value value="true"/></parameter><parameter><code><system value="http://hl7.org/fhir/tools/CodeSystem/ig-parameters"/><code value="excludelogbinaryformat"/></code><value value="true"/></parameter><parameter><code><system value="http://hl7.org/fhir/tools/CodeSystem/ig-parameters"/><code value="tabbed-snapshots"/></code><value value="true"/></parameter><parameter><code><system value="http://hl7.org/fhir/tools/CodeSystem/ig-parameters"/><code value="copyrightyear"/></code><value value="2023+"/></parameter><parameter><code><system value="http://hl7.org/fhir/tools/CodeSystem/ig-parameters"/><code value="releaselabel"/></code><value value="ballot"/></parameter><parameter><code><system value="http://hl7.org/fhir/tools/CodeSystem/ig-parameters"/><code value="autoload-resources"/></code><value value="true"/></parameter><parameter><code><system value="http://hl7.org/fhir/tools/CodeSystem/ig-parameters"/><code value="path-liquid"/></code><value value="template/liquid"/></parameter><parameter><code><system value="http://hl7.org/fhir/tools/CodeSystem/ig-parameters"/><code value="path-liquid"/></code><value value="input/liquid"/></parameter><parameter><code><system value="http://hl7.org/fhir/tools/CodeSystem/ig-parameters"/><code value="path-qa"/></code><value value="temp/qa"/></parameter><parameter><code><system value="http://hl7.org/fhir/tools/CodeSystem/ig-parameters"/><code value="path-temp"/></code><value value="temp/pages"/></parameter><parameter><code><system value="http://hl7.org/fhir/tools/CodeSystem/ig-parameters"/><code value="path-output"/></code><value value="output"/></parameter><parameter><code><system value="http://hl7.org/fhir/tools/CodeSystem/ig-parameters"/><code value="path-suppressed-warnings"/></code><value value="input/ignoreWarnings.txt"/></parameter><parameter><code><system value="http://hl7.org/fhir/tools/CodeSystem/ig-parameters"/><code value="path-history"/></code><value value="https://fhir.ee/history.html"/></parameter><parameter><code><system value="http://hl7.org/fhir/tools/CodeSystem/ig-parameters"/><code value="template-html"/></code><value value="template-page.html"/></parameter><parameter><code><system value="http://hl7.org/fhir/tools/CodeSystem/ig-parameters"/><code value="template-md"/></code><value value="template-page-md.html"/></parameter><parameter><code><system value="http://hl7.org/fhir/tools/CodeSystem/ig-parameters"/><code value="apply-contact"/></code><value value="true"/></parameter><parameter><code><system value="http://hl7.org/fhir/tools/CodeSystem/ig-parameters"/><code value="apply-context"/></code><value value="true"/></parameter><parameter><code><system value="http://hl7.org/fhir/tools/CodeSystem/ig-parameters"/><code value="apply-copyright"/></code><value value="true"/></parameter><parameter><code><system value="http://hl7.org/fhir/tools/CodeSystem/ig-parameters"/><code value="apply-jurisdiction"/></code><value value="true"/></parameter><parameter><code><system value="http://hl7.org/fhir/tools/CodeSystem/ig-parameters"/><code value="apply-license"/></code><value value="true"/></parameter><parameter><code><system value="http://hl7.org/fhir/tools/CodeSystem/ig-parameters"/><code value="apply-publisher"/></code><value value="true"/></parameter><parameter><code><system value="http://hl7.org/fhir/tools/CodeSystem/ig-parameters"/><code value="apply-version"/></code><value value="true"/></parameter><parameter><code><system value="http://hl7.org/fhir/tools/CodeSystem/ig-parameters"/><code value="active-tables"/></code><value value="true"/></parameter><parameter><code><system value="http://hl7.org/fhir/tools/CodeSystem/ig-parameters"/><code value="fmm-definition"/></code><value value="http://hl7.org/fhir/versions.html#maturity"/></parameter><parameter><code><system value="http://hl7.org/fhir/tools/CodeSystem/ig-parameters"/><code value="propagate-status"/></code><value value="true"/></parameter><parameter><code><system value="http://hl7.org/fhir/tools/CodeSystem/ig-parameters"/><code value="excludelogbinaryformat"/></code><value value="true"/></parameter><parameter><code><system value="http://hl7.org/fhir/tools/CodeSystem/ig-parameters"/><code value="tabbed-snapshots"/></code><value value="true"/></parameter></definition></ImplementationGuide>