<?xml version="1.0" encoding="UTF-8"?><OperationDefinition xmlns="http://hl7.org/fhir"><id value="patient-generate-mrn"/><text><status value="extensions"/><div xmlns="http://www.w3.org/1999/xhtml"><p>URL: [base]/Patient/$mrn</p><p>Parameters</p><table class="grid"><tr><td><b>Use</b></td><td><b>Name</b></td><td><b>Scope</b></td><td><b>Cardinality</b></td><td><b>Type</b></td><td><b>Binding</b></td><td><b>Documentation</b></td></tr><tr><td>OUT</td><td>return</td><td/><td>1..1</td><td><a href="http://hl7.org/fhir/R5/datatypes.html#Identifier">Identifier</a></td><td/><td><div><p>Returns text representataion of Medical Record Number.</p>
</div></td></tr></table></div></text><extension url="http://hl7.org/fhir/StructureDefinition/structuredefinition-fmm"><valueInteger value="1"/></extension><extension url="http://hl7.org/fhir/StructureDefinition/structuredefinition-standards-status"><valueCode value="trial-use"/></extension><url value="https://fhir.ee/OperationDefinition/patient-generate-mrn"/><version value="0.2.0"/><name value="EEMPIPatientGenerateMRN"/><title value="Generate Medical Record Number"/><status value="draft"/><kind value="operation"/><experimental value="false"/><date value="2023-03-26T15:21:02+11:00"/><publisher value="TEHIK"/><contact><name value="TEHIK"/><telecom><system value="url"/><value value="https://tehik.ee"/></telecom></contact><description value="Generate the new unique Medical Record Number may be used for unknown/anonymous patient's identification."/><jurisdiction><coding><system value="urn:iso:std:iso:3166"/><code value="EE"/><display value="Estonia"/></coding></jurisdiction><affectsState value="true"/><code value="mrn"/><resource value="Patient"/><system value="false"/><type value="true"/><instance value="false"/><parameter><name value="return"/><use value="out"/><min value="1"/><max value="1"/><documentation value="Returns text representataion of Medical Record Number."/><type value="Identifier"/></parameter></OperationDefinition>