<?xml version="1.0" encoding="UTF-8"?><OperationDefinition xmlns="http://hl7.org/fhir"><id value="patient-power-of-attorney"/><text><status value="extensions"/><div xmlns="http://www.w3.org/1999/xhtml"><p>URL: [base]/Patient/$power-of-attorney</p><p>Parameters</p><table class="grid"><tr><td><b>Use</b></td><td><b>Name</b></td><td><b>Scope</b></td><td><b>Cardinality</b></td><td><b>Type</b></td><td><b>Binding</b></td><td><b>Documentation</b></td></tr><tr><td>IN</td><td>patient</td><td/><td>1..1</td><td><a href="http://hl7.org/fhir/R5/references.html#Reference">Reference</a></td><td/><td><div><p>A direct resource reference to the patient resource.</p>
</div></td></tr><tr><td>IN</td><td>nocache</td><td/><td>0..1</td><td><a href="http://hl7.org/fhir/R5/datatypes.html#boolean">boolean</a></td><td/><td><div><p>Specifies when the operation should ignore the value stored in the cache and should re-request data from the source. By default <em>false</em>.</p>
</div></td></tr><tr><td>OUT</td><td>return</td><td/><td>1..1</td><td><a href="http://hl7.org/fhir/R5/bundle.html">Bundle</a></td><td/><td><div><p>Returns Bundle (with type 'collection') with Observation instances.</p>
</div></td></tr></table></div></text><extension url="http://hl7.org/fhir/StructureDefinition/structuredefinition-fmm"><valueInteger value="1"/></extension><extension url="http://hl7.org/fhir/StructureDefinition/structuredefinition-standards-status"><valueCode value="trial-use"/></extension><url value="https://fhir.ee/OperationDefinition/patient-power-of-attorney"/><version value="0.2.0"/><name value="EEMPIPatientPowerOfAttorneyStatus"/><title value="Patient power of attorneys"/><status value="draft"/><kind value="operation"/><experimental value="false"/><date value="2023-03-26T15:21:02+11:00"/><publisher value="TEHIK"/><contact><name value="TEHIK"/><telecom><system value="url"/><value value="https://tehik.ee"/></telecom></contact><description value="The list of power of attorneys in the Population Register."/><jurisdiction><coding><system value="urn:iso:std:iso:3166"/><code value="EE"/><display value="Estonia"/></coding></jurisdiction><affectsState value="true"/><code value="power-of-attorney"/><resource value="Patient"/><system value="false"/><type value="true"/><instance value="false"/><parameter><name value="patient"/><use value="in"/><min value="1"/><max value="1"/><documentation value="A direct resource reference to the patient resource."/><type value="Reference"/><targetProfile value="http://hl7.org/fhir/StructureDefinition/Patient"/></parameter><parameter><name value="nocache"/><use value="in"/><min value="0"/><max value="1"/><documentation value="Specifies when the operation should ignore the value stored in the cache and should re-request data from the source. By default *false*."/><type value="boolean"/></parameter><parameter><name value="return"/><use value="out"/><min value="1"/><max value="1"/><documentation value="Returns Bundle (with type 'collection') with Observation instances."/><type value="Bundle"/></parameter></OperationDefinition>