<?xml version="1.0" encoding="UTF-8"?><ValueSet xmlns="http://hl7.org/fhir"><id value="disability-level"/><text><status value="generated"/><div xmlns="http://www.w3.org/1999/xhtml"><ul><li>Include all codes defined in <a href="CodeSystem-disability-level.html"><code>https://fhir.ee/CodeSystem/disability-level</code></a></li></ul></div></text><url value="https://fhir.ee/ValueSet/disability-level"/><version value="1.0.0"/><name value="EEMPIDisabilityLevel"/><title value="Disability level"/><status value="active"/><experimental value="false"/><date value="2023-05-30T18:29:05+03:00"/><publisher value="TEHIK"/><contact><name value="TEHIK"/><telecom><system value="url"/><value value="https://tehik.ee"/></telecom></contact><description value="Puude raskusaste"/><jurisdiction><coding><system value="urn:iso:std:iso:3166"/><code value="EE"/><display value="Estonia"/></coding></jurisdiction><compose><include><system value="https://fhir.ee/CodeSystem/disability-level"/></include></compose></ValueSet>