<?xml version="1.0" encoding="UTF-8"?><ValueSet xmlns="http://hl7.org/fhir"><id value="legal-status"/><text><status value="generated"/><div xmlns="http://www.w3.org/1999/xhtml"><ul><li>Include all codes defined in <a href="CodeSystem-legal-status.html"><code>https://fhir.ee/CodeSystem/legal-status</code></a></li></ul></div></text><url value="https://fhir.ee/ValueSet/legal-status"/><version value="1.0.0"/><name value="EEMPILegalStatus"/><title value="Legal Status"/><status value="active"/><experimental value="false"/><date value="2023-05-30T18:29:05+03:00"/><publisher value="TEHIK"/><contact><name value="TEHIK"/><telecom><system value="url"/><value value="https://tehik.ee"/></telecom></contact><description value="Patsiendi teovõime staatus."/><jurisdiction><coding><system value="urn:iso:std:iso:3166"/><code value="EE"/><display value="Estonia"/></coding></jurisdiction><compose><include><system value="https://fhir.ee/CodeSystem/legal-status"/></include></compose></ValueSet>