<?xml version="1.0" encoding="UTF-8"?><ValueSet xmlns="http://hl7.org/fhir"><id value="guardian-status"/><text><status value="generated"/><div xmlns="http://www.w3.org/1999/xhtml"><ul><li>Include these codes as defined in <a href="http://www.snomed.org/"><code>http://snomed.info/sct</code></a><table class="none"><tr><td style="white-space:nowrap"><b>Code</b></td><td><b>Display</b></td><td><b>Estonian (et)</b></td></tr><tr><td><a href="http://snomed.info/id/58626002">58626002</a></td><td>Legal guardian</td><td>Eestkostja</td></tr><tr><td><a href="http://snomed.info/id/365569001">365569001</a></td><td>Finding of wardship</td><td>Eestkostetav</td></tr></table></li></ul></div></text><url value="https://fhir.ee/ValueSet/guardian-status"/><version value="0.2.0"/><name value="EEMPIGuardianStatus"/><title value="Guardian Status"/><status value="active"/><experimental value="true"/><date value="2023-05-30T09:50:45+03:00"/><publisher value="TEHIK"/><contact><name value="TEHIK"/><telecom><system value="url"/><value value="https://tehik.ee"/></telecom></contact><description value="Eeskostja liik"/><jurisdiction><coding><system value="urn:iso:std:iso:3166"/><code value="EE"/><display value="Estonia"/></coding></jurisdiction><copyright value="This value set includes content from SNOMED CT, which is copyright © 2002+ International Health Terminology Standards Development Organisation (IHTSDO), and distributed by agreement between IHTSDO and HL7. Implementer use of SNOMED CT is not covered by this agreement"/><compose><include><system value="http://snomed.info/sct"/><concept><code value="58626002"/><display value="Legal guardian"/><designation><language value="et"/><value value="Eestkostja"/></designation></concept><concept><code value="365569001"/><display value="Finding of wardship"/><designation><language value="et"/><value value="Eestkostetav"/></designation></concept></include></compose></ValueSet>