<?xml version="1.0" encoding="UTF-8"?>

<Patient xmlns="http://hl7.org/fhir">
  <id value="pat1"/>
  <meta>
    <profile value="https://fhir.ee/StructureDefinition/ee-patient"/>
  </meta>
  <text>
    <status value="generated"/><div xmlns="http://www.w3.org/1999/xhtml"><p style="border: 1px #661aff solid; background-color: #e6e6ff; padding: 10px;"><b>Karu Puhh (OFFICIAL)</b> male, DoB: 1973-02-10 ( id: 37302102711)</p><hr/><table class="grid"><tr><td style="background-color: #f3f5da" title="Record is active">Active:</td><td colspan="3">true</td></tr><tr><td style="background-color: #f3f5da" title="Other Ids (see the one above)">Other Id:</td><td colspan="3">id: K0307337 (period: (?) --&gt; 2023-12-28)</td></tr><tr><td style="background-color: #f3f5da" title="Ways to contact the Patient">Contact Detail:</td><td colspan="3">Harju maakond, Tallinn, Lasnamäe linnaosa, Valukoja tn 10(WORK)</td></tr></table></div>
  </text>
  <identifier>
    <system value="https://fhir.ee/sid/pid/est/ni"/>
    <value value="37302102711"/>
  </identifier>
  <identifier>
    <system value="https://fhir.ee/sid/pid/est/ppn"/>
    <value value="K0307337"/>
    <period>
      <end value="2023-12-28"/>
    </period>
    <assigner>
      <display value="Estonian Police and Board Agency"/>
    </assigner>
  </identifier>
  <active value="true"/>
  <name>
    <use value="official"/>
    <family value="Puhh"/>
    <given value="Karu"/>
  </name>
  <gender value="male"/>
  <birthDate value="1973-02-10">
    <extension url="https://fhir.ee/StructureDefinition/ee-date-accuracy-indicator">
      <valueCoding>
        <system value="https://fhir.ee/CodeSystem/ee-date-accuracy-indicator"/>
        <code value="AAA"/>
        <display value="DMY"/>
      </valueCoding>
    </extension>
  </birthDate>
  <address>
    <extension url="https://fhir.ee/StructureDefinition/ee-ads">
      <valueCoding>
        <system value="https://fhir.ee/CodeSystem/ee-ads"/>
        <code value="377840387000004BW00001SLZ00000000"/>
      </valueCoding>
    </extension>
    <use value="work"/>
    <text value="Harju maakond, Tallinn, Lasnamäe linnaosa, Valukoja tn 10"/>
    <city value="Tallinn"/>
    <state value="Harju"/>
    <postalCode value="14215"/>
    <country value="EE"/>
  </address>
</Patient>