<?xml version="1.0" encoding="UTF-8"?>

<ValueSet xmlns="http://hl7.org/fhir">
  <id value="ee-administrative-gender"/>
  <text>
    <status value="extensions"/><div xmlns="http://www.w3.org/1999/xhtml"><ul><li>Include these codes as defined in <a href="http://hl7.org/fhir/R5/codesystem-administrative-gender.html"><code>http://hl7.org/fhir/administrative-gender</code></a><table class="none"><tr><td style="white-space:nowrap"><b>Code</b></td><td><b>Display</b></td><td><b>Definition</b></td><td><b>Estonian (et)</b></td></tr><tr><td><a href="http://hl7.org/fhir/R5/codesystem-administrative-gender.html#administrative-gender-male">male</a></td><td>Male</td><td>Male.</td><td>Mees</td></tr><tr><td><a href="http://hl7.org/fhir/R5/codesystem-administrative-gender.html#administrative-gender-female">female</a></td><td>Female</td><td>Female.</td><td>Naine</td></tr><tr><td><a href="http://hl7.org/fhir/R5/codesystem-administrative-gender.html#administrative-gender-unknown">unknown</a></td><td>Unknown</td><td>Unknown.</td><td>Tundmatu</td></tr></table></li></ul></div>
  </text>
  <url value="https://fhir.ee/ValueSet/ee-administrative-gender"/>
  <version value="0.9.0"/>
  <name value="EEBaseAdministrativeGender"/>
  <title value="Administrative Gender"/>
  <status value="active"/>
  <experimental value="false"/>
  <date value="2023-05-12T10:59:05+00:00"/>
  <publisher value="HL7 Estonia"/>
  <contact>
    <name value="HL7 Estonia"/>
    <telecom>
      <system value="url"/>
      <value value="https://www.hl7.ee"/>
    </telecom>
  </contact>
  <description value="Administrative Gender"/>
  <jurisdiction>
    <coding>
      <system value="urn:iso:std:iso:3166"/>
      <code value="EE"/>
      <display value="Estonia"/>
    </coding>
  </jurisdiction>
  <compose>
    <include>
      <system value="http://hl7.org/fhir/administrative-gender"/>
      <concept>
        <code value="male"/>
        <designation>
          <language value="et"/>
          <value value="Mees"/>
        </designation>
      </concept>
      <concept>
        <code value="female"/>
        <designation>
          <language value="et"/>
          <value value="Naine"/>
        </designation>
      </concept>
      <concept>
        <code value="unknown"/>
        <designation>
          <language value="et"/>
          <value value="Tundmatu"/>
        </designation>
      </concept>
    </include>
  </compose>
</ValueSet>