<?xml version="1.0" encoding="UTF-8"?>

<ValueSet xmlns="http://hl7.org/fhir">
  <id value="ee-organization-type"/>
  <text>
    <status value="extensions"/><div xmlns="http://www.w3.org/1999/xhtml"><ul><li>Include these codes as defined in <a href="http://terminology.hl7.org/5.0.0/CodeSystem-organization-type.html"><code>http://terminology.hl7.org/CodeSystem/organization-type</code></a><table class="none"><tr><td style="white-space:nowrap"><b>Code</b></td><td><b>Display</b></td><td><b>Definition</b></td><td><b>Estonian (et)</b></td></tr><tr><td><a href="http://terminology.hl7.org/5.0.0/CodeSystem-organization-type.html#organization-type-prov">prov</a></td><td>Healthcare Provider</td><td>An organization that provides healthcare services.</td><td>Tervishoiu teenuse osutaja</td></tr><tr><td><a href="http://terminology.hl7.org/5.0.0/CodeSystem-organization-type.html#organization-type-govt">govt</a></td><td>Government</td><td>A political body, often used when including organization records for government bodies such as a Federal Government, State or Local Government.</td><td>Riigiasutus</td></tr><tr><td><a href="http://terminology.hl7.org/5.0.0/CodeSystem-organization-type.html#organization-type-ins">ins</a></td><td>Insurance Company</td><td>A company that provides insurance to its subscribers that may include healthcare related policies.</td><td>Kindlustaja</td></tr><tr><td><a href="http://terminology.hl7.org/5.0.0/CodeSystem-organization-type.html#organization-type-other">other</a></td><td>Other</td><td>Other type of organization not already specified.</td><td>Muu</td></tr></table></li></ul></div>
  </text>
  <url value="https://fhir.ee/ValueSet/ee-organization-type"/>
  <version value="0.9.0"/>
  <name value="EEBaseOrganizationType"/>
  <title value="Organization Types"/>
  <status value="active"/>
  <experimental value="false"/>
  <date value="2023-05-12T10:59:05+00:00"/>
  <publisher value="HL7 Estonia"/>
  <contact>
    <name value="HL7 Estonia"/>
    <telecom>
      <system value="url"/>
      <value value="https://www.hl7.ee"/>
    </telecom>
  </contact>
  <description value="Organization Types"/>
  <jurisdiction>
    <coding>
      <system value="urn:iso:std:iso:3166"/>
      <code value="EE"/>
      <display value="Estonia"/>
    </coding>
  </jurisdiction>
  <compose>
    <include>
      <system value="http://terminology.hl7.org/CodeSystem/organization-type"/>
      <concept>
        <code value="prov"/>
        <designation>
          <language value="et"/>
          <value value="Tervishoiu teenuse osutaja"/>
        </designation>
      </concept>
      <concept>
        <code value="govt"/>
        <designation>
          <language value="et"/>
          <value value="Riigiasutus"/>
        </designation>
      </concept>
      <concept>
        <code value="ins"/>
        <designation>
          <language value="et"/>
          <value value="Kindlustaja"/>
        </designation>
      </concept>
      <concept>
        <code value="other"/>
        <designation>
          <language value="et"/>
          <value value="Muu"/>
        </designation>
      </concept>
    </include>
  </compose>
</ValueSet>